test_row_id,risk_score,risk_group
0,106.65608215332031,Medium
1,132.61167907714844,High
2,131.21287536621094,High
3,134.9954071044922,High
4,103.88766479492188,Medium
5,139.39739990234375,High
6,118.69579315185547,Medium
7,174.5115203857422,High
8,85.4703369140625,Low
9,72.87413787841797,Low
10,110.47473907470703,Medium
11,73.0155258178711,Low
12,159.08445739746094,High
13,72.79193115234375,Low
14,94.11113739013672,Low
15,80.17483520507812,Low
16,63.01863098144531,Low
17,139.8568572998047,High
18,124.38910675048828,Medium
19,90.94014739990234,Low
20,115.15459442138672,Medium
21,80.5662841796875,Low
22,123.37218475341797,Medium
23,113.42804718017578,Medium
24,186.58981323242188,High
25,184.4502410888672,High
26,106.58744812011719,Medium
27,135.26333618164062,High
28,96.7293701171875,Low
29,90.50952911376953,Low
30,116.0587387084961,Medium
31,92.34528350830078,Low
32,130.10366821289062,High
33,103.93981170654297,Medium
34,128.19537353515625,High
35,139.953857421875,High
36,123.08771514892578,Medium
37,103.93843841552734,Medium
38,92.36459350585938,Low
39,132.67552185058594,High
40,113.42515563964844,Medium
41,118.24385070800781,Medium
42,202.93655395507812,High
43,93.7076187133789,Low
44,117.40638732910156,Medium
45,211.39633178710938,High
46,120.65764617919922,Medium
47,97.14620208740234,Low
48,97.68102264404297,Low
49,133.17929077148438,High
50,135.97036743164062,High
51,162.38304138183594,High
52,70.528076171875,Low
53,264.68060302734375,High
54,69.3106689453125,Low
55,124.1902847290039,Medium
56,128.5345458984375,High
57,82.2320327758789,Low
58,127.54432678222656,High
59,108.97178649902344,Medium
60,86.00595092773438,Low
61,120.52265930175781,Medium
62,128.5345458984375,High
63,153.33351135253906,High
64,124.69265747070312,Medium
65,114.1237564086914,Medium
66,157.27293395996094,High
67,141.06649780273438,High
68,139.59889221191406,High
69,82.81973266601562,Low
70,76.98213195800781,Low
71,220.9369659423828,High
72,118.94158172607422,Medium
73,114.45549774169922,Medium
74,105.00845336914062,Medium
75,126.01551055908203,Medium
76,72.557861328125,Low
77,94.615234375,Low
78,85.00892639160156,Low
79,77.55593872070312,Low
80,97.79624938964844,Low
81,123.43555450439453,Medium
82,80.43470764160156,Low
83,154.16700744628906,High
84,142.13900756835938,High
85,83.04507446289062,Low
86,87.60005187988281,Low
87,240.30299377441406,High
88,101.1959457397461,Medium
89,223.6405029296875,High
90,67.94824981689453,Low
91,85.6668472290039,Low
92,183.2873077392578,High
93,117.40638732910156,Medium
94,89.30960845947266,Low
95,111.28042602539062,Medium
96,74.62410736083984,Low
97,90.56916046142578,Low
98,110.80628204345703,Medium
99,228.78892517089844,High
100,139.6496124267578,High
101,127.13179016113281,Medium
102,95.87225341796875,Low
103,114.23872375488281,Medium
104,156.91091918945312,High
105,141.49896240234375,High
106,85.0087661743164,Low
107,94.78096008300781,Low
108,89.68858337402344,Low
109,95.02849578857422,Low
110,85.38379669189453,Low
111,127.14501953125,Medium
112,64.61199951171875,Low
113,144.09518432617188,High
114,86.53850555419922,Low
115,123.05329895019531,Medium
116,137.187255859375,High
117,109.6810302734375,Medium
118,129.76937866210938,High
119,133.40814208984375,High
120,238.8182373046875,High
121,63.03010177612305,Low
122,136.84414672851562,High
123,125.65713500976562,Medium
124,151.47071838378906,High
125,112.45745086669922,Medium
126,114.8884048461914,Medium
127,118.20006561279297,Medium
128,86.06977844238281,Low
129,116.46489715576172,Medium
130,105.7100601196289,Medium
131,121.96891021728516,Medium
132,113.27863311767578,Medium
133,67.73558044433594,Low
134,84.27565002441406,Low
135,132.74163818359375,High
136,78.08314514160156,Low
137,98.21939086914062,Low
138,117.80134582519531,Medium
139,176.9778594970703,High
140,96.45724487304688,Low
141,95.23182678222656,Low
142,87.55912780761719,Low
143,91.38032531738281,Low
144,108.52019500732422,Medium
145,195.029052734375,High
146,132.2599334716797,High
147,80.7913818359375,Low
148,103.98331451416016,Medium
149,79.54521179199219,Low
150,155.86021423339844,High
151,97.60707092285156,Low
152,106.33817291259766,Medium
153,273.10968017578125,High
154,90.49284362792969,Low
155,186.68359375,High
156,117.56330871582031,Medium
157,116.48838806152344,Medium
158,112.58013153076172,Medium
159,83.4193344116211,Low
160,81.3472671508789,Low
161,77.31459045410156,Low
162,240.39476013183594,High
163,127.54432678222656,High
164,104.05859375,Medium
165,125.52507019042969,Medium
166,121.98928833007812,Medium
167,95.59806823730469,Low
168,116.89183807373047,Medium
169,100.47510528564453,Low
170,95.33612060546875,Low
171,227.8327178955078,High
172,131.13514709472656,High
173,75.8462905883789,Low
174,138.9368438720703,High
175,90.42918395996094,Low
176,109.62451934814453,Medium
177,130.37008666992188,High
178,114.37934875488281,Medium
179,113.90047454833984,Medium
180,258.10638427734375,High
181,122.18937683105469,Medium
182,81.05318450927734,Low
183,135.14218139648438,High
184,126.21775817871094,Medium
185,57.618743896484375,Low
186,63.30529022216797,Low
187,76.14350128173828,Low
188,55.80033874511719,Low
189,130.26348876953125,High
190,133.1083221435547,High
191,127.54432678222656,High
192,139.98716735839844,High
193,93.79310607910156,Low
194,94.5182876586914,Low
195,97.7841796875,Low
196,99.0693588256836,Low
197,67.53632354736328,Low
198,95.8952407836914,Low
199,135.92153930664062,High
200,124.63835906982422,Medium
201,106.97564697265625,Medium
202,248.2271728515625,High
203,93.026123046875,Low
204,149.64720153808594,High
205,87.47206115722656,Low
206,88.72863006591797,Low
207,115.04393768310547,Medium
208,86.09427642822266,Low
209,115.57525634765625,Medium
210,97.07279205322266,Low
211,103.17988586425781,Medium
212,78.18462371826172,Low
213,62.60274124145508,Low
214,92.59347534179688,Low
215,137.37844848632812,High
216,120.65764617919922,Medium
217,117.68426513671875,Medium
218,122.91676330566406,Medium
219,136.5420379638672,High
220,119.56998443603516,Medium
221,87.28236389160156,Low
222,113.15826416015625,Medium
223,123.38301086425781,Medium
224,129.3126983642578,High
225,86.7623519897461,Low
226,117.40638732910156,Medium
227,113.58106994628906,Medium
228,127.14501953125,Medium
229,136.31419372558594,High
230,76.13668060302734,Low
231,121.53225708007812,Medium
232,123.59263610839844,Medium
233,93.36974334716797,Low
234,123.59724426269531,Medium
235,152.02813720703125,High
236,99.82447814941406,Low
237,83.1221694946289,Low
238,73.93053436279297,Low
239,115.24554443359375,Medium
240,56.953372955322266,Low
241,134.47206115722656,High
242,140.84214782714844,High
243,131.47903442382812,High
244,64.42819213867188,Low
245,140.80560302734375,High
246,142.84764099121094,High
247,122.90545654296875,Medium
248,133.9895782470703,High
249,81.29338836669922,Low
250,158.24679565429688,High
251,100.2252197265625,Low
252,90.16548156738281,Low
253,96.68274688720703,Low
254,129.6181182861328,High
255,83.77860260009766,Low
256,182.33511352539062,High
257,134.01742553710938,High
258,110.51048278808594,Medium
259,72.09917449951172,Low
260,144.80967712402344,High
261,122.19033813476562,Medium
262,69.04659271240234,Low
263,92.82019805908203,Low
264,64.25116729736328,Low
265,127.54432678222656,High
266,87.11627197265625,Low
267,125.86933898925781,Medium
268,149.01193237304688,High
269,121.65361785888672,Medium
270,77.2302474975586,Low
271,225.95977783203125,High
272,89.23868560791016,Low
273,123.0811538696289,Medium
274,132.92323303222656,High
275,111.60272216796875,Medium
276,92.63812255859375,Low
277,108.20855712890625,Medium
278,188.52566528320312,High
279,117.02227020263672,Medium
280,167.17507934570312,High
281,118.1796875,Medium
282,85.36365509033203,Low
283,112.30987548828125,Medium
284,108.65789031982422,Medium
285,142.00135803222656,High
286,95.86002349853516,Low
287,180.33155822753906,High
288,122.30564880371094,Medium
289,119.82704162597656,Medium
290,126.4325180053711,Medium
291,123.90325164794922,Medium
292,116.72639465332031,Medium
293,86.37101745605469,Low
294,111.55472564697266,Medium
295,95.35846710205078,Low
296,95.95105743408203,Low
297,142.0485076904297,High
298,88.14999389648438,Low
299,120.9719009399414,Medium
300,71.35005187988281,Low
301,133.7513427734375,High
302,83.25186157226562,Low
303,85.24325561523438,Low
304,80.74832153320312,Low
305,110.45911407470703,Medium
306,210.50587463378906,High
307,84.21632385253906,Low
308,132.29843139648438,High
309,111.18054962158203,Medium
310,93.70603942871094,Low
311,125.05677032470703,Medium
312,156.2867889404297,High
313,113.49730682373047,Medium
314,70.52033996582031,Low
315,122.2627944946289,Medium
316,137.58421325683594,High
317,100.37371063232422,Low
318,148.21014404296875,High
319,136.0414581298828,High
320,110.86602020263672,Medium
321,92.78276062011719,Low
322,128.26670837402344,High
323,148.4013671875,High
324,137.4150390625,High
325,101.62163543701172,Medium
326,109.22917938232422,Medium
327,100.70761108398438,Medium
328,110.18675231933594,Medium
329,293.3790283203125,High
330,74.44501495361328,Low
331,328.7259826660156,High
332,92.7926254272461,Low
333,128.87615966796875,High
334,89.20214080810547,Low
335,92.75719451904297,Low
336,120.39007568359375,Medium
337,89.0577163696289,Low
338,129.7128448486328,High
339,113.19075012207031,Medium
340,156.5608673095703,High
341,124.62394714355469,Medium
342,96.33329010009766,Low
343,120.95738983154297,Medium
344,82.60794067382812,Low
345,135.1573028564453,High
346,58.31435775756836,Low
347,133.40814208984375,High
348,81.71770477294922,Low
349,112.96504974365234,Medium
350,145.12318420410156,High
351,129.16049194335938,High
352,134.04324340820312,High
353,140.25633239746094,High
354,84.11668395996094,Low
355,116.85612487792969,Medium
356,78.92512512207031,Low
357,114.81536102294922,Medium
358,135.99375915527344,High
359,74.99246978759766,Low
360,98.56375885009766,Low
361,122.21551513671875,Medium
362,88.43126678466797,Low
363,129.4561767578125,High
364,74.56653594970703,Low
365,103.10196685791016,Medium
366,143.29013061523438,High
367,158.21168518066406,High
368,134.15115356445312,High
369,96.0019760131836,Low
370,150.2224884033203,High
371,132.2689666748047,High
372,81.08837890625,Low
373,169.56101989746094,High
374,119.34676361083984,Medium
375,120.66056823730469,Medium
376,104.96395874023438,Medium
377,116.50817108154297,Medium
378,178.45217895507812,High
379,89.2553482055664,Low
380,82.99260711669922,Low
381,177.55136108398438,High
382,165.85635375976562,High
383,113.66195678710938,Medium
384,135.26573181152344,High
385,92.87196350097656,Low
386,153.77325439453125,High
387,128.13479614257812,High
388,94.08501434326172,Low
389,139.94845581054688,High
390,98.81127166748047,Low
391,88.0351791381836,Low
392,113.42061614990234,Medium
393,86.47827911376953,Low
394,121.41169738769531,Medium
395,177.08775329589844,High
396,128.84413146972656,High
397,271.7996826171875,High
398,91.9608383178711,Low
399,93.4974594116211,Low
400,101.3511734008789,Medium
401,110.42936706542969,Medium
402,99.47685241699219,Low
403,191.5033721923828,High
404,117.40638732910156,Medium
405,74.19136047363281,Low
406,82.82333374023438,Low
407,80.28092956542969,Low
408,59.32340621948242,Low
409,106.00386810302734,Medium
410,112.81571960449219,Medium
411,96.55056762695312,Low
412,123.7579574584961,Medium
413,123.43370819091797,Medium
414,108.57988739013672,Medium
415,102.99171447753906,Medium
416,110.49019622802734,Medium
417,115.68916320800781,Medium
418,79.01714324951172,Low
419,82.4898681640625,Low
420,86.77235412597656,Low
421,103.39985656738281,Medium
422,114.40819549560547,Medium
423,104.9292221069336,Medium
424,191.4523162841797,High
425,76.0407943725586,Low
426,130.0567169189453,High
427,86.84880065917969,Low
428,148.70828247070312,High
429,143.6813507080078,High
430,81.43389892578125,Low
431,127.39215850830078,High
432,132.14344787597656,High
433,123.69171142578125,Medium
434,114.19019317626953,Medium
435,121.91654205322266,Medium
436,137.88160705566406,High
437,149.49209594726562,High
438,155.28082275390625,High
439,100.8307876586914,Medium
440,121.2646255493164,Medium
441,250.88037109375,High
442,148.4013671875,High
443,129.7927703857422,High
444,64.16059112548828,Low
445,95.09255981445312,Low
446,110.82819366455078,Medium
447,109.11470031738281,Medium
448,86.71135711669922,Low
449,160.14918518066406,High
450,94.59251403808594,Low
451,114.4967041015625,Medium
452,176.03225708007812,High
453,84.08458709716797,Low
454,78.90071868896484,Low
455,135.97036743164062,High
456,86.9118881225586,Low
457,115.89398956298828,Medium
458,111.16149139404297,Medium
459,116.46489715576172,Medium
460,130.33692932128906,High
461,96.58168029785156,Low
462,185.8502197265625,High
463,90.46271514892578,Low
464,71.12557220458984,Low
465,121.57318878173828,Medium
466,80.53473663330078,Low
467,94.42537689208984,Low
468,177.0919647216797,High
469,160.67333984375,High
470,221.22438049316406,High
471,72.72132873535156,Low
472,90.3845443725586,Low
473,126.22819519042969,Medium
474,120.71797943115234,Medium
475,118.26966857910156,Medium
476,71.61151885986328,Low
477,69.03709411621094,Low
478,72.7971420288086,Low
479,142.9434814453125,High
480,117.7527847290039,Medium
481,116.55443572998047,Medium
482,124.58818817138672,Medium
483,114.3008041381836,Medium
484,122.05070495605469,Medium
485,191.89630126953125,High
486,98.80878448486328,Low
487,67.90135955810547,Low
488,98.85086059570312,Low
489,84.872314453125,Low
490,142.47291564941406,High
491,189.75132751464844,High
492,122.23118591308594,Medium
493,70.93717956542969,Low
494,91.52044677734375,Low
495,142.90005493164062,High
496,111.58422088623047,Medium
497,145.31723022460938,High
498,131.66159057617188,High
499,118.70694732666016,Medium
500,137.22525024414062,High
501,63.021331787109375,Low
502,116.48027038574219,Medium
503,126.51197814941406,Medium
504,116.39949035644531,Medium
505,164.81192016601562,High
506,93.1182861328125,Low
507,97.4507827758789,Low
508,73.53004455566406,Low
509,61.905948638916016,Low
510,173.5971221923828,High
511,98.40234375,Low
512,109.60186767578125,Medium
513,151.64541625976562,High
514,90.5058822631836,Low
515,87.8194808959961,Low
516,103.32661437988281,Medium
517,128.7008056640625,High
518,126.4880142211914,Medium
519,77.76260375976562,Low
520,131.52114868164062,High
521,93.880615234375,Low
522,109.13545989990234,Medium
523,103.68950653076172,Medium
524,101.51790618896484,Medium
525,121.29717254638672,Medium
526,89.5798568725586,Low
527,54.97736358642578,Low
528,119.4902572631836,Medium
529,238.2865447998047,High
530,145.6608123779297,High
531,158.76364135742188,High
532,121.0986328125,Medium
533,118.24405670166016,Medium
534,98.17598724365234,Low
535,160.23951721191406,High
536,99.17568969726562,Low
537,87.80545806884766,Low
538,135.55462646484375,High
539,118.71429443359375,Medium
540,96.08417510986328,Low
541,114.8134765625,Medium
542,144.24366760253906,High
543,101.12189483642578,Medium
544,101.80088806152344,Medium
545,132.11097717285156,High
546,120.07630157470703,Medium
547,67.61309051513672,Low
548,95.69544982910156,Low
549,74.82594299316406,Low
550,119.82109069824219,Medium
551,91.87340545654297,Low
552,70.73165893554688,Low
553,76.7787857055664,Low
554,111.11488342285156,Medium
555,137.42283630371094,High
556,107.64378356933594,Medium
557,93.75426483154297,Low
558,201.2061767578125,High
559,133.874267578125,High
560,186.44786071777344,High
561,117.40638732910156,Medium
562,106.00520324707031,Medium
563,117.40638732910156,Medium
564,120.87149047851562,Medium
565,84.25321197509766,Low
566,153.2462615966797,High
567,122.7453384399414,Medium
568,100.67562866210938,Medium
569,99.95333862304688,Low
570,137.245361328125,High
571,206.3042755126953,High
572,133.21388244628906,High
573,76.55428314208984,Low
574,77.81119537353516,Low
575,82.93275451660156,Low
576,205.7519989013672,High
577,211.62661743164062,High
578,98.30327606201172,Low
579,130.8571014404297,High
580,264.0057373046875,High
581,128.63182067871094,High
582,133.21388244628906,High
583,79.99751281738281,Low
584,221.57302856445312,High
585,78.45374298095703,Low
586,69.10029602050781,Low
587,156.67893981933594,High
588,86.66397094726562,Low
589,108.2741470336914,Medium
590,128.19537353515625,High
591,101.53054809570312,Medium
592,219.91012573242188,High
593,144.12181091308594,High
594,175.2856903076172,High
595,53.46721649169922,Low
596,66.70934295654297,Low
597,129.68344116210938,High
598,119.09501647949219,Medium
599,122.43407440185547,Medium
600,142.94955444335938,High
601,147.81800842285156,High
602,118.92778778076172,Medium
603,66.56973266601562,Low
604,98.697998046875,Low
605,126.34013366699219,Medium
606,94.12577056884766,Low
607,85.86830139160156,Low
608,122.35245513916016,Medium
609,101.86357879638672,Medium
610,106.33697509765625,Medium
611,135.01461791992188,High
612,85.88159942626953,Low
613,91.51411437988281,Low
614,105.56327056884766,Medium
615,124.01520538330078,Medium
616,169.3723602294922,High
617,79.13824462890625,Low
618,87.20571899414062,Low
619,142.15354919433594,High
620,240.52862548828125,High
621,109.59562683105469,Medium
622,72.89193725585938,Low
623,114.35548400878906,Medium
624,94.03668212890625,Low
625,228.75274658203125,High
626,129.70382690429688,High
627,141.80764770507812,High
628,96.0967025756836,Low
629,139.82044982910156,High
630,91.52590942382812,Low
631,113.3951416015625,Medium
632,119.47782897949219,Medium
633,80.00505828857422,Low
634,125.5040512084961,Medium
635,86.18704986572266,Low
636,152.18878173828125,High
637,132.1751251220703,High
638,127.51973724365234,High
639,109.49151611328125,Medium
640,68.1318588256836,Low
641,100.11720275878906,Low
642,103.50466918945312,Medium
643,160.1076202392578,High
644,86.1373519897461,Low
645,105.80840301513672,Medium
646,102.85308074951172,Medium
647,151.7499237060547,High
648,80.31475830078125,Low
649,155.94393920898438,High
650,65.66297149658203,Low
651,117.65632629394531,Medium
652,123.04360961914062,Medium
653,114.84053802490234,Medium
654,112.2754135131836,Medium
655,118.93820190429688,Medium
656,62.42836380004883,Low
657,100.61253356933594,Medium
658,123.90325164794922,Medium
659,106.4035415649414,Medium
660,139.4829559326172,High
661,112.96504974365234,Medium
662,115.8120346069336,Medium
663,83.3357925415039,Low
664,161.75521850585938,High
665,78.17745971679688,Low
666,117.89096069335938,Medium
667,105.3215103149414,Medium
668,78.12293243408203,Low
669,136.05763244628906,High
670,113.84611511230469,Medium
671,253.95248413085938,High
672,114.2109375,Medium
673,142.7458953857422,High
674,126.22819519042969,Medium
675,231.47593688964844,High
676,116.62313079833984,Medium
677,129.0068359375,High
678,88.34427642822266,Low
679,64.88262939453125,Low
680,155.87625122070312,High
681,140.0145721435547,High
682,107.57966613769531,Medium
683,227.79522705078125,High
684,96.80789184570312,Low
685,88.23735046386719,Low
686,104.14976501464844,Medium
687,134.16172790527344,High
688,94.61956787109375,Low
689,128.7720947265625,High
690,137.54551696777344,High
691,180.58314514160156,High
692,128.63182067871094,High
693,82.46873474121094,Low
694,112.96504974365234,Medium
695,121.88056182861328,Medium
696,109.15325927734375,Medium
697,92.4352035522461,Low
698,132.91632080078125,High
699,131.68399047851562,High
700,81.37859344482422,Low
701,89.97843933105469,Low
702,128.84376525878906,High
703,188.6996612548828,High
704,158.3213653564453,High
705,81.97116088867188,Low
706,168.26243591308594,High
707,94.65727996826172,Low
708,88.43340301513672,Low
709,104.42301177978516,Medium
710,137.27227783203125,High
711,86.73922729492188,Low
712,158.90310668945312,High
713,299.5596008300781,High
714,95.57449340820312,Low
715,116.46489715576172,Medium
716,79.34680938720703,Low
717,105.56773376464844,Medium
718,123.1095199584961,Medium
719,120.9984359741211,Medium
720,149.4210662841797,High
721,101.63423919677734,Medium
722,94.47476196289062,Low
723,158.78721618652344,High
724,99.81153106689453,Low
725,126.29751586914062,Medium
726,113.70673370361328,Medium
727,134.9954071044922,High
728,132.84230041503906,High
729,85.46784973144531,Low
730,93.18492126464844,Low
731,74.67755889892578,Low
732,106.68069458007812,Medium
733,124.95823669433594,Medium
734,125.64643859863281,Medium
735,93.40595245361328,Low
736,87.40617370605469,Low
737,136.61819458007812,High
738,72.27132415771484,Low
739,103.60993957519531,Medium
740,147.5436553955078,High
741,117.48916625976562,Medium
742,118.62586212158203,Medium
743,114.69778442382812,Medium
744,91.88116455078125,Low
745,112.1430435180664,Medium
746,239.32061767578125,High
747,118.67061614990234,Medium
748,82.05590057373047,Low
749,108.88135528564453,Medium
750,100.07959747314453,Low
751,113.5719223022461,Medium
752,136.26266479492188,High
753,80.60253143310547,Low
754,201.83238220214844,High
755,130.3810577392578,High
756,144.84848022460938,High
757,92.247802734375,Low
758,131.50868225097656,High
759,127.95867156982422,High
760,136.97691345214844,High
761,74.65336608886719,Low
762,73.64904022216797,Low
763,136.2002410888672,High
764,193.3950958251953,High
765,120.36552429199219,Medium
766,138.58106994628906,High
767,60.92660140991211,Low
768,125.02473449707031,Medium
769,105.22025299072266,Medium
770,82.1444320678711,Low
771,165.15170288085938,High
772,73.65543365478516,Low
773,63.506832122802734,Low
774,242.16412353515625,High
775,223.9811248779297,High
776,108.52019500732422,Medium
777,61.99872589111328,Low
778,76.5833969116211,Low
779,111.30085754394531,Medium
780,81.91702270507812,Low
781,84.50028991699219,Low
782,107.89137268066406,Medium
783,77.67867279052734,Low
784,112.10545349121094,Medium
785,102.65833282470703,Medium
786,95.96977233886719,Low
787,79.08600616455078,Low
788,74.51777648925781,Low
789,155.69471740722656,High
790,291.2342834472656,High
791,123.55207061767578,Medium
792,106.05581665039062,Medium
793,80.77556610107422,Low
794,109.81025695800781,Medium
795,77.2090072631836,Low
796,128.1300048828125,High
797,128.0569305419922,High
798,190.54783630371094,High
799,234.88583374023438,High
800,96.35929870605469,Low
801,123.13314056396484,Medium
802,122.836669921875,Medium
803,122.56083679199219,Medium
804,118.23190307617188,Medium
805,125.6478042602539,Medium
806,146.71495056152344,High
807,123.2439193725586,Medium
808,117.40233612060547,Medium
809,79.15743255615234,Low
810,101.15852355957031,Medium
811,76.49263000488281,Low
812,130.10653686523438,High
813,123.70535278320312,Medium
814,180.9239044189453,High
815,111.534423828125,Medium
816,88.35547637939453,Low
817,268.2128601074219,High
818,141.43084716796875,High
819,112.31336975097656,Medium
820,109.28919219970703,Medium
821,96.64667510986328,Low
822,133.1814727783203,High
823,162.3132781982422,High
824,101.71073913574219,Medium
825,107.8920669555664,Medium
826,133.40814208984375,High
827,79.57157897949219,Low
828,100.11605834960938,Low
829,133.9895782470703,High
830,74.63160705566406,Low
831,150.1794891357422,High
832,206.9962615966797,High
833,85.8431396484375,Low
834,100.37873077392578,Low
835,225.20755004882812,High
836,130.7349853515625,High
837,122.5797119140625,Medium
838,154.02760314941406,High
839,193.6420440673828,High
840,108.92870330810547,Medium
841,91.98094177246094,Low
842,188.34588623046875,High
843,74.93633270263672,Low
844,129.2714385986328,High
845,141.3238067626953,High
846,67.05961608886719,Low
847,54.66183090209961,Low
848,115.8375244140625,Medium
849,94.07367706298828,Low
850,130.0919189453125,High
851,122.40564727783203,Medium
852,139.4829559326172,High
853,92.50778198242188,Low
854,128.93035888671875,High
855,80.32891845703125,Low
856,82.96459197998047,Low
857,165.47210693359375,High
858,48.71321105957031,Low
859,89.0590591430664,Low
860,115.61840057373047,Medium
861,64.80923461914062,Low
862,117.36186218261719,Medium
863,117.44898223876953,Medium
864,102.10916137695312,Medium
865,86.23016357421875,Low
866,126.34013366699219,Medium
867,94.26280975341797,Low
868,130.25070190429688,High
869,57.190948486328125,Low
870,127.44461822509766,High
871,124.83467102050781,Medium
872,136.2202606201172,High
873,69.0219955444336,Low
874,102.58694458007812,Medium
875,88.53121948242188,Low
876,89.46206665039062,Low
877,108.6911849975586,Medium
878,145.69815063476562,High
879,152.15235900878906,High
880,149.33346557617188,High
881,120.83856964111328,Medium
882,199.0371551513672,High
883,97.02655029296875,Low
884,108.0599594116211,Medium
885,130.56988525390625,High
886,262.45574951171875,High
887,70.80154418945312,Low
888,81.9088363647461,Low
889,105.12226867675781,Medium
890,228.96327209472656,High
891,94.66407775878906,Low
892,132.80467224121094,High
893,101.42474365234375,Medium
894,103.74342346191406,Medium
895,92.57818603515625,Low
896,99.13011169433594,Low
897,134.15115356445312,High
898,117.68177795410156,Medium
899,92.99320983886719,Low
900,117.40638732910156,Medium
901,95.21173095703125,Low
902,88.9058609008789,Low
903,97.3287124633789,Low
904,125.11491394042969,Medium
905,98.14134216308594,Low
906,100.45053100585938,Low
907,104.8669662475586,Medium
908,123.90325164794922,Medium
909,136.48655700683594,High
910,92.59445190429688,Low
911,121.895263671875,Medium
912,84.0584487915039,Low
913,114.72872924804688,Medium
914,74.35272979736328,Low
915,76.04293823242188,Low
916,128.20896911621094,High
917,87.375,Low
918,114.60863494873047,Medium
919,99.80332946777344,Low
920,132.98309326171875,High
921,79.18697357177734,Low
922,252.3780517578125,High
923,170.20831298828125,High
924,118.37799072265625,Medium
925,124.220947265625,Medium
926,95.59056854248047,Low
927,158.099853515625,High
928,135.97036743164062,High
929,82.45787811279297,Low
930,117.33393859863281,Medium
931,141.42503356933594,High
932,89.057861328125,Low
933,114.66241455078125,Medium
934,105.31436920166016,Medium
935,116.84124755859375,Medium
936,107.23152923583984,Medium
937,110.34226989746094,Medium
938,146.01806640625,High
939,77.73784637451172,Low
940,129.9842529296875,High
941,75.02400970458984,Low
942,141.92825317382812,High
943,136.61819458007812,High
944,110.847412109375,Medium
945,118.4393539428711,Medium
946,267.1939697265625,High
947,80.41572570800781,Low
948,153.54867553710938,High
949,115.28282165527344,Medium
950,127.03819274902344,Medium
951,122.15596008300781,Medium
952,190.67520141601562,High
953,101.51935577392578,Medium
954,135.7458953857422,High
955,93.78087615966797,Low
956,76.19662475585938,Low
957,189.7948455810547,High
958,124.15300750732422,Medium
959,107.33211517333984,Medium
960,112.59961700439453,Medium
961,129.91082763671875,High
962,133.40814208984375,High
963,121.93073272705078,Medium
964,126.27354431152344,Medium
965,124.25626373291016,Medium
966,69.8408432006836,Low
967,121.73773193359375,Medium
968,176.0204315185547,High
969,129.3655242919922,High
970,78.09873962402344,Low
971,145.9406280517578,High
972,96.58168029785156,Low
973,103.62092590332031,Medium
974,118.40846252441406,Medium
975,125.46672058105469,Medium
976,96.5967025756836,Low
977,159.58639526367188,High
978,112.50830078125,Medium
979,139.7139129638672,High
980,94.20591735839844,Low
981,130.0966796875,High
982,126.12211608886719,Medium
983,105.55232238769531,Medium
984,84.62972259521484,Low
985,98.27840423583984,Low
986,180.6341552734375,High
987,108.13191223144531,Medium
988,123.44107818603516,Medium
989,133.1814727783203,High
990,280.7658386230469,High
991,98.47776794433594,Low
992,85.4072265625,Low
993,129.70382690429688,High
994,117.40638732910156,Medium
995,81.44434356689453,Low
996,86.86758422851562,Low
997,61.01020431518555,Low
998,104.1829605102539,Medium
999,112.36981201171875,Medium
1000,92.0719223022461,Low
1001,97.02987670898438,Low
1002,130.0679473876953,High
1003,95.43085479736328,Low
1004,91.41697692871094,Low
1005,134.9954071044922,High
1006,116.34952545166016,Medium
1007,129.70382690429688,High
1008,149.99478149414062,High
1009,138.5432586669922,High
1010,108.55521392822266,Medium
1011,116.46489715576172,Medium
1012,100.37786102294922,Low
1013,76.7659683227539,Low
1014,315.2452392578125,High
1015,109.42449188232422,Medium
1016,62.12941360473633,Low
1017,136.52276611328125,High
1018,75.38462829589844,Low
1019,307.0155944824219,High
1020,84.24809265136719,Low
1021,100.71469116210938,Medium
1022,116.71353149414062,Medium
1023,109.22742462158203,Medium
1024,112.8734359741211,Medium
1025,90.19710540771484,Low
1026,108.99755859375,Medium
1027,79.19568634033203,Low
1028,107.08348083496094,Medium
1029,110.34122467041016,Medium
1030,120.6648178100586,Medium
1031,108.83197784423828,Medium
1032,150.5828094482422,High
1033,127.54432678222656,High
1034,208.1324005126953,High
1035,113.03055572509766,Medium
1036,117.40638732910156,Medium
1037,124.98735809326172,Medium
1038,117.40638732910156,Medium
1039,113.99755096435547,Medium
1040,91.48246765136719,Low
1041,122.2978286743164,Medium
1042,62.03307342529297,Low
1043,131.56710815429688,High
1044,183.66171264648438,High
1045,128.07667541503906,High
1046,92.26966094970703,Low
1047,136.6726531982422,High
1048,101.63313293457031,Medium
1049,77.61048126220703,Low
1050,84.77558135986328,Low
1051,103.08041381835938,Medium
1052,110.84112548828125,Medium
1053,164.90953063964844,High
1054,80.2337417602539,Low
1055,106.8883056640625,Medium
1056,134.86151123046875,High
1057,115.98846435546875,Medium
1058,210.91094970703125,High
1059,63.25912094116211,Low
1060,57.64352798461914,Low
1061,126.34013366699219,Medium
1062,128.08546447753906,High
1063,133.63186645507812,High
1064,129.30645751953125,High
1065,63.25912094116211,Low
1066,101.7727279663086,Medium
1067,119.4466552734375,Medium
1068,90.23728942871094,Low
1069,96.97247314453125,Low
1070,89.13570404052734,Low
1071,117.64525604248047,Medium
1072,132.3664093017578,High
1073,88.29218292236328,Low
1074,164.89862060546875,High
1075,115.60350799560547,Medium
1076,101.57698822021484,Medium
1077,96.02166748046875,Low
1078,118.70681762695312,Medium
1079,125.91695404052734,Medium
1080,114.73725128173828,Medium
1081,76.73059844970703,Low
1082,88.43049621582031,Low
1083,119.80968475341797,Medium
1084,126.20748138427734,Medium
1085,155.94393920898438,High
1086,183.8151092529297,High
1087,90.22321319580078,Low
1088,101.34043884277344,Medium
1089,83.40055084228516,Low
1090,54.281761169433594,Low
1091,138.43328857421875,High
1092,110.72579956054688,Medium
1093,128.5345458984375,High
1094,109.87738037109375,Medium
1095,90.54126739501953,Low
1096,99.8695068359375,Low
1097,123.87129974365234,Medium
1098,104.50347900390625,Medium
1099,94.38143157958984,Low
1100,51.195533752441406,Low
1101,96.09550476074219,Low
1102,133.9895782470703,High
1103,129.70382690429688,High
1104,84.46324920654297,Low
1105,125.65754699707031,Medium
1106,70.47996520996094,Low
1107,180.37750244140625,High
1108,110.85917663574219,Medium
1109,94.37164306640625,Low
1110,95.26798248291016,Low
1111,117.9384536743164,Medium
1112,82.69371032714844,Low
1113,117.32341003417969,Medium
1114,109.70037841796875,Medium
1115,125.64411163330078,Medium
1116,137.08016967773438,High
1117,94.8005142211914,Low
1118,228.57009887695312,High
1119,129.9738311767578,High
1120,229.0168914794922,High
1121,86.28190612792969,Low
1122,149.60833740234375,High
1123,149.39096069335938,High
1124,131.3518829345703,High
1125,123.31477355957031,Medium
1126,82.2320327758789,Low
1127,118.32721710205078,Medium
1128,122.49681854248047,Medium
1129,128.6999969482422,High
1130,91.66524505615234,Low
1131,142.38934326171875,High
1132,147.19454956054688,High
1133,121.50150299072266,Medium
1134,226.84197998046875,High
1135,111.89069366455078,Medium
1136,90.03321838378906,Low
1137,160.73602294921875,High
1138,134.8194580078125,High
1139,85.47486877441406,Low
1140,199.0371551513672,High
1141,95.98544311523438,Low
1142,92.31854248046875,Low
1143,149.58489990234375,High
1144,83.60088348388672,Low
1145,98.54182434082031,Low
1146,89.47144317626953,Low
1147,127.83151245117188,High
1148,88.1785659790039,Low
1149,91.76300811767578,Low
1150,143.23788452148438,High
1151,115.7984390258789,Medium
1152,156.98011779785156,High
1153,197.8196563720703,High
1154,92.09508514404297,Low
1155,98.35264587402344,Low
1156,158.94505310058594,High
1157,159.5402374267578,High
1158,102.7176742553711,Medium
1159,130.26132202148438,High
1160,159.87686157226562,High
1161,124.80611419677734,Medium
1162,166.27471923828125,High
1163,91.86359405517578,Low
1164,133.5637969970703,High
1165,128.95822143554688,High
1166,81.11701965332031,Low
1167,122.8436508178711,Medium
1168,95.95203399658203,Low
1169,57.147377014160156,Low
1170,73.12783813476562,Low
1171,116.84314727783203,Medium
1172,128.47251892089844,High
1173,132.67552185058594,High
1174,133.7092742919922,High
1175,119.46503448486328,Medium
1176,137.966064453125,High
1177,117.40638732910156,Medium
1178,80.96683502197266,Low
1179,111.56946563720703,Medium
1180,108.31204223632812,Medium
1181,137.01918029785156,High
1182,133.40814208984375,High
1183,161.38963317871094,High
1184,126.31315612792969,Medium
1185,132.2599334716797,High
1186,76.57010650634766,Low
1187,146.98484802246094,High
1188,102.41604614257812,Medium
1189,95.40523529052734,Low
1190,118.81590270996094,Medium
1191,150.9837646484375,High
1192,97.03645324707031,Low
1193,118.79792785644531,Medium
1194,102.67623901367188,Medium
1195,108.99755859375,Medium
1196,117.23372650146484,Medium
1197,103.5842514038086,Medium
1198,84.96693420410156,Low
1199,158.8944854736328,High
1200,113.96822357177734,Medium
1201,102.53840637207031,Medium
1202,84.47924041748047,Low
1203,107.7997055053711,Medium
1204,113.07401275634766,Medium
1205,99.03216552734375,Low
1206,94.56355285644531,Low
1207,123.58678436279297,Medium
1208,134.3161163330078,High
1209,88.16053771972656,Low
1210,104.74880981445312,Medium
1211,144.39349365234375,High
1212,92.78929901123047,Low
1213,130.3259735107422,High
1214,116.79974365234375,Medium
1215,99.33078002929688,Low
1216,172.08424377441406,High
1217,121.53225708007812,Medium
1218,93.69989013671875,Low
1219,119.4902572631836,Medium
1220,130.74281311035156,High
1221,74.22111511230469,Low
1222,136.78213500976562,High
1223,137.00634765625,High
1224,134.7135467529297,High
1225,142.00135803222656,High
1226,93.93636322021484,Low
1227,75.2327651977539,Low
1228,60.27089309692383,Low
1229,66.27638244628906,Low
1230,66.01957702636719,Low
1231,121.29717254638672,Medium
1232,73.45499420166016,Low
1233,130.1699981689453,High
1234,107.92210388183594,Medium
1235,82.45096588134766,Low
1236,59.880496978759766,Low
1237,79.33039855957031,Low
1238,95.75155639648438,Low
1239,125.14784240722656,Medium
1240,118.96796417236328,Medium
1241,111.58930969238281,Medium
1242,143.46873474121094,High
1243,88.26514434814453,Low
1244,138.1380157470703,High
1245,78.39425659179688,Low
1246,100.30696868896484,Low
1247,208.1414031982422,High
1248,123.46930694580078,Medium
1249,109.50635528564453,Medium
1250,94.58088684082031,Low
1251,108.79557800292969,Medium
1252,77.61360168457031,Low
1253,97.2574234008789,Low
1254,88.07627868652344,Low
1255,75.5505142211914,Low
1256,139.01010131835938,High
1257,106.7562255859375,Medium
1258,149.72406005859375,High
1259,101.25999450683594,Medium
1260,131.69622802734375,High
1261,121.0986328125,Medium
1262,119.54475402832031,Medium
1263,122.07661437988281,Medium
1264,83.9089126586914,Low
1265,143.66915893554688,High
1266,120.15008544921875,Medium
1267,86.73218536376953,Low
1268,85.95824432373047,Low
1269,69.25493621826172,Low
1270,220.19198608398438,High
1271,139.4829559326172,High
1272,145.62449645996094,High
1273,137.6025390625,High
1274,126.9522705078125,Medium
1275,73.25071716308594,Low
1276,113.30027770996094,Medium
1277,106.01080322265625,Medium
1278,190.0944061279297,High
1279,130.1140899658203,High
1280,108.9565658569336,Medium
1281,139.77891540527344,High
1282,135.61367797851562,High
1283,136.20574951171875,High
1284,83.28837585449219,Low
1285,255.55618286132812,High
1286,104.28511047363281,Medium
1287,232.31544494628906,High
1288,99.30862426757812,Low
1289,130.25051879882812,High
1290,64.75819396972656,Low
1291,83.42207336425781,Low
1292,100.02681732177734,Low
1293,99.11457061767578,Low
1294,121.29491424560547,Medium
1295,134.9954071044922,High
1296,65.90095520019531,Low
1297,75.2842788696289,Low
1298,98.48738861083984,Low
1299,124.45581817626953,Medium
1300,127.14395904541016,Medium
1301,193.09930419921875,High
1302,134.9954071044922,High
1303,71.68006896972656,Low
1304,131.1588897705078,High
1305,55.77680587768555,Low
1306,275.4168701171875,High
1307,146.50599670410156,High
1308,100.80557250976562,Medium
1309,93.5826187133789,Low
1310,119.52398681640625,Medium
1311,132.9824676513672,High
1312,79.86538696289062,Low
1313,88.4510726928711,Low
1314,87.83506774902344,Low
1315,140.3646697998047,High
1316,97.0919418334961,Low
1317,122.4299087524414,Medium
1318,137.8385009765625,High
1319,167.09881591796875,High
1320,139.14195251464844,High
1321,166.35769653320312,High
1322,138.14181518554688,High
1323,139.4086151123047,High
1324,143.66915893554688,High
1325,135.54579162597656,High
1326,117.73723602294922,Medium
1327,77.99568939208984,Low
1328,127.54432678222656,High
1329,144.06700134277344,High
1330,83.24353790283203,Low
1331,122.520263671875,Medium
1332,142.46624755859375,High
1333,97.12930297851562,Low
1334,114.81661224365234,Medium
1335,119.36714172363281,Medium
1336,111.6177978515625,Medium
1337,273.3268127441406,High
1338,116.63642883300781,Medium
1339,99.74726104736328,Low
1340,159.81161499023438,High
1341,143.45062255859375,High
1342,146.33706665039062,High
1343,119.78919219970703,Medium
1344,85.85102081298828,Low
1345,115.80289459228516,Medium
1346,107.81087493896484,Medium
1347,124.49839782714844,Medium
1348,95.1133804321289,Low
1349,145.49551391601562,High
1350,77.2287368774414,Low
1351,126.70208740234375,Medium
1352,119.36026763916016,Medium
1353,174.69656372070312,High
1354,118.11253356933594,Medium
1355,106.21661376953125,Medium
1356,102.32794952392578,Medium
1357,81.07627868652344,Low
1358,191.13064575195312,High
1359,84.56887817382812,Low
1360,67.26057434082031,Low
1361,113.41521453857422,Medium
1362,144.08070373535156,High
1363,136.86361694335938,High
1364,118.1796875,Medium
1365,120.6648178100586,Medium
1366,112.35079956054688,Medium
1367,122.5797119140625,Medium
1368,77.17120361328125,Low
1369,108.99755859375,Medium
1370,129.09519958496094,High
1371,144.74212646484375,High
1372,155.94393920898438,High
1373,110.847412109375,Medium
1374,149.070556640625,High
1375,98.61393737792969,Low
1376,152.8273468017578,High
1377,82.2320327758789,Low
1378,85.77965545654297,Low
1379,118.77677917480469,Medium
1380,58.210941314697266,Low
1381,123.61542510986328,Medium
1382,110.55810546875,Medium
1383,112.18515014648438,Medium
1384,214.42391967773438,High
1385,79.75436401367188,Low
1386,121.40554809570312,Medium
1387,137.00634765625,High
1388,85.66638946533203,Low
1389,79.95489501953125,Low
1390,89.09871673583984,Low
1391,129.541748046875,High
1392,115.24939727783203,Medium
1393,83.88316345214844,Low
1394,133.34085083007812,High
1395,132.16848754882812,High
1396,122.26097869873047,Medium
1397,139.75831604003906,High
1398,124.28759765625,Medium
1399,90.08787536621094,Low
1400,126.08409118652344,Medium
1401,72.46197509765625,Low
1402,163.72657775878906,High
1403,90.61392211914062,Low
1404,97.4746322631836,Low
1405,65.451171875,Low
1406,135.6177978515625,High
1407,72.56494903564453,Low
1408,96.44408416748047,Low
1409,133.2222137451172,High
1410,87.21981811523438,Low
1411,110.86786651611328,Medium
1412,126.22819519042969,Medium
1413,121.41169738769531,Medium
1414,117.43122100830078,Medium
1415,153.42347717285156,High
1416,122.9179916381836,Medium
1417,111.55860137939453,Medium
1418,104.0750503540039,Medium
1419,91.82054138183594,Low
1420,130.59213256835938,High
1421,113.42509460449219,Medium
1422,81.2242202758789,Low
1423,208.326171875,High
1424,121.0986328125,Medium
1425,156.74398803710938,High
1426,109.33056640625,Medium
1427,164.38473510742188,High
1428,60.84684753417969,Low
1429,160.03106689453125,High
1430,133.02642822265625,High
1431,106.74417877197266,Medium
1432,101.53215789794922,Medium
1433,147.96810913085938,High
1434,109.35762023925781,Medium
1435,93.83343505859375,Low
1436,137.13206481933594,High
1437,126.22819519042969,Medium
1438,89.65901947021484,Low
1439,69.36679077148438,Low
1440,123.53500366210938,Medium
1441,147.52854919433594,High
1442,295.22607421875,High
1443,98.24431610107422,Low
1444,126.24237823486328,Medium
1445,116.46489715576172,Medium
1446,98.81922912597656,Low
1447,93.03573608398438,Low
1448,164.32342529296875,High
1449,100.27976989746094,Low
1450,123.31477355957031,Medium
1451,111.14373016357422,Medium
1452,129.9738311767578,High
1453,118.79792785644531,Medium
1454,65.12781524658203,Low
1455,91.42829132080078,Low
1456,117.09649658203125,Medium
1457,153.90162658691406,High
1458,187.8287353515625,High
1459,114.87242889404297,Medium
1460,120.526123046875,Medium
1461,119.85405731201172,Medium
1462,120.6648178100586,Medium
1463,128.34317016601562,High
1464,120.87149047851562,Medium
1465,150.5865020751953,High
1466,138.08103942871094,High
1467,63.867431640625,Low
1468,129.70382690429688,High
1469,214.57337951660156,High
1470,74.7634506225586,Low
1471,109.01361846923828,Medium
1472,192.90386962890625,High
1473,100.10407257080078,Low
1474,94.63542938232422,Low
1475,116.89330291748047,Medium
1476,78.26969146728516,Low
1477,107.26046752929688,Medium
1478,79.62615966796875,Low
1479,62.03891372680664,Low
1480,214.67100524902344,High
1481,288.29827880859375,High
1482,167.09988403320312,High
1483,76.19132232666016,Low
1484,99.0919418334961,Low
1485,109.72409057617188,Medium
1486,137.58421325683594,High
1487,123.84452056884766,Medium
1488,167.3269805908203,High
1489,114.2109375,Medium
1490,119.86724090576172,Medium
1491,86.53482055664062,Low
1492,84.2181396484375,Low
1493,118.92778778076172,Medium
1494,126.43668365478516,Medium
1495,115.89036560058594,Medium
1496,171.51828002929688,High
1497,134.8194580078125,High
1498,262.8706359863281,High
1499,78.38196563720703,Low
1500,79.65856170654297,Low
1501,196.45901489257812,High
1502,196.17266845703125,High
1503,82.8629150390625,Low
1504,114.64966583251953,Medium
1505,86.74498748779297,Low
1506,108.19380950927734,Medium
1507,94.61237335205078,Low
1508,90.67792510986328,Low
1509,129.7982940673828,High
1510,191.03585815429688,High
1511,138.4257354736328,High
1512,123.84452056884766,Medium
1513,85.10653686523438,Low
1514,92.64566802978516,Low
1515,144.99984741210938,High
1516,108.68179321289062,Medium
1517,137.75729370117188,High
1518,113.58084106445312,Medium
1519,222.53282165527344,High
1520,90.14610290527344,Low
1521,106.82565307617188,Medium
1522,97.06290435791016,Low
1523,129.2410888671875,High
1524,77.2302474975586,Low
1525,105.59231567382812,Medium
1526,260.96356201171875,High
1527,93.65753936767578,Low
1528,69.44282531738281,Low
1529,141.06649780273438,High
1530,101.35282135009766,Medium
1531,117.85481262207031,Medium
1532,128.8701629638672,High
1533,111.01251983642578,Medium
1534,132.70492553710938,High
1535,113.82206726074219,Medium
1536,132.32492065429688,High
1537,103.51870727539062,Medium
1538,122.58287811279297,Medium
1539,191.31875610351562,High
1540,86.67169189453125,Low
1541,124.77738189697266,Medium
1542,98.3360595703125,Low
1543,85.06893157958984,Low
1544,66.83283996582031,Low
1545,125.67003631591797,Medium
1546,107.06136322021484,Medium
1547,91.29942321777344,Low
1548,120.84274291992188,Medium
1549,115.35203552246094,Medium
1550,100.10137939453125,Low
1551,90.08414459228516,Low
1552,132.0425567626953,High
1553,108.23001861572266,Medium
1554,98.86396789550781,Low
1555,185.50729370117188,High
1556,95.64232635498047,Low
1557,133.26947021484375,High
1558,92.1893081665039,Low
1559,134.8194580078125,High
1560,124.25626373291016,Medium
1561,102.96968078613281,Medium
1562,156.00494384765625,High
1563,76.65140533447266,Low
1564,80.95677185058594,Low
1565,87.40592193603516,Low
1566,81.42625427246094,Low
1567,144.46987915039062,High
1568,151.03286743164062,High
1569,84.52041625976562,Low
1570,130.76385498046875,High
1571,138.313720703125,High
1572,127.82645416259766,High
1573,104.07571411132812,Medium
1574,113.44625854492188,Medium
1575,153.86834716796875,High
1576,158.02061462402344,High
1577,112.43437957763672,Medium
1578,109.59716796875,Medium
1579,86.36333465576172,Low
1580,169.9053955078125,High
1581,97.23111724853516,Low
1582,84.11956024169922,Low
1583,74.89856719970703,Low
1584,177.39117431640625,High
1585,131.31744384765625,High
1586,254.62762451171875,High
1587,51.24770736694336,Low
1588,113.20962524414062,Medium
1589,115.35914611816406,Medium
1590,129.15794372558594,High
1591,106.12495422363281,Medium
1592,119.36714172363281,Medium
1593,68.0995864868164,Low
1594,99.53844451904297,Low
1595,146.57830810546875,High
1596,122.5797119140625,Medium
1597,76.75090789794922,Low
1598,125.25390625,Medium
1599,158.24014282226562,High
1600,121.26868438720703,Medium
1601,99.25828552246094,Low
1602,67.84331512451172,Low
1603,125.55999755859375,Medium
1604,67.78564453125,Low
1605,125.9157485961914,Medium
1606,83.46277618408203,Low
1607,123.2000732421875,Medium
1608,87.70503234863281,Low
1609,231.44097900390625,High
1610,137.56427001953125,High
1611,202.12857055664062,High
1612,299.84124755859375,High
1613,60.2572021484375,Low
1614,93.72698211669922,Low
1615,136.81675720214844,High
1616,123.31477355957031,Medium
1617,127.05265045166016,Medium
1618,86.46257781982422,Low
1619,86.4694595336914,Low
1620,115.0284194946289,Medium
1621,189.68255615234375,High
1622,81.72176361083984,Low
1623,56.979698181152344,Low
1624,96.7169418334961,Low
1625,123.37606811523438,Medium
1626,101.41104888916016,Medium
1627,83.19561767578125,Low
1628,134.9954071044922,High
1629,141.03627014160156,High
1630,156.18038940429688,High
1631,230.53985595703125,High
1632,80.77684783935547,Low
1633,139.4833221435547,High
1634,128.62106323242188,High
1635,140.60459899902344,High
1636,207.78530883789062,High
1637,105.3908920288086,Medium
1638,94.26129150390625,Low
1639,244.44976806640625,High
1640,145.04713439941406,High
1641,130.15733337402344,High
1642,134.75408935546875,High
1643,165.5782470703125,High
1644,122.59915924072266,Medium
1645,111.78227233886719,Medium
1646,207.967041015625,High
1647,93.74580383300781,Low
1648,123.32827758789062,Medium
1649,114.3453369140625,Medium
1650,150.69326782226562,High
1651,134.11468505859375,High
1652,121.35472869873047,Medium
1653,95.6547622680664,Low
1654,126.38069152832031,Medium
1655,107.42849731445312,Medium
1656,93.17161560058594,Low
1657,84.04595184326172,Low
1658,77.93394470214844,Low
1659,66.3663558959961,Low
1660,163.4815673828125,High
1661,125.77195739746094,Medium
1662,121.0986328125,Medium
1663,129.68344116210938,High
1664,141.15541076660156,High
1665,137.00634765625,High
1666,121.98664855957031,Medium
1667,141.64210510253906,High
1668,97.34918212890625,Low
1669,116.50817108154297,Medium
1670,74.27137756347656,Low
1671,228.78636169433594,High
1672,99.21029663085938,Low
1673,152.90493774414062,High
1674,122.8706283569336,Medium
1675,78.9965591430664,Low
1676,154.5727996826172,High
1677,97.62408447265625,Low
1678,239.4586639404297,High
1679,132.32492065429688,High
1680,104.41422271728516,Medium
1681,75.37299346923828,Low
1682,126.4880142211914,Medium
1683,118.10979461669922,Medium
1684,154.85987854003906,High
1685,214.4674530029297,High
1686,75.95874786376953,Low
1687,236.4256591796875,High
1688,91.40987396240234,Low
1689,79.96846008300781,Low
1690,130.7971649169922,High
1691,160.56259155273438,High
1692,312.3732604980469,High
1693,120.58547973632812,Medium
1694,128.19537353515625,High
1695,73.86740112304688,Low
1696,98.96077728271484,Low
1697,89.55956268310547,Low
1698,86.46674346923828,Low
1699,138.50741577148438,High
1700,94.4167709350586,Low
1701,119.74224853515625,Medium
1702,88.7301025390625,Low
1703,121.4729232788086,Medium
1704,110.46546173095703,Medium
1705,96.63054656982422,Low
1706,110.36628723144531,Medium
1707,125.30953216552734,Medium
1708,120.65764617919922,Medium
1709,97.5300521850586,Low
1710,213.0013427734375,High
1711,108.32025146484375,Medium
1712,126.95112609863281,Medium
1713,83.2127456665039,Low
1714,123.44107818603516,Medium
1715,102.24462890625,Medium
1716,193.32041931152344,High
1717,136.20574951171875,High
1718,112.68214416503906,Medium
1719,72.97036743164062,Low
1720,137.57568359375,High
1721,76.38404846191406,Low
1722,85.69326782226562,Low
1723,117.40638732910156,Medium
1724,129.58326721191406,High
1725,110.1645736694336,Medium
1726,89.95722198486328,Low
1727,119.03108215332031,Medium
1728,84.0875244140625,Low
1729,73.92668151855469,Low
1730,148.1396026611328,High
1731,123.52680206298828,Medium
1732,113.40240478515625,Medium
1733,105.42916107177734,Medium
1734,106.98214721679688,Medium
1735,146.97811889648438,High
1736,74.08238983154297,Low
1737,84.0151596069336,Low
1738,137.00634765625,High
1739,101.48204040527344,Medium
1740,119.4466552734375,Medium
1741,135.97036743164062,High
1742,142.54417419433594,High
1743,120.94966125488281,Medium
1744,158.31008911132812,High
1745,78.15950775146484,Low
1746,91.34265899658203,Low
1747,244.9185333251953,High
1748,89.99529266357422,Low
1749,118.71371459960938,Medium
1750,92.42622375488281,Low
1751,61.89345169067383,Low
1752,84.38573455810547,Low
1753,120.27368927001953,Medium
1754,143.1326141357422,High
1755,147.64199829101562,High
1756,126.5228042602539,Medium
1757,160.95040893554688,High
1758,62.376914978027344,Low
1759,68.50615692138672,Low
1760,140.8899688720703,High
1761,96.53856658935547,Low
1762,131.72288513183594,High
1763,77.68728637695312,Low
1764,116.84593200683594,Medium
1765,111.00588989257812,Medium
1766,167.66546630859375,High
1767,225.8011016845703,High
1768,81.30843353271484,Low
1769,92.0011215209961,Low
1770,110.35004425048828,Medium
1771,121.03591918945312,Medium
1772,183.1496124267578,High
1773,164.99197387695312,High
1774,129.60342407226562,High
1775,89.59012603759766,Low
1776,204.60833740234375,High
1777,74.60116577148438,Low
1778,137.63388061523438,High
1779,179.1701202392578,High
1780,123.90325164794922,Medium
1781,130.01864624023438,High
1782,131.09410095214844,High
1783,66.98696899414062,Low
1784,94.98079681396484,Low
1785,120.6648178100586,Medium
1786,111.76526641845703,Medium
1787,101.64322662353516,Medium
1788,98.64049530029297,Low
1789,207.9541015625,High
1790,139.99024963378906,High
1791,135.6840362548828,High
1792,99.23235321044922,Low
1793,95.84153747558594,Low
1794,80.34320831298828,Low
1795,114.09028625488281,Medium
1796,83.57038116455078,Low
1797,110.56021881103516,Medium
1798,123.46930694580078,Medium
1799,91.6479263305664,Low
1800,108.06085968017578,Medium
1801,277.6667785644531,High
1802,129.04208374023438,High
1803,95.10032653808594,Low
1804,121.4431381225586,Medium
1805,133.40814208984375,High
1806,109.09005737304688,Medium
1807,59.44202423095703,Low
1808,274.46087646484375,High
1809,73.42610168457031,Low
1810,95.32666015625,Low
1811,110.69123840332031,Medium
1812,131.17816162109375,High
1813,58.698951721191406,Low
1814,116.52493286132812,Medium
1815,147.47364807128906,High
1816,87.41566467285156,Low
1817,66.95932006835938,Low
1818,130.6378631591797,High
1819,103.07437896728516,Medium
1820,282.0046691894531,High
1821,126.2965316772461,Medium
1822,134.9954071044922,High
1823,131.52114868164062,High
1824,109.79931640625,Medium
1825,127.33910369873047,Medium
1826,139.99362182617188,High
1827,113.8161392211914,Medium
1828,112.95948028564453,Medium
1829,78.83525848388672,Low
1830,60.20442199707031,Low
1831,73.34306335449219,Low
1832,134.9954071044922,High
1833,87.23301696777344,Low
1834,139.5861053466797,High
1835,87.62652587890625,Low
1836,81.79212188720703,Low
1837,117.40638732910156,Medium
1838,174.83847045898438,High
1839,107.16014099121094,Medium
1840,98.08661651611328,Low
1841,88.56051635742188,Low
1842,115.58124542236328,Medium
1843,71.20396423339844,Low
1844,99.46813201904297,Low
1845,115.33818817138672,Medium
1846,179.09559631347656,High
1847,127.56705474853516,High
1848,92.36173248291016,Low
1849,121.0986328125,Medium
1850,101.65370178222656,Medium
1851,95.58421325683594,Low
1852,100.68981170654297,Medium
1853,54.60719299316406,Low
1854,83.1726303100586,Low
1855,124.02558135986328,Medium
1856,222.98048400878906,High
1857,237.31777954101562,High
1858,124.31648254394531,Medium
1859,130.93508911132812,High
1860,128.76461791992188,High
1861,108.33597564697266,Medium
1862,137.58421325683594,High
1863,125.46672058105469,Medium
1864,112.06925201416016,Medium
1865,139.59889221191406,High
1866,122.23118591308594,Medium
1867,91.0220947265625,Low
1868,113.56198120117188,Medium
1869,126.40605926513672,Medium
1870,130.10653686523438,High
1871,89.45466613769531,Low
1872,103.59417724609375,Medium
1873,89.35652923583984,Low
1874,135.308837890625,High
1875,192.30477905273438,High
1876,86.74676513671875,Low
1877,112.99716186523438,Medium
1878,124.25626373291016,Medium
1879,102.34833526611328,Medium
1880,126.85799407958984,Medium
1881,264.5314636230469,High
1882,76.72333526611328,Low
1883,97.52322387695312,Low
1884,120.80413818359375,Medium
1885,89.3844985961914,Low
1886,155.2072296142578,High
1887,112.02800750732422,Medium
1888,115.65187072753906,Medium
1889,87.02285766601562,Low
1890,152.60829162597656,High
1891,139.99476623535156,High
1892,124.25626373291016,Medium
1893,100.3078842163086,Low
1894,64.07196807861328,Low
1895,148.2783660888672,High
1896,104.9677505493164,Medium
1897,100.2690200805664,Low
1898,128.19537353515625,High
1899,114.09040832519531,Medium
1900,142.95692443847656,High
1901,186.2997283935547,High
1902,194.5200653076172,High
1903,83.02892303466797,Low
1904,123.77189636230469,Medium
1905,57.0903205871582,Low
1906,77.86717224121094,Low
1907,148.7140350341797,High
1908,80.98103332519531,Low
1909,70.3846206665039,Low
1910,80.47079467773438,Low
1911,124.80433654785156,Medium
1912,104.67261505126953,Medium
1913,191.11705017089844,High
1914,83.35765838623047,Low
1915,140.78570556640625,High
1916,219.4591522216797,High
1917,127.05265045166016,Medium
1918,104.16265106201172,Medium
1919,81.44941711425781,Low
1920,94.2501220703125,Low
1921,129.16329956054688,High
1922,131.84024047851562,High
1923,118.66641235351562,Medium
1924,137.9835968017578,High
1925,93.24242401123047,Low
1926,124.35482788085938,Medium
1927,93.88579559326172,Low
1928,82.55748748779297,Low
1929,99.89894104003906,Low
1930,138.37197875976562,High
1931,113.16077423095703,Medium
1932,146.97161865234375,High
1933,313.3453369140625,High
1934,59.87510681152344,Low
1935,150.85565185546875,High
1936,151.8059844970703,High
1937,119.63368225097656,Medium
1938,116.6283950805664,Medium
1939,112.95672607421875,Medium
1940,124.39540100097656,Medium
1941,77.43460083007812,Low
1942,149.42295837402344,High
1943,131.17816162109375,High
1944,85.23786163330078,Low
1945,129.2760772705078,High
1946,182.10227966308594,High
1947,117.3007583618164,Medium
1948,156.31973266601562,High
1949,146.67153930664062,High
1950,85.2852783203125,Low
1951,97.07644653320312,Low
1952,89.26132202148438,Low
1953,106.40216064453125,Medium
1954,102.39423370361328,Medium
1955,94.7092056274414,Low
1956,137.4759979248047,High
1957,96.10843658447266,Low
1958,175.77337646484375,High
1959,72.94862365722656,Low
1960,124.80738830566406,Medium
1961,104.26830291748047,Medium
1962,55.76441955566406,Low
1963,121.24470520019531,Medium
1964,107.23509216308594,Medium
1965,195.8577423095703,High
1966,90.6529312133789,Low
1967,78.75752258300781,Low
1968,103.59007263183594,Medium
1969,132.84230041503906,High
1970,102.78437042236328,Medium
1971,210.36331176757812,High
1972,117.40638732910156,Medium
1973,118.20006561279297,Medium
1974,91.41455841064453,Low
1975,133.61135864257812,High
1976,135.1573028564453,High
1977,180.28433227539062,High
1978,160.9988555908203,High
1979,85.96356201171875,Low
1980,89.56935119628906,Low
1981,121.4729232788086,Medium
1982,115.03012084960938,Medium
1983,137.00634765625,High
1984,108.99755859375,Medium
1985,95.1483383178711,Low
1986,159.3791046142578,High
1987,149.26287841796875,High
1988,122.5797119140625,Medium
1989,305.6302185058594,High
1990,204.33673095703125,High
1991,78.86853790283203,Low
1992,90.64769744873047,Low
1993,82.33179473876953,Low
1994,104.67219543457031,Medium
1995,98.94783782958984,Low
1996,103.10371398925781,Medium
1997,129.68344116210938,High
1998,143.16539001464844,High
1999,85.00870513916016,Low
2000,121.99879455566406,Medium
2001,192.96875,High
2002,187.17332458496094,High
2003,155.17520141601562,High
2004,83.36392974853516,Low
2005,79.45726776123047,Low
2006,100.66934967041016,Medium
2007,179.1293487548828,High
2008,193.4518585205078,High
2009,158.056396484375,High
2010,97.37356567382812,Low
2011,94.86079406738281,Low
2012,148.0260009765625,High
2013,167.0030517578125,High
2014,110.64954376220703,Medium
2015,138.734619140625,High
2016,79.8530502319336,Low
2017,130.09063720703125,High
2018,106.91549682617188,Medium
2019,127.83151245117188,High
2020,83.28884887695312,Low
2021,209.1671905517578,High
2022,81.17875671386719,Low
2023,67.05961608886719,Low
2024,138.43328857421875,High
2025,197.0598602294922,High
2026,104.72162628173828,Medium
2027,157.8802947998047,High
2028,121.29717254638672,Medium
2029,126.51197814941406,Medium
2030,219.46109008789062,High
2031,127.05265045166016,Medium
2032,109.51893615722656,Medium
2033,169.7581329345703,High
2034,95.69849395751953,Low
2035,143.9251251220703,High
2036,133.84877014160156,High
2037,82.66312408447266,Low
2038,105.6536865234375,Medium
2039,80.72994995117188,Low
2040,73.11409759521484,Low
2041,120.99169158935547,Medium
2042,132.9351348876953,High
2043,123.80117797851562,Medium
2044,84.441162109375,Low
2045,102.68389129638672,Medium
2046,65.12882995605469,Low
2047,154.81402587890625,High
2048,142.80538940429688,High
2049,123.69171142578125,Medium
2050,183.1057586669922,High
2051,112.07218933105469,Medium
2052,212.35906982421875,High
2053,153.47605895996094,High
2054,93.28512573242188,Low
2055,288.6680908203125,High
2056,78.5853042602539,Low
2057,127.25753784179688,Medium
2058,86.40039825439453,Low
2059,126.4880142211914,Medium
2060,118.29155731201172,Medium
2061,99.78842163085938,Low
2062,144.20498657226562,High
2063,138.2471923828125,High
2064,135.49774169921875,High
2065,90.7248764038086,Low
2066,79.52708435058594,Low
2067,111.52696228027344,Medium
2068,117.60221862792969,Medium
2069,94.73456573486328,Low
2070,123.64791107177734,Medium
2071,126.70208740234375,Medium
2072,103.53202819824219,Medium
2073,98.38151550292969,Low
2074,122.5797119140625,Medium
2075,141.06649780273438,High
2076,110.9715576171875,Medium
2077,212.5014190673828,High
2078,81.89720916748047,Low
2079,81.6451416015625,Low
2080,162.25619506835938,High
2081,106.64388275146484,Medium
2082,118.46453094482422,Medium
2083,88.93248748779297,Low
2084,112.8335952758789,Medium
2085,118.8733901977539,Medium
2086,111.26757049560547,Medium
2087,117.79068756103516,Medium
2088,238.3499298095703,High
2089,82.43448638916016,Low
2090,96.43864440917969,Low
2091,116.46489715576172,Medium
2092,63.73697280883789,Low
2093,94.64417266845703,Low
2094,139.73153686523438,High
2095,106.20486450195312,Medium
2096,83.1547622680664,Low
2097,84.50238800048828,Low
2098,60.93867492675781,Low
2099,213.24044799804688,High
2100,201.5328369140625,High
2101,132.52435302734375,High
2102,109.29621887207031,Medium
2103,121.0986328125,Medium
2104,59.79979705810547,Low
2105,82.60260772705078,Low
2106,135.2780303955078,High
2107,75.11922454833984,Low
2108,120.75277709960938,Medium
2109,125.17512512207031,Medium
2110,119.04481506347656,Medium
2111,176.47714233398438,High
2112,141.49627685546875,High
2113,120.88108825683594,Medium
2114,135.60488891601562,High
2115,95.59561920166016,Low
2116,109.44554901123047,Medium
2117,70.54447174072266,Low
2118,77.71099853515625,Low
2119,134.64891052246094,High
2120,160.1194610595703,High
2121,103.53917694091797,Medium
2122,153.3955841064453,High
2123,124.14420318603516,Medium
2124,84.07608032226562,Low
2125,101.0966796875,Medium
2126,90.61177825927734,Low
2127,99.43954467773438,Low
2128,275.7404479980469,High
2129,169.36582946777344,High
2130,125.67112731933594,Medium
2131,123.85560607910156,Medium
2132,143.66915893554688,High
2133,92.69306182861328,Low
2134,201.3542022705078,High
2135,141.54660034179688,High
2136,128.5670166015625,High
2137,112.5654067993164,Medium
2138,137.8137664794922,High
2139,117.03498840332031,Medium
2140,132.60488891601562,High
2141,93.08432006835938,Low
2142,126.78008270263672,Medium
2143,115.41231536865234,Medium
2144,130.37008666992188,High
2145,65.28800964355469,Low
2146,93.96028137207031,Low
2147,129.70382690429688,High
2148,120.65764617919922,Medium
2149,132.81072998046875,High
2150,135.54579162597656,High
2151,98.01213073730469,Low
2152,133.27084350585938,High
2153,88.3635482788086,Low
2154,121.03591918945312,Medium
2155,116.90034484863281,Medium
2156,117.83086395263672,Medium
2157,82.60774230957031,Low
2158,110.40149688720703,Medium
2159,99.35957336425781,Low
2160,131.1775665283203,High
2161,84.43353271484375,Low
2162,105.13232421875,Medium
2163,127.41478729248047,High
2164,84.98786163330078,Low
2165,119.4021224975586,Medium
2166,121.81208801269531,Medium
2167,123.85802459716797,Medium
2168,96.55093383789062,Low
2169,141.06649780273438,High
2170,132.07489013671875,High
2171,203.3356170654297,High
2172,59.03762435913086,Low
2173,76.5368423461914,Low
2174,175.0644073486328,High
2175,131.17120361328125,High
2176,75.12037658691406,Low
2177,92.10742950439453,Low
2178,99.45946502685547,Low
2179,132.67552185058594,High
2180,118.93820190429688,Medium
2181,137.58421325683594,High
2182,132.330322265625,High
2183,243.8251495361328,High
2184,121.51862335205078,Medium
2185,57.42378234863281,Low
2186,144.13961791992188,High
2187,129.3397674560547,High
2188,241.72315979003906,High
2189,98.95658111572266,Low
2190,85.24878692626953,Low
2191,121.00279998779297,Medium
2192,149.05104064941406,High
2193,103.77236938476562,Medium
2194,84.92324829101562,Low
2195,98.46403503417969,Low
2196,132.46873474121094,High
2197,71.05398559570312,Low
2198,129.9738311767578,High
2199,86.53076934814453,Low
2200,109.8842544555664,Medium
2201,148.88475036621094,High
2202,135.7458953857422,High
2203,162.79164123535156,High
2204,77.14759063720703,Low
2205,80.09764099121094,Low
2206,122.5797119140625,Medium
2207,127.54432678222656,High
2208,112.63379669189453,Medium
2209,118.90605926513672,Medium
2210,87.81542205810547,Low
2211,126.22819519042969,Medium
2212,207.6896514892578,High
2213,127.14395904541016,Medium
2214,127.65386199951172,High
2215,112.17826080322266,Medium
2216,136.0631866455078,High
2217,138.30079650878906,High
2218,82.43749237060547,Low
2219,86.53274536132812,Low
2220,158.90310668945312,High
2221,155.22256469726562,High
2222,78.5768814086914,Low
2223,86.28321075439453,Low
2224,84.04437255859375,Low
2225,132.14974975585938,High
2226,78.4792709350586,Low
2227,110.7200698852539,Medium
2228,144.39834594726562,High
2229,144.17572021484375,High
2230,102.58123016357422,Medium
2231,205.01910400390625,High
2232,122.5797119140625,Medium
2233,124.25626373291016,Medium
2234,133.8474578857422,High
2235,126.18446350097656,Medium
2236,133.8109588623047,High
2237,120.45050048828125,Medium
2238,146.60227966308594,High
2239,124.57427978515625,Medium
2240,95.64301300048828,Low
2241,90.48600006103516,Low
2242,119.86724090576172,Medium
2243,137.44528198242188,High
2244,118.20006561279297,Medium
2245,116.48480224609375,Medium
2246,137.23739624023438,High
2247,106.34983825683594,Medium
2248,157.4068145751953,High
2249,128.5345458984375,High
2250,142.17601013183594,High
2251,83.63679504394531,Low
2252,124.80611419677734,Medium
2253,132.08456420898438,High
2254,112.82400512695312,Medium
2255,135.30870056152344,High
2256,151.71717834472656,High
2257,135.339599609375,High
2258,130.70782470703125,High
2259,75.13461303710938,Low
2260,102.69649505615234,Medium
2261,98.18795013427734,Low
2262,215.6362762451172,High
2263,118.74170684814453,Medium
2264,86.45415496826172,Low
2265,47.44301986694336,Low
2266,126.1549301147461,Medium
2267,203.24905395507812,High
2268,135.45806884765625,High
2269,78.70686340332031,Low
2270,131.78289794921875,High
2271,144.88824462890625,High
2272,100.68318176269531,Medium
2273,98.08348846435547,Low
2274,142.78305053710938,High
2275,94.2317886352539,Low
2276,85.7190933227539,Low
2277,109.71746063232422,Medium
2278,112.76232147216797,Medium
2279,98.0694808959961,Low
2280,115.75787353515625,Medium
2281,136.1865692138672,High
2282,109.61874389648438,Medium
2283,276.41937255859375,High
2284,93.9832534790039,Low
2285,61.22236633300781,Low
2286,94.91854095458984,Low
2287,88.84569549560547,Low
2288,110.0776596069336,Medium
2289,110.96436309814453,Medium
2290,111.40481567382812,Medium
2291,93.86732482910156,Low
2292,124.91816711425781,Medium
2293,105.06719207763672,Medium
2294,94.50357818603516,Low
2295,132.06655883789062,High
2296,79.09133911132812,Low
2297,150.54856872558594,High
2298,129.41421508789062,High
2299,157.51504516601562,High
2300,99.58326721191406,Low
2301,103.86656951904297,Medium
2302,65.10287475585938,Low
2303,132.41268920898438,High
2304,86.82874298095703,Low
2305,132.03074645996094,High
2306,133.68128967285156,High
2307,108.09916687011719,Medium
2308,127.54432678222656,High
2309,139.59889221191406,High
2310,80.32696533203125,Low
2311,265.1053771972656,High
2312,80.84526824951172,Low
2313,116.88804626464844,Medium
2314,123.90325164794922,Medium
2315,77.59259796142578,Low
2316,80.42069244384766,Low
2317,87.89510345458984,Low
2318,126.52909088134766,Medium
2319,68.62646484375,Low
2320,115.00997924804688,Medium
2321,67.15584564208984,Low
2322,136.5460662841797,High
2323,129.7927703857422,High
2324,78.15335845947266,Low
2325,122.7961196899414,Medium
2326,117.40638732910156,Medium
2327,54.84000015258789,Low
2328,196.7144775390625,High
2329,170.2955322265625,High
2330,116.6816177368164,Medium
2331,126.34013366699219,Medium
2332,132.8760223388672,High
2333,76.57010650634766,Low
2334,125.46672058105469,Medium
2335,86.83289337158203,Low
2336,111.03690338134766,Medium
2337,118.29800415039062,Medium
2338,107.76364135742188,Medium
2339,129.80422973632812,High
2340,136.89492797851562,High
2341,117.40638732910156,Medium
2342,145.33375549316406,High
2343,200.33828735351562,High
2344,220.74766540527344,High
2345,146.2538604736328,High
2346,113.61548614501953,Medium
2347,94.95037078857422,Low
2348,124.22941589355469,Medium
2349,111.88763427734375,Medium
2350,87.10759735107422,Low
2351,115.79961395263672,Medium
2352,85.51547241210938,Low
2353,68.73484802246094,Low
2354,70.34890747070312,Low
2355,125.17964935302734,Medium
2356,94.00769805908203,Low
2357,99.72024536132812,Low
2358,204.3507843017578,High
2359,98.15402221679688,Low
2360,108.62725067138672,Medium
2361,142.9722137451172,High
2362,133.40814208984375,High
2363,79.1192626953125,Low
2364,72.69467163085938,Low
2365,81.7270736694336,Low
2366,135.99375915527344,High
2367,80.35037994384766,Low
2368,90.08414459228516,Low
2369,184.5658721923828,High
2370,80.07481384277344,Low
2371,72.0950698852539,Low
2372,146.75375366210938,High
2373,121.1117935180664,Medium
2374,140.82467651367188,High
2375,112.00800323486328,Medium
2376,118.95929718017578,Medium
2377,97.8042221069336,Low
2378,130.10653686523438,High
2379,61.14973068237305,Low
2380,59.64590072631836,Low
2381,100.94554138183594,Medium
2382,59.53635787963867,Low
2383,309.8623046875,High
2384,178.66232299804688,High
2385,84.49723052978516,Low
2386,95.840576171875,Low
2387,97.29609680175781,Low
2388,120.88417053222656,Medium
2389,127.46206665039062,High
2390,123.00541687011719,Medium
2391,64.31764221191406,Low
2392,99.57239532470703,Low
2393,257.77496337890625,High
2394,85.68644714355469,Low
2395,104.32159423828125,Medium
2396,98.99964904785156,Low
2397,154.96839904785156,High
2398,207.7367706298828,High
2399,84.55459594726562,Low
2400,63.15599822998047,Low
2401,115.92760467529297,Medium
2402,220.3514862060547,High
2403,85.70269775390625,Low
2404,97.51439666748047,Low
2405,118.44454193115234,Medium
2406,124.429443359375,Medium
2407,79.87568664550781,Low
2408,84.32327270507812,Low
2409,89.21694946289062,Low
2410,113.57429504394531,Medium
2411,126.34013366699219,Medium
2412,92.83230590820312,Low
2413,126.34013366699219,Medium
2414,81.18290710449219,Low
2415,78.97173309326172,Low
2416,94.456298828125,Low
2417,118.93617248535156,Medium
2418,87.21915435791016,Low
2419,91.48355102539062,Low
2420,105.87312316894531,Medium
2421,208.55160522460938,High
2422,139.73202514648438,High
2423,100.06625366210938,Low
2424,100.54179382324219,Low
2425,148.4783935546875,High
2426,93.2701644897461,Low
2427,89.76509094238281,Low
2428,72.67474365234375,Low
2429,117.5523910522461,Medium
2430,105.98920440673828,Medium
2431,60.3554801940918,Low
2432,134.9739227294922,High
2433,108.33811950683594,Medium
2434,102.15086364746094,Medium
2435,80.25741577148438,Low
2436,79.50777435302734,Low
2437,112.16824340820312,Medium
2438,84.11009216308594,Low
2439,96.23976135253906,Low
2440,71.39983367919922,Low
2441,128.5670166015625,High
2442,271.509765625,High
2443,142.9992218017578,High
2444,108.2209701538086,Medium
2445,91.60862731933594,Low
2446,82.51229095458984,Low
2447,110.60604858398438,Medium
2448,106.27449798583984,Medium
2449,117.71834564208984,Medium
2450,79.55473327636719,Low
2451,150.94297790527344,High
2452,77.33222961425781,Low
2453,247.78990173339844,High
2454,119.4902572631836,Medium
2455,157.40606689453125,High
2456,104.54659271240234,Medium
2457,79.62728118896484,Low
2458,103.31307983398438,Medium
2459,56.36846160888672,Low
2460,195.87046813964844,High
2461,102.12831115722656,Medium
2462,115.9554443359375,Medium
2463,102.95905303955078,Medium
2464,137.48580932617188,High
2465,100.30593872070312,Low
2466,79.87460327148438,Low
2467,93.49797058105469,Low
2468,117.40638732910156,Medium
2469,140.46075439453125,High
2470,139.3399658203125,High
2471,131.17816162109375,High
2472,93.25382232666016,Low
2473,183.6383819580078,High
2474,135.3767547607422,High
2475,104.0639419555664,Medium
2476,147.1945037841797,High
2477,223.22572326660156,High
2478,118.79792785644531,Medium
2479,119.383544921875,Medium
2480,97.0823974609375,Low
2481,129.4788818359375,High
2482,98.688720703125,Low
2483,112.3515853881836,Medium
2484,81.64620208740234,Low
2485,104.776611328125,Medium
2486,123.58292388916016,Medium
2487,103.80803680419922,Medium
2488,154.8125762939453,High
2489,82.36447143554688,Low
2490,143.5082550048828,High
2491,109.5345458984375,Medium
2492,76.34190368652344,Low
2493,213.40631103515625,High
2494,121.46453857421875,Medium
2495,145.8227996826172,High
2496,174.9454345703125,High
2497,78.63592529296875,Low
2498,93.142822265625,Low
2499,90.3880386352539,Low
2500,122.5797119140625,Medium
2501,165.5153045654297,High
2502,120.65764617919922,Medium
2503,144.07261657714844,High
2504,144.3803253173828,High
2505,89.4348373413086,Low
2506,113.47018432617188,Medium
2507,68.96731567382812,Low
2508,77.43950653076172,Low
2509,80.92994689941406,Low
2510,102.69649505615234,Medium
2511,136.34388732910156,High
2512,89.67442321777344,Low
2513,170.45220947265625,High
2514,126.48957824707031,Medium
2515,86.42074584960938,Low
2516,85.39327239990234,Low
2517,121.04154968261719,Medium
2518,126.26663208007812,Medium
2519,124.813720703125,Medium
2520,238.29672241210938,High
2521,83.79185485839844,Low
2522,122.70283508300781,Medium
2523,79.94139862060547,Low
2524,277.9562683105469,High
2525,155.0265655517578,High
2526,51.118770599365234,Low
2527,134.10525512695312,High
2528,116.46721649169922,Medium
2529,90.34007263183594,Low
2530,115.86327362060547,Medium
2531,79.83346557617188,Low
2532,155.45201110839844,High
2533,83.52693176269531,Low
2534,105.0382308959961,Medium
2535,108.85798645019531,Medium
2536,133.5132598876953,High
2537,278.3664245605469,High
2538,177.4308319091797,High
2539,127.54432678222656,High
2540,138.35330200195312,High
2541,68.18315887451172,Low
2542,142.23886108398438,High
2543,152.6744384765625,High
2544,141.61985778808594,High
2545,92.02542114257812,Low
2546,84.35871887207031,Low
2547,93.95462799072266,Low
2548,250.9087677001953,High
2549,110.58607482910156,Medium
2550,62.711185455322266,Low
2551,134.49681091308594,High
2552,150.87631225585938,High
2553,111.96424865722656,Medium
2554,125.29740142822266,Medium
2555,125.41910552978516,Medium
2556,82.72648620605469,Low
2557,163.83883666992188,High
2558,117.40638732910156,Medium
2559,154.0995635986328,High
2560,71.16207885742188,Low
2561,120.34583282470703,Medium
2562,105.92639923095703,Medium
2563,118.20006561279297,Medium
2564,82.11815643310547,Low
2565,93.96630096435547,Low
2566,169.00177001953125,High
2567,183.3479461669922,High
2568,125.56912994384766,Medium
2569,112.62734985351562,Medium
2570,117.40638732910156,Medium
2571,120.99921417236328,Medium
2572,113.67390441894531,Medium
2573,117.79322052001953,Medium
2574,74.24285125732422,Low
2575,123.31477355957031,Medium
2576,88.5030517578125,Low
2577,90.7626953125,Low
2578,109.43421936035156,Medium
2579,146.17124938964844,High
2580,158.9188690185547,High
2581,328.5258483886719,High
2582,88.67509460449219,Low
2583,139.82044982910156,High
2584,123.2439193725586,Medium
2585,101.68978881835938,Medium
2586,115.05533599853516,Medium
2587,108.2647705078125,Medium
2588,169.00424194335938,High
2589,82.35993194580078,Low
2590,83.24205780029297,Low
2591,111.8456039428711,Medium
2592,112.96504974365234,Medium
2593,83.12189483642578,Low
2594,99.94766235351562,Low
2595,72.54998016357422,Low
2596,118.27516174316406,Medium
2597,192.36463928222656,High
2598,135.1602020263672,High
2599,143.7129364013672,High
2600,229.6105499267578,High
2601,82.49887084960938,Low
2602,106.73359680175781,Medium
2603,124.95821380615234,Medium
2604,120.69815826416016,Medium
2605,128.74359130859375,High
2606,184.6807098388672,High
2607,199.44143676757812,High
2608,133.5637969970703,High
2609,61.53532791137695,Low
2610,95.32615661621094,Low
2611,87.74642181396484,Low
2612,78.61083221435547,Low
2613,78.8993148803711,Low
2614,118.71741485595703,Medium
2615,152.36598205566406,High
2616,119.05876159667969,Medium
2617,81.43299865722656,Low
2618,88.68096923828125,Low
2619,65.38976287841797,Low
2620,140.85211181640625,High
2621,141.90133666992188,High
2622,73.26083374023438,Low
2623,124.07273864746094,Medium
2624,73.92352294921875,Low
2625,145.5171356201172,High
2626,98.5202407836914,Low
2627,133.40814208984375,High
2628,124.01229095458984,Medium
2629,96.46356201171875,Low
2630,178.99940490722656,High
2631,78.06466674804688,Low
2632,121.72370910644531,Medium
2633,121.30926513671875,Medium
2634,179.71603393554688,High
2635,89.76341247558594,Low
2636,105.98406982421875,Medium
2637,126.1310806274414,Medium
2638,129.1984405517578,High
2639,133.40814208984375,High
2640,134.2787322998047,High
2641,130.25221252441406,High
2642,140.7420196533203,High
2643,139.72698974609375,High
2644,90.39289855957031,Low
2645,84.18733215332031,Low
2646,145.39822387695312,High
2647,115.28971862792969,Medium
2648,120.18113708496094,Medium
2649,110.82074737548828,Medium
2650,97.20030212402344,Low
2651,107.31426239013672,Medium
2652,69.97245788574219,Low
2653,117.22714233398438,Medium
2654,119.87538146972656,Medium
2655,157.54222106933594,High
2656,179.36285400390625,High
2657,124.18582916259766,Medium
2658,123.25909423828125,Medium
2659,127.76530456542969,High
2660,108.67932891845703,Medium
2661,78.01174926757812,Low
2662,117.11859130859375,Medium
2663,122.01521301269531,Medium
2664,102.37156677246094,Medium
2665,120.46435546875,Medium
2666,293.411865234375,High
2667,117.3821029663086,Medium
2668,90.05450439453125,Low
2669,98.47504425048828,Low
2670,140.52780151367188,High
2671,104.19758605957031,Medium
2672,135.62257385253906,High
2673,135.2780303955078,High
2674,130.75039672851562,High
2675,145.35574340820312,High
2676,84.95559692382812,Low
2677,78.56147003173828,Low
2678,89.03214263916016,Low
2679,133.40814208984375,High
2680,185.89608764648438,High
2681,128.07664489746094,High
2682,87.61799621582031,Low
2683,117.20372772216797,Medium
2684,71.45062255859375,Low
2685,109.71316528320312,Medium
2686,109.26756286621094,Medium
2687,110.83728790283203,Medium
2688,75.43800354003906,Low
2689,118.46034240722656,Medium
2690,100.77664947509766,Medium
2691,80.81866455078125,Low
2692,137.00634765625,High
2693,138.1584014892578,High
2694,135.6177978515625,High
2695,116.70967102050781,Medium
2696,130.46322631835938,High
2697,191.1005859375,High
2698,105.23542785644531,Medium
2699,123.71080017089844,Medium
2700,145.12838745117188,High
2701,90.58692169189453,Low
2702,92.42285919189453,Low
2703,109.60437774658203,Medium
2704,116.46489715576172,Medium
2705,148.0067138671875,High
2706,90.9762191772461,Low
2707,101.38504028320312,Medium
2708,219.08206176757812,High
2709,135.6177978515625,High
2710,132.9196014404297,High
2711,98.79235076904297,Low
2712,113.15367889404297,Medium
2713,80.36536407470703,Low
2714,59.799339294433594,Low
2715,131.59478759765625,High
2716,121.06283569335938,Medium
2717,103.60445404052734,Medium
2718,112.7588119506836,Medium
2719,111.71829223632812,Medium
2720,134.8194580078125,High
2721,114.46507263183594,Medium
2722,116.41531372070312,Medium
2723,117.40638732910156,Medium
2724,135.26573181152344,High
2725,128.36212158203125,High
2726,108.18895721435547,Medium
2727,101.47087097167969,Medium
2728,157.30929565429688,High
2729,92.38584899902344,Low
2730,77.56857299804688,Low
2731,112.34191131591797,Medium
2732,168.03961181640625,High
2733,110.09798431396484,Medium
2734,87.2215347290039,Low
2735,127.54441833496094,High
2736,84.48342895507812,Low
2737,169.9152374267578,High
2738,104.7336196899414,Medium
2739,146.5535125732422,High
2740,131.44741821289062,High
2741,64.00859069824219,Low
2742,82.92832946777344,Low
2743,78.0762939453125,Low
2744,108.99755859375,Medium
2745,68.29942321777344,Low
2746,123.024658203125,Medium
2747,146.27149963378906,High
2748,115.22533416748047,Medium
2749,94.97532653808594,Low
2750,160.18150329589844,High
2751,142.7191162109375,High
2752,85.22229766845703,Low
2753,303.53741455078125,High
2754,114.08922576904297,Medium
2755,88.4142074584961,Low
2756,104.2280502319336,Medium
2757,148.18614196777344,High
2758,156.83734130859375,High
2759,76.23890686035156,Low
2760,120.78302764892578,Medium
2761,59.9525146484375,Low
2762,106.56861114501953,Medium
2763,127.33785247802734,Medium
2764,99.4873046875,Low
2765,128.62078857421875,High
2766,126.37355041503906,Medium
2767,76.28791809082031,Low
2768,77.970947265625,Low
2769,71.28922271728516,Low
2770,87.17733764648438,Low
2771,111.86247253417969,Medium
2772,85.49960327148438,Low
2773,72.47051239013672,Low
2774,80.99848937988281,Low
2775,117.40638732910156,Medium
2776,63.58155059814453,Low
2777,117.61705017089844,Medium
2778,135.72352600097656,High
2779,96.82788848876953,Low
2780,136.56298828125,High
2781,98.35531616210938,Low
2782,125.57704162597656,Medium
2783,108.90412902832031,Medium
2784,113.62837219238281,Medium
2785,113.03767395019531,Medium
2786,158.60411071777344,High
2787,66.35755157470703,Low
2788,174.1168212890625,High
2789,237.419921875,High
2790,76.74903869628906,Low
2791,81.7625503540039,Low
2792,137.00634765625,High
2793,90.87594604492188,Low
2794,143.43289184570312,High
2795,131.57875061035156,High
2796,87.7080307006836,Low
2797,129.68344116210938,High
2798,87.95103454589844,Low
2799,86.59648895263672,Low
2800,142.3483428955078,High
2801,89.43107604980469,Low
2802,78.99337005615234,Low
2803,77.13424682617188,Low
2804,92.83187103271484,Low
2805,97.5047836303711,Low
2806,86.89107513427734,Low
2807,167.42555236816406,High
2808,119.4902572631836,Medium
2809,81.98544311523438,Low
2810,85.89546966552734,Low
2811,162.47061157226562,High
2812,59.06488800048828,Low
2813,129.33155822753906,High
2814,237.41908264160156,High
2815,166.49794006347656,High
2816,158.04818725585938,High
2817,96.0251235961914,Low
2818,139.15248107910156,High
2819,99.41387176513672,Low
2820,83.43132781982422,Low
2821,154.15269470214844,High
2822,82.64431762695312,Low
2823,133.1996612548828,High
2824,102.04156494140625,Medium
2825,130.37767028808594,High
2826,62.674583435058594,Low
2827,85.20622253417969,Low
2828,122.54114532470703,Medium
2829,90.84125518798828,Low
2830,124.3001937866211,Medium
2831,123.2439193725586,Medium
2832,125.28845977783203,Medium
2833,164.33128356933594,High
2834,121.0986328125,Medium
2835,98.26836395263672,Low
2836,136.6726531982422,High
2837,116.5037612915039,Medium
2838,127.75603485107422,High
2839,115.97864532470703,Medium
2840,97.79949188232422,Low
2841,116.50125122070312,Medium
2842,95.32640075683594,Low
2843,109.70491790771484,Medium
2844,59.14487075805664,Low
2845,118.79792785644531,Medium
2846,49.059295654296875,Low
2847,116.43682861328125,Medium
2848,88.72213745117188,Low
2849,108.48713684082031,Medium
2850,119.12005615234375,Medium
2851,114.97400665283203,Medium
2852,151.45440673828125,High
2853,133.07460021972656,High
2854,126.22819519042969,Medium
2855,143.18373107910156,High
2856,101.65629577636719,Medium
2857,104.68904876708984,Medium
2858,120.52265930175781,Medium
2859,132.91683959960938,High
2860,80.21260833740234,Low
2861,76.1977767944336,Low
2862,70.64653015136719,Low
2863,144.82742309570312,High
2864,125.79900360107422,Medium
2865,82.86338806152344,Low
2866,111.14148712158203,Medium
2867,104.01773834228516,Medium
2868,130.5476531982422,High
2869,83.35051727294922,Low
2870,208.39553833007812,High
2871,137.44528198242188,High
2872,85.53718566894531,Low
2873,87.40180969238281,Low
2874,79.36104583740234,Low
2875,73.9870834350586,Low
2876,151.4563751220703,High
2877,116.39694213867188,Medium
2878,142.27687072753906,High
2879,89.58985137939453,Low
2880,57.6126708984375,Low
2881,86.4356689453125,Low
2882,132.32492065429688,High
2883,102.08171844482422,Medium
2884,78.55509185791016,Low
2885,153.46131896972656,High
2886,127.79652404785156,High
2887,114.37434387207031,Medium
2888,91.02349853515625,Low
2889,86.35316467285156,Low
2890,144.3021697998047,High
2891,121.9581298828125,Medium
2892,139.5695037841797,High
2893,57.27178192138672,Low
2894,177.92222595214844,High
2895,125.55025482177734,Medium
2896,138.8485870361328,High
2897,74.35503387451172,Low
2898,93.12004852294922,Low
2899,120.61277770996094,Medium
2900,132.1385040283203,High
2901,107.17637634277344,Medium
2902,102.15987396240234,Medium
2903,78.74088287353516,Low
2904,89.1843490600586,Low
2905,83.31098175048828,Low
2906,142.8806915283203,High
2907,153.55032348632812,High
2908,99.36575317382812,Low
2909,94.5326156616211,Low
2910,125.46672058105469,Medium
2911,123.90325164794922,Medium
2912,119.9774169921875,Medium
2913,67.4032974243164,Low
2914,87.24827575683594,Low
2915,123.4381103515625,Medium
2916,126.81971740722656,Medium
2917,64.12995910644531,Low
2918,330.15191650390625,High
2919,116.46489715576172,Medium
2920,121.9888916015625,Medium
2921,116.59435272216797,Medium
2922,119.24353790283203,Medium
2923,144.86883544921875,High
2924,158.32594299316406,High
2925,118.50314331054688,Medium
2926,93.81153106689453,Low
2927,113.35636901855469,Medium
2928,77.35066986083984,Low
2929,121.51636505126953,Medium
2930,75.04985046386719,Low
2931,89.56062316894531,Low
2932,126.14889526367188,Medium
2933,142.70346069335938,High
2934,145.06912231445312,High
2935,64.41975402832031,Low
2936,225.14300537109375,High
2937,103.98747253417969,Medium
2938,95.58909606933594,Low
2939,122.86563110351562,Medium
2940,119.12328338623047,Medium
2941,104.95745086669922,Medium
2942,78.49016571044922,Low
2943,125.46672058105469,Medium
2944,106.41036224365234,Medium
2945,197.16770935058594,High
2946,109.78601837158203,Medium
2947,116.4362564086914,Medium
2948,169.7288360595703,High
2949,100.24873352050781,Low
2950,167.9504852294922,High
2951,122.9179916381836,Medium
2952,127.43607330322266,High
2953,112.50830078125,Medium
2954,121.03591918945312,Medium
2955,137.64317321777344,High
2956,133.5637969970703,High
2957,106.66875457763672,Medium
2958,115.03498840332031,Medium
2959,211.3864288330078,High
2960,154.9640655517578,High
2961,71.68476867675781,Low
2962,108.90412902832031,Medium
2963,73.65211486816406,Low
2964,91.51136016845703,Low
2965,128.771240234375,High
2966,101.23580932617188,Medium
2967,56.858360290527344,Low
2968,152.16180419921875,High
2969,112.76546478271484,Medium
2970,120.955810546875,Medium
2971,133.08021545410156,High
2972,83.75011444091797,Low
2973,200.96636962890625,High
2974,81.60936737060547,Low
2975,132.67552185058594,High
2976,75.6922607421875,Low
2977,187.7041778564453,High
2978,60.20178985595703,Low
2979,123.36361694335938,Medium
2980,55.24579620361328,Low
2981,67.47698211669922,Low
2982,127.71310424804688,High
2983,97.16509246826172,Low
2984,81.45809173583984,Low
2985,109.99664306640625,Medium
2986,118.14481353759766,Medium
2987,138.5231170654297,High
2988,108.00260162353516,Medium
2989,125.9388427734375,Medium
2990,128.69898986816406,High
2991,193.5081329345703,High
2992,103.97586059570312,Medium
2993,125.75900268554688,Medium
2994,79.88833618164062,Low
2995,77.27735137939453,Low
2996,78.4316635131836,Low
2997,140.07061767578125,High
2998,125.28845977783203,Medium
2999,120.781982421875,Medium
3000,110.60929870605469,Medium
3001,104.19886016845703,Medium
3002,115.38640594482422,Medium
3003,110.43601989746094,Medium
3004,97.29698944091797,Low
3005,98.24925231933594,Low
3006,119.23638153076172,Medium
3007,177.88092041015625,High
3008,104.65037536621094,Medium
3009,129.7317352294922,High
3010,115.97864532470703,Medium
3011,95.82861328125,Low
3012,122.7359390258789,Medium
3013,106.11324310302734,Medium
3014,108.52019500732422,Medium
3015,126.66403198242188,Medium
3016,82.89688873291016,Low
3017,123.21207427978516,Medium
3018,111.07678985595703,Medium
3019,108.35359954833984,Medium
3020,118.92778778076172,Medium
3021,127.59136199951172,High
3022,268.97247314453125,High
3023,237.1251678466797,High
3024,82.25969696044922,Low
3025,106.04364776611328,Medium
3026,87.90164184570312,Low
3027,123.69546508789062,Medium
3028,128.5345458984375,High
3029,61.70082473754883,Low
3030,119.10211944580078,Medium
3031,87.29743194580078,Low
3032,88.4981918334961,Low
3033,133.40814208984375,High
3034,83.41051483154297,Low
3035,119.03504943847656,Medium
3036,127.76087188720703,High
3037,106.0356216430664,Medium
3038,127.03509521484375,Medium
3039,116.46489715576172,Medium
3040,89.70814514160156,Low
3041,100.9673080444336,Medium
3042,113.4995346069336,Medium
3043,117.40638732910156,Medium
3044,126.51118469238281,Medium
3045,82.7968978881836,Low
3046,127.91691589355469,High
3047,143.66915893554688,High
3048,75.78023529052734,Low
3049,87.43650817871094,Low
3050,108.42034912109375,Medium
3051,125.6618423461914,Medium
3052,117.5655288696289,Medium
3053,150.30728149414062,High
3054,75.48274993896484,Low
3055,133.40646362304688,High
3056,77.216796875,Low
3057,63.17318344116211,Low
3058,143.7239227294922,High
3059,268.78692626953125,High
3060,121.29717254638672,Medium
3061,90.19863891601562,Low
3062,98.99205017089844,Low
3063,130.7837677001953,High
3064,174.96624755859375,High
3065,221.96612548828125,High
3066,156.30081176757812,High
3067,85.71204376220703,Low
3068,142.3441162109375,High
3069,113.20098114013672,Medium
3070,123.1336898803711,Medium
3071,187.34422302246094,High
3072,64.91663360595703,Low
3073,138.01638793945312,High
3074,89.36091613769531,Low
3075,125.65715026855469,Medium
3076,123.84142303466797,Medium
3077,83.45279693603516,Low
3078,115.55712127685547,Medium
3079,85.15157318115234,Low
3080,105.1006851196289,Medium
3081,82.56765747070312,Low
3082,122.93479919433594,Medium
3083,86.58073425292969,Low
3084,117.40638732910156,Medium
3085,104.23682403564453,Medium
3086,83.84284210205078,Low
3087,84.08184051513672,Low
3088,79.45459747314453,Low
3089,74.51673889160156,Low
3090,158.056396484375,High
3091,136.65924072265625,High
3092,215.88099670410156,High
3093,123.90325164794922,Medium
3094,89.26226043701172,Low
3095,138.4972381591797,High
3096,74.06419372558594,Low
3097,70.73873138427734,Low
3098,86.68223571777344,Low
3099,124.54517364501953,Medium
3100,122.8436508178711,Medium
3101,125.46672058105469,Medium
3102,95.39892578125,Low
3103,312.060791015625,High
3104,117.60822296142578,Medium
3105,129.77842712402344,High
3106,123.11077880859375,Medium
3107,135.2825164794922,High
3108,244.10008239746094,High
3109,95.06104278564453,Low
3110,110.07493591308594,Medium
3111,140.58740234375,High
3112,130.7608642578125,High
3113,125.62395477294922,Medium
3114,86.79755401611328,Low
3115,72.74919891357422,Low
3116,106.76872253417969,Medium
3117,117.26378631591797,Medium
3118,301.6912841796875,High
3119,73.99962615966797,Low
3120,98.89817810058594,Low
3121,109.61012268066406,Medium
3122,182.80056762695312,High
3123,118.30584716796875,Medium
3124,153.0906219482422,High
3125,118.77806091308594,Medium
3126,126.6329345703125,Medium
3127,124.44700622558594,Medium
3128,106.36581420898438,Medium
3129,90.09797668457031,Low
3130,106.82986450195312,Medium
3131,58.86640167236328,Low
3132,161.1551055908203,High
3133,126.22819519042969,Medium
3134,116.02255249023438,Medium
3135,129.59153747558594,High
3136,114.9137191772461,Medium
3137,78.21082305908203,Low
3138,101.755126953125,Medium
3139,119.1007308959961,Medium
3140,110.22026062011719,Medium
3141,77.93367004394531,Low
3142,140.99197387695312,High
3143,132.40406799316406,High
3144,121.29717254638672,Medium
3145,107.29004669189453,Medium
3146,98.17696380615234,Low
3147,81.47517395019531,Low
3148,114.1912612915039,Medium
3149,142.6519775390625,High
3150,120.3140869140625,Medium
3151,126.51197814941406,Medium
3152,64.6876220703125,Low
3153,228.6883544921875,High
3154,158.1301727294922,High
3155,141.1221923828125,High
3156,153.99725341796875,High
3157,109.59583282470703,Medium
3158,105.45392608642578,Medium
3159,121.29717254638672,Medium
3160,269.57708740234375,High
3161,123.84452056884766,Medium
3162,133.0670166015625,High
3163,116.90609741210938,Medium
3164,80.79528045654297,Low
3165,125.09080505371094,Medium
3166,71.63993072509766,Low
3167,118.95230865478516,Medium
3168,81.07268524169922,Low
3169,173.85894775390625,High
3170,73.3083267211914,Low
3171,121.26622772216797,Medium
3172,118.1796875,Medium
3173,107.55721282958984,Medium
3174,80.54147338867188,Low
3175,85.553466796875,Low
3176,97.1358871459961,Low
3177,132.77525329589844,High
3178,139.01058959960938,High
3179,94.78009033203125,Low
3180,129.1679229736328,High
3181,87.76611328125,Low
3182,109.48379516601562,Medium
3183,119.94646453857422,Medium
3184,107.08373260498047,Medium
3185,55.431861877441406,Low
3186,73.30126190185547,Low
3187,133.9711151123047,High
3188,112.93000793457031,Medium
3189,109.29763793945312,Medium
3190,58.48963928222656,Low
3191,76.13742065429688,Low
3192,93.2108383178711,Low
3193,129.82781982421875,High
3194,212.19212341308594,High
3195,98.04435729980469,Low
3196,319.7511291503906,High
3197,59.38129806518555,Low
3198,138.04026794433594,High
3199,104.85750579833984,Medium
3200,107.98383331298828,Medium
3201,126.55512237548828,Medium
3202,82.48371124267578,Low
3203,106.0808334350586,Medium
3204,122.64178466796875,Medium
3205,83.90750885009766,Low
3206,238.05943298339844,High
3207,79.53646087646484,Low
3208,138.22195434570312,High
3209,162.3791046142578,High
3210,98.52757263183594,Low
3211,116.12403106689453,Medium
3212,104.70956420898438,Medium
3213,96.29248046875,Low
3214,123.31477355957031,Medium
3215,114.28734588623047,Medium
3216,89.89286804199219,Low
3217,89.14212036132812,Low
3218,108.52019500732422,Medium
3219,124.00931549072266,Medium
3220,65.36430358886719,Low
3221,122.99385070800781,Medium
3222,91.08027648925781,Low
3223,91.72831726074219,Low
3224,134.08456420898438,High
3225,117.40638732910156,Medium
3226,100.3606185913086,Low
3227,132.177490234375,High
3228,133.41400146484375,High
3229,116.46489715576172,Medium
3230,98.11583709716797,Low
3231,76.20523071289062,Low
3232,123.04232025146484,Medium
3233,97.96803283691406,Low
3234,84.80807495117188,Low
3235,119.73522186279297,Medium
3236,125.65715026855469,Medium
3237,131.56553649902344,High
3238,163.30003356933594,High
3239,81.9059066772461,Low
3240,95.51504516601562,Low
3241,149.0560302734375,High
3242,93.42507934570312,Low
3243,75.4731674194336,Low
3244,119.4902572631836,Medium
3245,68.73332977294922,Low
3246,90.20364379882812,Low
3247,98.58285522460938,Low
3248,140.35133361816406,High
3249,115.51936340332031,Medium
3250,135.25531005859375,High
3251,120.4151840209961,Medium
3252,213.38381958007812,High
3253,122.97725677490234,Medium
3254,85.04264831542969,Low
3255,133.08021545410156,High
3256,118.38433074951172,Medium
3257,63.889556884765625,Low
3258,125.90633392333984,Medium
3259,122.72254180908203,Medium
3260,297.848388671875,High
3261,79.55238342285156,Low
3262,137.58421325683594,High
3263,133.8561248779297,High
3264,122.68869018554688,Medium
3265,120.6648178100586,Medium
3266,126.16333770751953,Medium
3267,102.8233413696289,Medium
3268,97.60137939453125,Low
3269,93.43093872070312,Low
3270,118.11245727539062,Medium
3271,76.4721908569336,Low
3272,104.06526184082031,Medium
3273,118.30584716796875,Medium
3274,86.92817687988281,Low
3275,83.21961212158203,Low
3276,112.31181335449219,Medium
3277,148.6680450439453,High
3278,99.10072326660156,Low
3279,105.62405395507812,Medium
3280,120.30227661132812,Medium
3281,106.08097839355469,Medium
3282,127.85736846923828,High
3283,219.2515869140625,High
3284,92.73136901855469,Low
3285,88.6854248046875,Low
3286,104.99263000488281,Medium
3287,131.69076538085938,High
3288,158.30108642578125,High
3289,106.17029571533203,Medium
3290,59.489871978759766,Low
3291,123.1004867553711,Medium
3292,175.4909210205078,High
3293,134.7987823486328,High
3294,79.5706787109375,Low
3295,99.93403625488281,Low
3296,128.3808135986328,High
3297,107.92704772949219,Medium
3298,127.05265045166016,Medium
3299,137.81890869140625,High
3300,80.97504425048828,Low
3301,93.17161560058594,Low
3302,142.47682189941406,High
3303,72.90214538574219,Low
3304,155.73736572265625,High
3305,136.33767700195312,High
3306,110.98844146728516,Medium
3307,211.2007293701172,High
3308,125.57904052734375,Medium
3309,98.83653259277344,Low
3310,76.61872863769531,Low
3311,139.98817443847656,High
3312,119.931396484375,Medium
3313,61.83314514160156,Low
3314,146.71495056152344,High
3315,192.19007873535156,High
3316,101.92645263671875,Medium
3317,59.425289154052734,Low
3318,123.47161102294922,Medium
3319,116.28337860107422,Medium
3320,69.88575744628906,Low
3321,67.53632354736328,Low
3322,174.3026885986328,High
3323,142.94955444335938,High
3324,144.31588745117188,High
3325,124.38001251220703,Medium
3326,173.48831176757812,High
3327,110.68834686279297,Medium
3328,98.15264892578125,Low
3329,92.0204086303711,Low
3330,136.97105407714844,High
3331,118.30584716796875,Medium
3332,123.31477355957031,Medium
3333,111.47767639160156,Medium
3334,132.67552185058594,High
3335,86.48163604736328,Low
3336,155.79656982421875,High
3337,225.2611083984375,High
3338,106.57740783691406,Medium
3339,130.6082305908203,High
3340,112.02214050292969,Medium
3341,128.4268798828125,High
3342,120.80362701416016,Medium
3343,128.39645385742188,High
3344,95.07579040527344,Low
3345,60.92545700073242,Low
3346,127.68738555908203,High
3347,203.4015350341797,High
3348,121.69845581054688,Medium
3349,137.47991943359375,High
3350,113.7990951538086,Medium
3351,100.76953125,Medium
3352,107.372802734375,Medium
3353,92.5056381225586,Low
3354,107.58246612548828,Medium
3355,57.096923828125,Low
3356,97.08545684814453,Low
3357,79.69078826904297,Low
3358,135.1042938232422,High
3359,108.52019500732422,Medium
3360,62.55960464477539,Low
3361,98.70570373535156,Low
3362,120.99279022216797,Medium
3363,105.36844635009766,Medium
3364,111.80773162841797,Medium
3365,138.0194091796875,High
3366,144.0809326171875,High
3367,128.19537353515625,High
3368,134.46815490722656,High
3369,64.63831329345703,Low
3370,92.83110809326172,Low
3371,61.24365234375,Low
3372,105.81681823730469,Medium
3373,247.96966552734375,High
3374,91.98953247070312,Low
3375,83.88140106201172,Low
3376,142.17721557617188,High
3377,99.62220001220703,Low
3378,151.8968963623047,High
3379,75.08651733398438,Low
3380,105.91517639160156,Medium
3381,123.35953521728516,Medium
3382,175.9039306640625,High
3383,58.575164794921875,Low
3384,137.00634765625,High
3385,108.60910034179688,Medium
3386,81.06458282470703,Low
3387,126.22819519042969,Medium
3388,122.69889068603516,Medium
3389,110.35004425048828,Medium
3390,95.93627166748047,Low
3391,155.2051544189453,High
3392,84.9281005859375,Low
3393,133.1814727783203,High
3394,80.60014343261719,Low
3395,109.03321075439453,Medium
3396,137.14584350585938,High
3397,144.78770446777344,High
3398,155.90748596191406,High
3399,139.3090057373047,High
3400,112.76608276367188,Medium
3401,283.0746765136719,High
3402,121.83631896972656,Medium
3403,123.65383911132812,Medium
3404,163.79843139648438,High
3405,125.54438018798828,Medium
3406,165.1085205078125,High
3407,89.8271713256836,Low
3408,156.97628784179688,High
3409,119.77642059326172,Medium
3410,158.7543182373047,High
3411,101.35067749023438,Medium
3412,135.4738006591797,High
3413,143.09219360351562,High
3414,87.48528289794922,Low
3415,74.53657531738281,Low
3416,124.74432373046875,Medium
3417,118.07118225097656,Medium
3418,112.66921997070312,Medium
3419,112.24179077148438,Medium
3420,135.0168914794922,High
3421,100.39468383789062,Low
3422,275.9609375,High
3423,73.4861831665039,Low
3424,133.18502807617188,High
3425,213.34933471679688,High
3426,127.32726287841797,Medium
3427,89.03893280029297,Low
3428,166.0377197265625,High
3429,89.26535034179688,Low
3430,85.80612182617188,Low
3431,141.87246704101562,High
3432,86.00757598876953,Low
3433,129.29299926757812,High
3434,48.71321105957031,Low
3435,111.35086059570312,Medium
3436,135.26333618164062,High
3437,131.30931091308594,High
3438,134.46710205078125,High
3439,94.88081359863281,Low
3440,115.92291259765625,Medium
3441,85.32575988769531,Low
3442,90.54170989990234,Low
3443,114.43775939941406,Medium
3444,202.7353057861328,High
3445,90.16289520263672,Low
3446,106.90965270996094,Medium
3447,77.5664291381836,Low
3448,122.5797119140625,Medium
3449,81.84963989257812,Low
3450,78.57537078857422,Low
3451,96.8025131225586,Low
3452,85.9238510131836,Low
3453,130.085693359375,High
3454,92.95449829101562,Low
3455,116.63898468017578,Medium
3456,80.83238983154297,Low
3457,81.17637634277344,Low
3458,152.99864196777344,High
3459,114.1568603515625,Medium
3460,112.54125213623047,Medium
3461,95.53278350830078,Low
3462,115.82799530029297,Medium
3463,106.20538330078125,Medium
3464,95.10769653320312,Low
3465,120.60916137695312,Medium
3466,89.15995788574219,Low
3467,131.71804809570312,High
3468,143.8975372314453,High
3469,121.41169738769531,Medium
3470,117.22714233398438,Medium
3471,193.1302490234375,High
3472,210.35696411132812,High
3473,92.4908676147461,Low
3474,142.52664184570312,High
3475,99.16567993164062,Low
3476,83.76140594482422,Low
3477,113.01113891601562,Medium
3478,101.16522979736328,Medium
3479,114.52212524414062,Medium
3480,147.1620635986328,High
3481,48.71321105957031,Low
3482,122.22013092041016,Medium
3483,105.22752380371094,Medium
3484,124.25626373291016,Medium
3485,70.62955474853516,Low
3486,129.9738311767578,High
3487,88.82475280761719,Low
3488,177.8341522216797,High
3489,83.77139282226562,Low
3490,147.87939453125,High
3491,155.64056396484375,High
3492,78.5672607421875,Low
3493,87.68558502197266,Low
3494,115.05123138427734,Medium
3495,98.72782135009766,Low
3496,119.36714172363281,Medium
3497,76.91104125976562,Low
3498,122.19624328613281,Medium
3499,72.04473114013672,Low
3500,117.40638732910156,Medium
3501,236.51248168945312,High
3502,125.16503143310547,Medium
3503,119.4902572631836,Medium
3504,120.98925018310547,Medium
3505,95.71587371826172,Low
3506,62.33422088623047,Low
3507,69.42890167236328,Low
3508,76.43807220458984,Low
3509,109.09149932861328,Medium
3510,160.14918518066406,High
3511,213.2266387939453,High
3512,128.38783264160156,High
3513,91.41004943847656,Low
3514,116.26943969726562,Medium
3515,86.15108489990234,Low
3516,93.72692108154297,Low
3517,105.78164672851562,Medium
3518,79.6892318725586,Low
3519,103.02381896972656,Medium
3520,117.76251983642578,Medium
3521,93.86486053466797,Low
3522,127.44461822509766,High
3523,120.6172866821289,Medium
3524,246.62094116210938,High
3525,113.06649780273438,Medium
3526,109.50550842285156,Medium
3527,136.6726531982422,High
3528,146.27149963378906,High
3529,135.18382263183594,High
3530,128.1190185546875,High
3531,114.83690643310547,Medium
3532,125.58113098144531,Medium
3533,76.53275299072266,Low
3534,137.5259246826172,High
3535,75.43583679199219,Low
3536,75.18163299560547,Low
3537,156.4899139404297,High
3538,110.84557342529297,Medium
3539,100.23664093017578,Low
3540,136.45538330078125,High
3541,67.69419860839844,Low
3542,88.52824401855469,Low
3543,75.93598175048828,Low
3544,91.4377670288086,Low
3545,131.65499877929688,High
3546,150.2834014892578,High
3547,127.05265045166016,Medium
3548,96.42008209228516,Low
3549,107.15162658691406,Medium
3550,96.06324005126953,Low
3551,109.66411590576172,Medium
3552,124.65707397460938,Medium
3553,74.00305938720703,Low
3554,93.64778137207031,Low
3555,112.96504974365234,Medium
3556,79.4082260131836,Low
3557,136.32351684570312,High
3558,100.0519027709961,Low
3559,128.5345458984375,High
3560,86.62178802490234,Low
3561,129.407470703125,High
3562,96.25424194335938,Low
3563,167.27041625976562,High
3564,138.35330200195312,High
3565,89.51521301269531,Low
3566,121.29531860351562,Medium
3567,184.84182739257812,High
3568,105.92828369140625,Medium
3569,123.19305419921875,Medium
3570,113.13927459716797,Medium
3571,81.0974349975586,Low
3572,119.8499755859375,Medium
3573,141.56234741210938,High
3574,153.93524169921875,High
3575,88.43910217285156,Low
3576,169.20594787597656,High
3577,58.049468994140625,Low
3578,78.94730377197266,Low
3579,295.1310729980469,High
3580,71.25865173339844,Low
3581,75.79176330566406,Low
3582,70.80935668945312,Low
3583,99.96504974365234,Low
3584,169.36639404296875,High
3585,117.40638732910156,Medium
3586,127.63115692138672,High
3587,125.61144256591797,Medium
3588,134.12570190429688,High
3589,146.84048461914062,High
3590,142.5070037841797,High
3591,247.63319396972656,High
3592,103.47506713867188,Medium
3593,92.39764404296875,Low
3594,132.447265625,High
3595,157.2235107421875,High
3596,75.2024917602539,Low
3597,117.43965148925781,Medium
3598,136.5725860595703,High
3599,97.83292388916016,Low
3600,85.86837768554688,Low
3601,115.8907241821289,Medium
3602,114.00330352783203,Medium
3603,141.31625366210938,High
3604,114.44351959228516,Medium
3605,118.44975280761719,Medium
3606,165.33367919921875,High
3607,73.839599609375,Low
3608,132.32492065429688,High
3609,152.23147583007812,High
3610,129.3214111328125,High
3611,135.70407104492188,High
3612,128.07667541503906,High
3613,130.29209899902344,High
3614,105.23190307617188,Medium
3615,80.86463165283203,Low
3616,116.8222427368164,Medium
3617,120.52875518798828,Medium
3618,117.52605438232422,Medium
3619,104.4249267578125,Medium
3620,96.11980438232422,Low
3621,112.29133605957031,Medium
3622,148.1151123046875,High
3623,106.76475524902344,Medium
3624,105.54911804199219,Medium
3625,124.08699798583984,Medium
3626,117.60852813720703,Medium
3627,124.30038452148438,Medium
3628,135.812744140625,High
3629,103.91544342041016,Medium
3630,81.62384796142578,Low
3631,128.4268798828125,High
3632,95.63042449951172,Low
3633,94.05745697021484,Low
3634,132.2599334716797,High
3635,57.147377014160156,Low
3636,118.73792266845703,Medium
3637,90.52619171142578,Low
3638,123.15787506103516,Medium
3639,136.82606506347656,High
3640,79.37125396728516,Low
3641,120.0347900390625,Medium
3642,85.83932495117188,Low
3643,129.4517822265625,High
3644,158.52960205078125,High
3645,115.78675842285156,Medium
3646,130.85140991210938,High
3647,113.4521255493164,Medium
3648,210.84835815429688,High
3649,71.40156555175781,Low
3650,142.02960205078125,High
3651,128.26809692382812,High
3652,95.22408294677734,Low
3653,126.55512237548828,Medium
3654,123.80596923828125,Medium
3655,227.1410675048828,High
3656,117.9437026977539,Medium
3657,117.40638732910156,Medium
3658,89.30679321289062,Low
3659,83.80628204345703,Low
3660,82.52413940429688,Low
3661,81.48350524902344,Low
3662,258.9537353515625,High
3663,128.67637634277344,High
3664,128.5794219970703,High
3665,131.09677124023438,High
3666,81.87145233154297,Low
3667,152.82179260253906,High
3668,161.598876953125,High
3669,85.06939697265625,Low
3670,102.32048034667969,Medium
3671,191.47386169433594,High
3672,123.62863159179688,Medium
3673,83.84942626953125,Low
3674,123.99431610107422,Medium
3675,242.98464965820312,High
3676,111.9255142211914,Medium
3677,236.76666259765625,High
3678,102.03094482421875,Medium
3679,118.68439483642578,Medium
3680,132.67552185058594,High
3681,113.15570831298828,Medium
3682,132.80430603027344,High
3683,121.52649688720703,Medium
3684,115.54430389404297,Medium
3685,152.64642333984375,High
3686,159.70652770996094,High
3687,98.37580108642578,Low
3688,161.9357452392578,High
3689,133.51904296875,High
3690,93.67430114746094,Low
3691,141.84178161621094,High
3692,95.6050796508789,Low
3693,131.3108367919922,High
3694,131.3286895751953,High
3695,64.80003356933594,Low
3696,122.58029174804688,Medium
3697,190.48593139648438,High
3698,78.6824722290039,Low
3699,134.34803771972656,High
3700,116.55116271972656,Medium
3701,59.464637756347656,Low
3702,171.48301696777344,High
3703,79.16793823242188,Low
3704,134.9954071044922,High
3705,265.6355895996094,High
3706,147.45468139648438,High
3707,156.32986450195312,High
3708,166.15994262695312,High
3709,124.51952362060547,Medium
3710,116.88562774658203,Medium
3711,118.46363067626953,Medium
3712,122.92300415039062,Medium
3713,132.67552185058594,High
3714,115.30293273925781,Medium
3715,111.1457748413086,Medium
3716,95.36717987060547,Low
3717,112.85826873779297,Medium
3718,97.49943542480469,Low
3719,90.244384765625,Low
3720,85.9947738647461,Low
3721,85.31593322753906,Low
3722,105.56439208984375,Medium
3723,114.51960754394531,Medium
3724,105.99256134033203,Medium
3725,58.40796661376953,Low
3726,129.33155822753906,High
3727,249.69337463378906,High
3728,121.65340423583984,Medium
3729,87.6174087524414,Low
3730,70.20730590820312,Low
3731,75.12415313720703,Low
3732,70.9214096069336,Low
3733,178.83018493652344,High
3734,91.18439483642578,Low
3735,120.97611236572266,Medium
3736,194.21917724609375,High
3737,118.8111801147461,Medium
3738,69.58499145507812,Low
3739,114.49337005615234,Medium
3740,168.42832946777344,High
3741,77.84869384765625,Low
3742,103.46966552734375,Medium
3743,218.880859375,High
3744,126.34013366699219,Medium
3745,117.63984680175781,Medium
3746,145.2459716796875,High
3747,78.1500015258789,Low
3748,101.91341400146484,Medium
3749,126.39839172363281,Medium
3750,72.99922180175781,Low
3751,191.4558868408203,High
3752,77.97830963134766,Low
3753,60.01180648803711,Low
3754,218.09352111816406,High
3755,118.20006561279297,Medium
3756,132.01124572753906,High
3757,91.59220123291016,Low
3758,79.01883697509766,Low
3759,268.7728576660156,High
3760,66.21327209472656,Low
3761,128.54733276367188,High
3762,77.10889434814453,Low
3763,204.0265350341797,High
3764,125.97508239746094,Medium
3765,200.4962921142578,High
3766,76.6288070678711,Low
3767,105.89457702636719,Medium
3768,155.28375244140625,High
3769,93.57199096679688,Low
3770,55.9317741394043,Low
3771,113.2518310546875,Medium
3772,210.97500610351562,High
3773,99.70263671875,Low
3774,215.57676696777344,High
3775,117.4609375,Medium
3776,106.67608642578125,Medium
3777,132.61331176757812,High
3778,119.31629180908203,Medium
3779,106.93180847167969,Medium
3780,191.78900146484375,High
3781,88.45242309570312,Low
3782,82.7910385131836,Low
3783,133.07557678222656,High
3784,108.91643524169922,Medium
3785,76.15884399414062,Low
3786,74.41559600830078,Low
3787,95.1579360961914,Low
3788,103.01182556152344,Medium
3789,172.3504180908203,High
3790,274.5760498046875,High
3791,112.19648742675781,Medium
3792,53.76193618774414,Low
3793,117.40638732910156,Medium
3794,158.6496124267578,High
3795,113.69700622558594,Medium
3796,123.28194427490234,Medium
3797,115.96540069580078,Medium
3798,124.32160186767578,Medium
3799,117.38385772705078,Medium
3800,137.00634765625,High
3801,72.5718765258789,Low
3802,70.04472351074219,Low
3803,73.20694732666016,Low
3804,91.57308959960938,Low
3805,125.19776916503906,Medium
3806,100.73207092285156,Medium
3807,84.21949768066406,Low
3808,158.24679565429688,High
3809,248.33982849121094,High
3810,130.8860321044922,High
3811,83.4345703125,Low
3812,96.41211700439453,Low
3813,195.77113342285156,High
3814,156.98011779785156,High
3815,140.2906036376953,High
3816,233.6925811767578,High
3817,171.40054321289062,High
3818,129.08847045898438,High
3819,113.24927520751953,Medium
3820,89.55754089355469,Low
3821,124.02558135986328,Medium
3822,114.58340454101562,Medium
3823,62.90681838989258,Low
3824,120.0347900390625,Medium
3825,125.41547393798828,Medium
3826,103.99578857421875,Medium
3827,92.59465026855469,Low
3828,119.40914154052734,Medium
3829,154.69528198242188,High
3830,144.7886505126953,High
3831,215.59817504882812,High
3832,93.66715240478516,Low
3833,103.53367614746094,Medium
3834,73.76109313964844,Low
3835,141.67922973632812,High
3836,113.4995346069336,Medium
3837,90.41353607177734,Low
3838,119.83345031738281,Medium
3839,159.88133239746094,High
3840,83.2484130859375,Low
3841,129.41421508789062,High
3842,64.0836410522461,Low
3843,101.59419250488281,Medium
3844,78.400634765625,Low
3845,78.94157409667969,Low
3846,125.22175598144531,Medium
3847,232.92303466796875,High
3848,119.4902572631836,Medium
3849,79.19568634033203,Low
3850,107.191162109375,Medium
3851,278.5556335449219,High
3852,123.31477355957031,Medium
3853,127.83151245117188,High
3854,116.80740356445312,Medium
3855,73.33598327636719,Low
3856,103.78475189208984,Medium
3857,105.50008392333984,Medium
3858,70.05523681640625,Low
3859,109.50635528564453,Medium
3860,68.03192901611328,Low
3861,73.5813217163086,Low
3862,127.54432678222656,High
3863,200.10108947753906,High
3864,120.66539764404297,Medium
3865,121.8031234741211,Medium
3866,78.15950775146484,Low
3867,150.35464477539062,High
3868,99.00309753417969,Low
3869,78.95471954345703,Low
3870,130.94302368164062,High
3871,78.32257843017578,Low
3872,90.8055648803711,Low
3873,71.01856231689453,Low
3874,77.31382751464844,Low
3875,123.77955627441406,Medium
3876,157.93585205078125,High
3877,98.64459991455078,Low
3878,192.42166137695312,High
3879,137.06776428222656,High
3880,92.75090026855469,Low
3881,203.9563446044922,High
3882,82.2558822631836,Low
3883,152.47000122070312,High
3884,125.23881530761719,Medium
3885,112.02214050292969,Medium
3886,137.00634765625,High
3887,87.12039947509766,Low
3888,170.89158630371094,High
3889,117.6279525756836,Medium
3890,81.8951644897461,Low
3891,161.0139617919922,High
3892,61.18607711791992,Low
3893,72.669921875,Low
3894,144.20550537109375,High
3895,126.34013366699219,Medium
3896,68.52906799316406,Low
3897,120.37228393554688,Medium
3898,107.06244659423828,Medium
3899,271.025390625,High
3900,79.63782501220703,Low
3901,75.46715545654297,Low
3902,133.37831115722656,High
3903,110.89131927490234,Medium
3904,88.57764434814453,Low
3905,96.0014877319336,Low
3906,77.51226043701172,Low
3907,127.5810546875,High
3908,84.79483795166016,Low
3909,119.78919219970703,Medium
3910,118.1544189453125,Medium
3911,125.68707275390625,Medium
3912,178.77345275878906,High
3913,136.6726531982422,High
3914,130.1663360595703,High
3915,138.35330200195312,High
3916,135.61367797851562,High
3917,89.00946807861328,Low
3918,145.34487915039062,High
3919,121.52649688720703,Medium
3920,97.24344635009766,Low
3921,134.7450408935547,High
3922,84.79940032958984,Low
3923,135.9696502685547,High
3924,138.09727478027344,High
3925,102.73430633544922,Medium
3926,126.44878387451172,Medium
3927,134.50296020507812,High
3928,71.63949584960938,Low
3929,87.0551986694336,Low
3930,120.7693862915039,Medium
3931,182.17567443847656,High
3932,103.50252532958984,Medium
3933,126.70208740234375,Medium
3934,91.0235366821289,Low
3935,162.7058868408203,High
3936,132.03575134277344,High
3937,103.66049194335938,Medium
3938,159.5987091064453,High
3939,248.4720458984375,High
3940,88.57933044433594,Low
3941,88.117919921875,Low
3942,126.66705322265625,Medium
3943,120.41362762451172,Medium
3944,57.583717346191406,Low
3945,110.22603607177734,Medium
3946,123.61469268798828,Medium
3947,129.7927703857422,High
3948,130.34263610839844,High
3949,93.70603942871094,Low
3950,109.92957305908203,Medium
3951,106.62725830078125,Medium
3952,87.63367462158203,Low
3953,117.10926818847656,Medium
3954,136.12086486816406,High
3955,103.15400695800781,Medium
3956,143.8384246826172,High
3957,125.90899658203125,Medium
3958,94.47476196289062,Low
3959,155.5985107421875,High
3960,126.80232238769531,Medium
3961,92.11785888671875,Low
3962,121.29717254638672,Medium
3963,90.60796356201172,Low
3964,127.38265991210938,High
3965,100.80994415283203,Medium
3966,116.62332916259766,Medium
3967,59.30015563964844,Low
3968,132.61167907714844,High
3969,136.60934448242188,High
3970,113.5744857788086,Medium
3971,128.0219268798828,High
3972,118.30584716796875,Medium
3973,82.7092514038086,Low
3974,118.62344360351562,Medium
3975,101.33264923095703,Medium
3976,119.55635070800781,Medium
3977,166.89353942871094,High
3978,107.31857299804688,Medium
3979,54.32090759277344,Low
3980,73.73372650146484,Low
3981,114.60079956054688,Medium
3982,120.55055236816406,Medium
3983,92.70613098144531,Low
3984,97.23531341552734,Low
3985,118.32453155517578,Medium
3986,112.6499252319336,Medium
3987,136.41769409179688,High
3988,89.0447769165039,Low
3989,122.61181640625,Medium
3990,123.56784057617188,Medium
3991,131.96946716308594,High
3992,129.73629760742188,High
3993,137.00634765625,High
3994,101.81636047363281,Medium
3995,260.5282897949219,High
3996,95.21954345703125,Low
3997,101.16392517089844,Medium
3998,94.4469223022461,Low
3999,101.33833312988281,Medium
4000,142.9329833984375,High
4001,169.9020233154297,High
4002,76.71525573730469,Low
4003,127.96736145019531,High
4004,70.32870483398438,Low
4005,119.34573364257812,Medium
4006,134.6270751953125,High
4007,134.9954071044922,High
4008,115.92620849609375,Medium
4009,86.79813385009766,Low
4010,62.913509368896484,Low
4011,104.65188598632812,Medium
4012,90.62947845458984,Low
4013,206.31869506835938,High
4014,121.71440887451172,Medium
4015,119.97482299804688,Medium
4016,117.40638732910156,Medium
4017,77.3777847290039,Low
4018,81.38356018066406,Low
4019,144.0096893310547,High
4020,121.29717254638672,Medium
4021,120.83856964111328,Medium
4022,122.5797119140625,Medium
4023,55.65239715576172,Low
4024,121.0986328125,Medium
4025,76.06389617919922,Low
4026,115.38455963134766,Medium
4027,120.30706787109375,Medium
4028,80.64048767089844,Low
4029,83.84367370605469,Low
4030,116.95361328125,Medium
4031,84.30176544189453,Low
4032,76.74141693115234,Low
4033,96.23546600341797,Low
4034,132.2599334716797,High
4035,93.25787353515625,Low
4036,114.32752990722656,Medium
4037,116.13388061523438,Medium
4038,58.724510192871094,Low
4039,76.03133392333984,Low
4040,126.89076232910156,Medium
4041,113.54315948486328,Medium
4042,55.5414924621582,Low
4043,122.42977142333984,Medium
4044,125.46672058105469,Medium
4045,111.50802612304688,Medium
4046,132.42588806152344,High
4047,94.35071563720703,Low
4048,134.9954071044922,High
4049,109.5632553100586,Medium
4050,148.6680450439453,High
4051,118.1991958618164,Medium
4052,153.21824645996094,High
4053,110.78974151611328,Medium
4054,85.97359466552734,Low
4055,87.13705444335938,Low
4056,133.57940673828125,High
4057,145.99151611328125,High
4058,328.2142639160156,High
4059,102.56681060791016,Medium
4060,121.76801300048828,Medium
4061,124.4520263671875,Medium
4062,82.45865631103516,Low
4063,58.79966735839844,Low
4064,121.0986328125,Medium
4065,169.38507080078125,High
4066,122.95496368408203,Medium
4067,310.9322509765625,High
4068,97.30375671386719,Low
4069,167.6227569580078,High
4070,126.78008270263672,Medium
4071,122.23118591308594,Medium
4072,116.75627899169922,Medium
4073,81.38912200927734,Low
4074,145.4723663330078,High
4075,119.34544372558594,Medium
4076,136.34388732910156,High
4077,180.1887664794922,High
4078,89.08341979980469,Low
4079,139.97792053222656,High
4080,102.74909210205078,Medium
4081,125.08338928222656,Medium
4082,126.34013366699219,Medium
4083,105.0770492553711,Medium
4084,71.34468841552734,Low
4085,95.18899536132812,Low
4086,124.39786529541016,Medium
4087,69.15959167480469,Low
4088,103.82374572753906,Medium
4089,130.16429138183594,High
4090,176.81195068359375,High
4091,68.31649017333984,Low
4092,83.9365463256836,Low
4093,109.71398162841797,Medium
4094,114.8134765625,Medium
4095,117.26277160644531,Medium
4096,205.8859100341797,High
4097,116.83113098144531,Medium
4098,123.90325164794922,Medium
4099,117.89218139648438,Medium
4100,161.27099609375,High
4101,65.3954086303711,Low
4102,137.75729370117188,High
4103,135.60488891601562,High
4104,136.33767700195312,High
4105,104.58597564697266,Medium
4106,143.66915893554688,High
4107,80.22772216796875,Low
4108,146.23162841796875,High
4109,82.67237854003906,Low
4110,83.27143096923828,Low
4111,136.1310272216797,High
4112,124.78096771240234,Medium
4113,132.83258056640625,High
4114,76.41907501220703,Low
4115,95.01148986816406,Low
4116,75.52146911621094,Low
4117,120.27863311767578,Medium
4118,289.89874267578125,High
4119,125.82543182373047,Medium
4120,60.86472702026367,Low
4121,132.2599334716797,High
4122,117.14591217041016,Medium
4123,111.04467010498047,Medium
4124,95.49840545654297,Low
4125,243.1267547607422,High
4126,118.25257110595703,Medium
4127,96.3741226196289,Low
4128,148.4933624267578,High
4129,85.27615356445312,Low
4130,135.8142852783203,High
4131,107.08338928222656,Medium
4132,145.74322509765625,High
4133,131.34495544433594,High
4134,263.3333740234375,High
4135,126.34013366699219,Medium
4136,118.40846252441406,Medium
4137,86.14950561523438,Low
4138,110.14155578613281,Medium
4139,189.7931365966797,High
4140,114.15194702148438,Medium
4141,87.01237487792969,Low
4142,121.51215362548828,Medium
4143,235.82997131347656,High
4144,157.50265502929688,High
4145,178.25624084472656,High
4146,115.66288757324219,Medium
4147,60.370357513427734,Low
4148,197.79296875,High
4149,154.7811737060547,High
4150,114.48997497558594,Medium
4151,125.5679702758789,Medium
4152,120.75238037109375,Medium
4153,104.16816711425781,Medium
4154,94.40316009521484,Low
4155,89.22503662109375,Low
4156,143.86294555664062,High
4157,106.96961975097656,Medium
4158,114.3750228881836,Medium
4159,87.4560775756836,Low
4160,125.7181396484375,Medium
4161,293.6016540527344,High
4162,92.39839172363281,Low
4163,104.87945556640625,Medium
4164,115.1606216430664,Medium
4165,119.72471618652344,Medium
4166,147.2396240234375,High
4167,70.56242370605469,Low
4168,82.25848388671875,Low
4169,120.41362762451172,Medium
4170,226.88621520996094,High
4171,118.76604461669922,Medium
4172,106.84610748291016,Medium
4173,158.0673370361328,High
4174,75.20095825195312,Low
4175,150.10089111328125,High
4176,89.63758087158203,Low
4177,67.12298583984375,Low
4178,135.5114288330078,High
4179,130.6568603515625,High
4180,100.32807159423828,Low
4181,85.81910705566406,Low
4182,100.68974304199219,Medium
4183,87.50587463378906,Low
4184,85.82202911376953,Low
4185,118.42366027832031,Medium
4186,66.08058166503906,Low
4187,90.67733001708984,Low
4188,98.08673858642578,Low
4189,82.64739990234375,Low
4190,82.70097351074219,Low
4191,91.4628677368164,Low
4192,81.2052001953125,Low
4193,138.9368438720703,High
4194,99.6509017944336,Low
4195,101.86357879638672,Medium
4196,82.97578430175781,Low
4197,129.54161071777344,High
4198,121.99571228027344,Medium
4199,85.72264099121094,Low
4200,119.6087646484375,Medium
4201,160.85372924804688,High
4202,79.68524169921875,Low
4203,101.5063247680664,Medium
4204,149.28363037109375,High
4205,117.51071166992188,Medium
4206,255.13441467285156,High
4207,112.96504974365234,Medium
4208,98.97390747070312,Low
4209,118.20006561279297,Medium
4210,102.13671875,Medium
4211,64.73054504394531,Low
4212,135.5184783935547,High
4213,118.98898315429688,Medium
4214,91.15192413330078,Low
4215,131.1533660888672,High
4216,183.14234924316406,High
4217,112.028564453125,Medium
4218,107.32447052001953,Medium
4219,122.82329559326172,Medium
4220,103.60540008544922,Medium
4221,101.75894165039062,Medium
4222,320.4627990722656,High
4223,113.60688018798828,Medium
4224,165.49749755859375,High
4225,120.17328643798828,Medium
4226,142.75537109375,High
4227,302.8912048339844,High
4228,109.44509887695312,Medium
4229,110.24174499511719,Medium
4230,125.45738220214844,Medium
4231,122.07490539550781,Medium
4232,82.0247573852539,Low
4233,124.25626373291016,Medium
4234,158.9626922607422,High
4235,123.2439193725586,Medium
4236,174.3628387451172,High
4237,149.46405029296875,High
4238,129.86354064941406,High
4239,265.2603759765625,High
4240,121.4431381225586,Medium
4241,103.90725708007812,Medium
4242,88.38227844238281,Low
4243,81.1900405883789,Low
4244,112.99440002441406,Medium
4245,95.83393859863281,Low
4246,100.78899383544922,Medium
4247,129.7568359375,High
4248,92.23974609375,Low
4249,119.34676361083984,Medium
4250,119.70560455322266,Medium
4251,147.33172607421875,High
4252,154.6854248046875,High
4253,129.7927703857422,High
4254,122.07054901123047,Medium
4255,108.06648254394531,Medium
4256,116.46489715576172,Medium
4257,93.13175201416016,Low
4258,84.18309783935547,Low
4259,130.85598754882812,High
4260,60.30501937866211,Low
4261,212.27162170410156,High
4262,118.8682861328125,Medium
4263,117.35198211669922,Medium
4264,138.3105926513672,High
4265,238.05519104003906,High
4266,128.19537353515625,High
4267,80.99433898925781,Low
4268,111.48881530761719,Medium
4269,99.78876495361328,Low
4270,112.72787475585938,Medium
4271,132.0095672607422,High
4272,139.43063354492188,High
4273,122.22021484375,Medium
4274,96.44497680664062,Low
4275,161.86923217773438,High
4276,80.037353515625,Low
4277,130.45587158203125,High
4278,116.33808135986328,Medium
4279,51.69760513305664,Low
4280,100.3957290649414,Low
4281,125.77195739746094,Medium
4282,131.72015380859375,High
4283,122.27527618408203,Medium
4284,96.4461898803711,Low
4285,118.7365493774414,Medium
4286,130.7129669189453,High
4287,162.37112426757812,High
4288,84.46561431884766,Low
4289,101.309326171875,Medium
4290,123.31477355957031,Medium
4291,126.4880142211914,Medium
4292,173.15298461914062,High
4293,141.50221252441406,High
4294,146.40736389160156,High
4295,225.5053253173828,High
4296,240.04446411132812,High
4297,93.1922378540039,Low
4298,128.39816284179688,High
4299,130.25051879882812,High
4300,64.12155151367188,Low
4301,74.55050659179688,Low
4302,135.97036743164062,High
4303,149.47146606445312,High
4304,169.7581329345703,High
4305,94.60737609863281,Low
4306,94.55852508544922,Low
4307,162.533447265625,High
4308,108.4699478149414,Medium
4309,121.29717254638672,Medium
4310,124.25626373291016,Medium
4311,147.92694091796875,High
4312,160.8898162841797,High
4313,137.44528198242188,High
4314,117.40638732910156,Medium
4315,124.25626373291016,Medium
4316,122.5287094116211,Medium
4317,107.03800964355469,Medium
4318,126.66352081298828,Medium
4319,120.21167755126953,Medium
4320,121.29717254638672,Medium
4321,131.95465087890625,High
4322,107.04850769042969,Medium
4323,118.96886444091797,Medium
4324,75.02926635742188,Low
4325,97.86224365234375,Low
4326,92.78577423095703,Low
4327,104.44506072998047,Medium
4328,55.870513916015625,Low
4329,107.19935607910156,Medium
4330,105.1392822265625,Medium
4331,58.758460998535156,Low
4332,111.7142105102539,Medium
4333,103.7263412475586,Medium
4334,110.18250274658203,Medium
4335,133.1804656982422,High
4336,126.4880142211914,Medium
4337,96.85221862792969,Low
4338,72.6370849609375,Low
4339,84.01358795166016,Low
4340,154.79615783691406,High
4341,163.54415893554688,High
4342,140.66990661621094,High
4343,125.43585968017578,Medium
4344,77.29788208007812,Low
4345,126.31291961669922,Medium
4346,130.57579040527344,High
4347,139.38619995117188,High
4348,121.29717254638672,Medium
4349,82.62310028076172,Low
4350,128.75315856933594,High
4351,98.7215805053711,Low
4352,135.6177978515625,High
4353,133.4013671875,High
4354,116.38407897949219,Medium
4355,284.1752624511719,High
4356,233.3116455078125,High
4357,126.99720001220703,Medium
4358,83.97305297851562,Low
4359,93.33836364746094,Low
4360,93.03573608398438,Low
4361,195.26380920410156,High
4362,141.50457763671875,High
4363,154.28770446777344,High
4364,146.81582641601562,High
4365,145.37380981445312,High
4366,129.42593383789062,High
4367,117.68485260009766,Medium
4368,126.20245361328125,Medium
4369,211.57814025878906,High
4370,119.36714172363281,Medium
4371,135.60488891601562,High
4372,168.94224548339844,High
4373,85.30011749267578,Low
4374,106.17960357666016,Medium
4375,127.05265045166016,Medium
4376,201.28512573242188,High
4377,87.20381164550781,Low
4378,102.36941528320312,Medium
4379,68.31085968017578,Low
4380,106.95427703857422,Medium
4381,75.4875259399414,Low
4382,175.4318084716797,High
4383,74.74230194091797,Low
4384,72.90345764160156,Low
4385,102.29999542236328,Medium
4386,95.2192611694336,Low
4387,148.79312133789062,High
4388,144.30882263183594,High
4389,140.2137908935547,High
4390,133.40814208984375,High
4391,129.0161895751953,High
4392,142.53904724121094,High
4393,113.96146392822266,Medium
4394,191.1929931640625,High
4395,181.9154052734375,High
4396,100.02510833740234,Low
4397,277.8972473144531,High
4398,140.8020477294922,High
4399,133.70970153808594,High
4400,75.52533721923828,Low
4401,147.82875061035156,High
4402,134.70103454589844,High
4403,135.97036743164062,High
4404,87.86407470703125,Low
4405,72.63802337646484,Low
4406,130.59921264648438,High
4407,108.16213989257812,Medium
4408,127.54432678222656,High
4409,67.66854858398438,Low
4410,93.43032836914062,Low
4411,121.0986328125,Medium
4412,58.190799713134766,Low
4413,116.5615005493164,Medium
4414,144.41473388671875,High
4415,116.19371032714844,Medium
4416,74.23077392578125,Low
4417,116.95498657226562,Medium
4418,129.3484344482422,High
4419,127.05265045166016,Medium
4420,253.94891357421875,High
4421,106.68646240234375,Medium
4422,113.07735443115234,Medium
4423,122.88738250732422,Medium
4424,123.46930694580078,Medium
4425,134.36514282226562,High
4426,133.1996612548828,High
4427,110.90155029296875,Medium
4428,117.09989929199219,Medium
4429,166.88754272460938,High
4430,124.86837005615234,Medium
4431,100.17947387695312,Low
4432,160.14918518066406,High
4433,113.66195678710938,Medium
4434,102.89494323730469,Medium
4435,121.93119049072266,Medium
4436,71.41259765625,Low
4437,129.16049194335938,High
4438,81.20124053955078,Low
4439,122.41189575195312,Medium
4440,93.57141876220703,Low
4441,317.3013610839844,High
4442,88.59854888916016,Low
4443,54.825462341308594,Low
4444,258.6070556640625,High
4445,110.17473602294922,Medium
4446,120.34065246582031,Medium
4447,92.83663177490234,Low
4448,101.15040588378906,Medium
4449,108.67647552490234,Medium
4450,287.5613708496094,High
4451,84.47138977050781,Low
4452,121.34877014160156,Medium
4453,116.46489715576172,Medium
4454,100.37212371826172,Low
4455,133.21388244628906,High
4456,148.37762451171875,High
4457,107.52245330810547,Medium
4458,219.1417694091797,High
4459,159.21624755859375,High
4460,88.79511260986328,Low
4461,79.31503295898438,Low
4462,160.91021728515625,High
4463,92.71857452392578,Low
4464,131.4915008544922,High
4465,84.44803619384766,Low
4466,121.28195190429688,Medium
4467,82.25616455078125,Low
4468,132.74163818359375,High
4469,123.90325164794922,Medium
4470,95.70526885986328,Low
4471,90.5497817993164,Low
4472,121.41169738769531,Medium
4473,113.27542114257812,Medium
4474,109.6832275390625,Medium
4475,98.6590576171875,Low
4476,217.3231201171875,High
4477,165.1355438232422,High
4478,127.8149642944336,High
4479,127.88616180419922,High
4480,86.7875747680664,Low
4481,162.00392150878906,High
4482,190.9952392578125,High
4483,139.28762817382812,High
4484,141.70252990722656,High
4485,79.57008361816406,Low
4486,191.42552185058594,High
4487,124.57599639892578,Medium
4488,91.88212585449219,Low
4489,67.49473571777344,Low
4490,148.47366333007812,High
4491,202.89651489257812,High
4492,91.6673355102539,Low
4493,129.38922119140625,High
4494,139.24972534179688,High
4495,85.46261596679688,Low
4496,80.12686157226562,Low
4497,131.3108367919922,High
4498,111.86803436279297,Medium
4499,75.28343963623047,Low
4500,83.79704284667969,Low
4501,125.15718078613281,Medium
4502,123.47598266601562,Medium
4503,115.04393768310547,Medium
4504,99.60521697998047,Low
4505,122.81877136230469,Medium
4506,123.43370819091797,Medium
4507,73.47258758544922,Low
4508,220.39207458496094,High
4509,130.29774475097656,High
4510,104.62660217285156,Medium
4511,162.5223388671875,High
4512,203.9611053466797,High
4513,138.60232543945312,High
4514,132.10450744628906,High
4515,128.25572204589844,High
4516,244.330078125,High
4517,88.3050765991211,Low
4518,143.53329467773438,High
4519,127.4670639038086,High
4520,118.37071990966797,Medium
4521,105.96969604492188,Medium
4522,100.23664093017578,Low
4523,128.5345458984375,High
4524,105.02001953125,Medium
4525,64.47500610351562,Low
4526,131.71145629882812,High
4527,69.61676025390625,Low
4528,121.65994262695312,Medium
4529,102.08821868896484,Medium
4530,111.37799835205078,Medium
4531,207.46649169921875,High
4532,96.55056762695312,Low
4533,126.4880142211914,Medium
4534,191.09519958496094,High
4535,133.3484344482422,High
4536,71.05929565429688,Low
4537,132.14974975585938,High
4538,123.0546875,Medium
4539,132.458740234375,High
4540,94.49834442138672,Low
4541,149.2167205810547,High
4542,133.43812561035156,High
4543,69.96786499023438,Low
4544,122.30564880371094,Medium
4545,102.12796783447266,Medium
4546,137.58421325683594,High
4547,117.40638732910156,Medium
4548,75.0599136352539,Low
4549,142.0485076904297,High
4550,159.54867553710938,High
4551,54.201210021972656,Low
4552,119.86724090576172,Medium
4553,74.19255065917969,Low
4554,153.9787139892578,High
4555,131.37481689453125,High
4556,103.67011260986328,Medium
4557,84.4077377319336,Low
4558,120.6648178100586,Medium
4559,132.64707946777344,High
4560,93.27122497558594,Low
4561,124.05792236328125,Medium
4562,128.8246307373047,High
4563,71.31779479980469,Low
4564,110.20323944091797,Medium
4565,119.4902572631836,Medium
4566,83.53475952148438,Low
4567,128.0087127685547,High
4568,108.1332778930664,Medium
4569,107.3453140258789,Medium
4570,124.93121337890625,Medium
4571,127.54432678222656,High
4572,99.2228775024414,Low
4573,137.81764221191406,High
4574,70.01875305175781,Low
4575,291.51434326171875,High
4576,132.6719970703125,High
4577,122.1150894165039,Medium
4578,119.4902572631836,Medium
4579,108.52019500732422,Medium
4580,81.6294174194336,Low
4581,179.14051818847656,High
4582,48.71321105957031,Low
4583,117.40638732910156,Medium
4584,116.11093139648438,Medium
4585,88.00486755371094,Low
4586,88.3703842163086,Low
4587,99.42469024658203,Low
4588,120.64137268066406,Medium
4589,125.90340423583984,Medium
4590,84.69329071044922,Low
4591,120.88212585449219,Medium
4592,127.32168579101562,Medium
4593,120.781982421875,Medium
4594,92.26559448242188,Low
4595,122.5797119140625,Medium
4596,88.82070922851562,Low
4597,149.21824645996094,High
4598,135.92599487304688,High
4599,76.11730194091797,Low
4600,121.53469848632812,Medium
4601,152.43191528320312,High
4602,138.8594970703125,High
4603,149.03123474121094,High
4604,102.58428955078125,Medium
4605,60.98706817626953,Low
4606,270.28399658203125,High
4607,83.52818298339844,Low
4608,129.70382690429688,High
4609,113.44142150878906,Medium
4610,114.73136901855469,Medium
4611,95.30488586425781,Low
4612,179.6011505126953,High
4613,172.6252899169922,High
4614,95.86872100830078,Low
4615,91.9155044555664,Low
4616,148.24546813964844,High
4617,286.6846618652344,High
4618,126.34013366699219,Medium
4619,91.81218719482422,Low
4620,102.10858154296875,Medium
4621,73.8817138671875,Low
4622,110.698974609375,Medium
4623,108.31864929199219,Medium
4624,178.27371215820312,High
4625,99.53939056396484,Low
4626,86.52389526367188,Low
4627,171.65524291992188,High
4628,123.90325164794922,Medium
4629,135.72378540039062,High
4630,156.70703125,High
4631,116.46489715576172,Medium
4632,84.80885314941406,Low
4633,143.66915893554688,High
4634,91.73045349121094,Low
4635,124.95823669433594,Medium
4636,125.10049438476562,Medium
4637,77.95989990234375,Low
4638,105.91474151611328,Medium
4639,86.71907806396484,Low
4640,128.68199157714844,High
4641,133.11972045898438,High
4642,108.0863265991211,Medium
4643,82.33575439453125,Low
4644,138.768310546875,High
4645,58.71674346923828,Low
4646,133.0322265625,High
4647,132.67552185058594,High
4648,117.93856048583984,Medium
4649,111.1004638671875,Medium
4650,97.8182601928711,Low
4651,80.81267547607422,Low
4652,146.3704376220703,High
4653,103.70433044433594,Medium
4654,168.2882843017578,High
4655,104.58126068115234,Medium
4656,131.6051025390625,High
4657,110.388671875,Medium
4658,54.9580192565918,Low
4659,88.90460205078125,Low
4660,126.833984375,Medium
4661,84.3808822631836,Low
4662,125.14474487304688,Medium
4663,101.77159881591797,Medium
4664,110.1884536743164,Medium
4665,106.14224243164062,Medium
4666,97.80773162841797,Low
4667,84.7728500366211,Low
4668,109.72933959960938,Medium
4669,98.21729278564453,Low
4670,128.43829345703125,High
4671,111.8744125366211,Medium
4672,132.77349853515625,High
4673,133.1996612548828,High
4674,99.53844451904297,Low
4675,84.64055633544922,Low
4676,98.76422119140625,Low
4677,119.79766082763672,Medium
4678,146.2148895263672,High
4679,166.3686981201172,High
4680,94.20559692382812,Low
4681,127.68738555908203,High
4682,116.87830352783203,Medium
4683,122.88765716552734,Medium
4684,75.75739288330078,Low
4685,120.6648178100586,Medium
4686,69.18875122070312,Low
4687,81.36186218261719,Low
4688,131.99172973632812,High
4689,99.22706604003906,Low
4690,141.03627014160156,High
4691,129.7927703857422,High
4692,137.44528198242188,High
4693,94.12879943847656,Low
4694,130.72744750976562,High
4695,86.53307342529297,Low
4696,255.01722717285156,High
4697,113.52545166015625,Medium
4698,93.21710205078125,Low
4699,110.5569839477539,Medium
4700,120.87149047851562,Medium
4701,130.4175262451172,High
4702,75.98978424072266,Low
4703,122.2762680053711,Medium
4704,100.62693786621094,Medium
4705,79.82587432861328,Low
4706,144.3021697998047,High
4707,110.7418441772461,Medium
4708,87.46676635742188,Low
4709,66.42823028564453,Low
4710,63.571754455566406,Low
4711,132.76516723632812,High
4712,119.1491470336914,Medium
4713,87.9804916381836,Low
4714,88.88134765625,Low
4715,144.03599548339844,High
4716,158.72735595703125,High
4717,132.63778686523438,High
4718,83.540283203125,Low
4719,180.194580078125,High
4720,85.96391296386719,Low
4721,99.52892303466797,Low
4722,123.2739028930664,Medium
4723,186.73104858398438,High
4724,109.20040893554688,Medium
4725,159.3120880126953,High
4726,114.79743957519531,Medium
4727,96.57254028320312,Low
4728,128.8214111328125,High
4729,169.74363708496094,High
4730,141.8273468017578,High
4731,245.90933227539062,High
4732,77.84192657470703,Low
4733,96.53263854980469,Low
4734,52.10641860961914,Low
4735,140.81011962890625,High
4736,75.96733093261719,Low
4737,129.48631286621094,High
4738,124.25626373291016,Medium
4739,158.6488037109375,High
4740,80.03540802001953,Low
4741,96.4482421875,Low
4742,104.05265045166016,Medium
4743,115.2897720336914,Medium
4744,82.93978118896484,Low
4745,109.93904113769531,Medium
4746,85.6737289428711,Low
4747,117.37703704833984,Medium
4748,117.40638732910156,Medium
4749,123.81304168701172,Medium
4750,95.63699340820312,Low
4751,101.476318359375,Medium
4752,142.29193115234375,High
4753,122.01521301269531,Medium
4754,132.84820556640625,High
4755,129.70382690429688,High
4756,91.68875885009766,Low
4757,200.31869506835938,High
4758,120.56246185302734,Medium
4759,121.76129150390625,Medium
4760,90.83927154541016,Low
4761,104.60688781738281,Medium
4762,250.7519989013672,High
4763,134.44439697265625,High
4764,143.50047302246094,High
4765,91.37787628173828,Low
4766,85.79249572753906,Low
4767,83.52620697021484,Low
4768,254.72950744628906,High
4769,109.31387329101562,Medium
4770,134.3053436279297,High
4771,73.39997863769531,Low
4772,128.22232055664062,High
4773,103.85612487792969,Medium
4774,211.54344177246094,High
4775,125.46672058105469,Medium
4776,126.37702178955078,Medium
4777,126.4880142211914,Medium
4778,67.23681640625,Low
4779,123.72223663330078,Medium
4780,136.33767700195312,High
4781,114.2779541015625,Medium
4782,69.42990112304688,Low
4783,120.6648178100586,Medium
4784,107.89022064208984,Medium
4785,186.93060302734375,High
4786,102.55668640136719,Medium
4787,102.68511962890625,Medium
4788,72.6899185180664,Low
4789,98.83797454833984,Low
4790,259.84393310546875,High
4791,84.87104797363281,Low
4792,134.3770751953125,High
4793,79.2685775756836,Low
4794,108.15803527832031,Medium
4795,116.37454223632812,Medium
4796,130.1547393798828,High
4797,132.60488891601562,High
4798,101.9367904663086,Medium
4799,121.04646301269531,Medium
4800,147.135498046875,High
4801,133.25857543945312,High
4802,155.17723083496094,High
4803,131.26220703125,High
4804,115.97261810302734,Medium
4805,80.16041564941406,Low
4806,126.22819519042969,Medium
4807,93.53437042236328,Low
4808,167.44615173339844,High
4809,117.45821380615234,Medium
4810,123.89173889160156,Medium
4811,138.9652557373047,High
4812,120.66703796386719,Medium
4813,131.17816162109375,High
4814,108.55317687988281,Medium
4815,138.57977294921875,High
4816,92.55815887451172,Low
4817,120.54704284667969,Medium
4818,108.90412902832031,Medium
4819,104.0377197265625,Medium
4820,127.9295425415039,High
4821,118.73596954345703,Medium
4822,117.82347106933594,Medium
4823,194.00543212890625,High
4824,142.27993774414062,High
4825,103.10672760009766,Medium
4826,308.84552001953125,High
4827,94.3691177368164,Low
4828,147.43350219726562,High
4829,93.23197174072266,Low
4830,83.63871002197266,Low
4831,100.25411224365234,Low
4832,125.58633422851562,Medium
4833,129.82652282714844,High
4834,156.8002471923828,High
4835,124.25626373291016,Medium
4836,138.96766662597656,High
4837,175.0644073486328,High
4838,107.58246612548828,Medium
4839,88.81615447998047,Low
4840,114.66751861572266,Medium
4841,81.3254165649414,Low
4842,222.19650268554688,High
4843,75.2719497680664,Low
4844,131.52114868164062,High
4845,126.34013366699219,Medium
4846,76.95266723632812,Low
4847,83.69378662109375,Low
4848,162.1129608154297,High
4849,100.66468811035156,Medium
4850,93.43073272705078,Low
4851,228.089599609375,High
4852,122.56103515625,Medium
4853,99.7505111694336,Low
4854,125.6478042602539,Medium
4855,120.6648178100586,Medium
4856,111.36649322509766,Medium
4857,112.34417724609375,Medium
4858,119.4902572631836,Medium
4859,136.64234924316406,High
4860,178.2710418701172,High
4861,86.80216979980469,Low
4862,109.04940032958984,Medium
4863,126.88473510742188,Medium
4864,129.1178741455078,High
4865,77.20817565917969,Low
4866,144.16098022460938,High
4867,138.6809844970703,High
4868,140.725830078125,High
4869,57.543174743652344,Low
4870,94.54669952392578,Low
4871,137.7428741455078,High
4872,130.19178771972656,High
4873,129.4196014404297,High
4874,135.30064392089844,High
4875,136.5028533935547,High
4876,238.40444946289062,High
4877,122.63270568847656,Medium
4878,92.5614242553711,Low
4879,139.46728515625,High
4880,120.65764617919922,Medium
4881,88.05398559570312,Low
4882,113.64080047607422,Medium
4883,62.574951171875,Low
4884,91.09949493408203,Low
4885,127.54432678222656,High
4886,90.01445770263672,Low
4887,68.60894012451172,Low
4888,72.29357147216797,Low
4889,133.17929077148438,High
4890,73.43722534179688,Low
4891,113.28504180908203,Medium
4892,80.96221160888672,Low
4893,80.41730499267578,Low
4894,76.76055908203125,Low
4895,111.35242462158203,Medium
4896,124.63262939453125,Medium
4897,129.15794372558594,High
4898,111.3221206665039,Medium
4899,198.259765625,High
4900,298.22027587890625,High
4901,97.91911315917969,Low
4902,88.52178192138672,Low
4903,91.52994537353516,Low
4904,57.07779312133789,Low
4905,117.40638732910156,Medium
4906,101.18878936767578,Medium
4907,144.86062622070312,High
4908,164.03701782226562,High
4909,126.25819396972656,Medium
4910,128.56871032714844,High
4911,128.33029174804688,High
4912,128.3505401611328,High
4913,107.68920135498047,Medium
4914,137.3966522216797,High
4915,95.29741668701172,Low
4916,86.89441680908203,Low
4917,119.4902572631836,Medium
4918,127.49911499023438,High
4919,127.05265045166016,Medium
4920,115.71002960205078,Medium
4921,145.2681427001953,High
4922,144.09957885742188,High
4923,101.87393951416016,Medium
4924,127.14395904541016,Medium
4925,94.70763397216797,Low
4926,123.48734283447266,Medium
4927,196.30239868164062,High
4928,135.61427307128906,High
4929,89.70967864990234,Low
4930,132.81497192382812,High
4931,85.5650863647461,Low
4932,99.23052215576172,Low
4933,129.66836547851562,High
4934,98.06733703613281,Low
4935,112.24627685546875,Medium
4936,140.5421600341797,High
4937,116.46489715576172,Medium
4938,121.15348052978516,Medium
4939,110.35004425048828,Medium
4940,128.63182067871094,High
4941,73.3915023803711,Low
4942,163.24215698242188,High
4943,144.60595703125,High
4944,62.16914749145508,Low
4945,80.61318969726562,Low
4946,67.19107055664062,Low
4947,146.71495056152344,High
4948,123.2439193725586,Medium
4949,77.5827407836914,Low
4950,92.41023254394531,Low
4951,130.75709533691406,High
4952,54.99848175048828,Low
4953,124.10245513916016,Medium
4954,81.13835906982422,Low
4955,87.24491882324219,Low
4956,66.07991790771484,Low
4957,167.77735900878906,High
4958,91.23356628417969,Low
4959,120.13468933105469,Medium
4960,124.25626373291016,Medium
4961,68.64728546142578,Low
4962,102.66480255126953,Medium
4963,83.23609924316406,Low
4964,136.59617614746094,High
4965,108.42886352539062,Medium
4966,115.57898712158203,Medium
4967,99.7015609741211,Low
4968,72.56000518798828,Low
4969,120.6648178100586,Medium
4970,60.6754150390625,Low
4971,135.9113311767578,High
4972,130.67955017089844,High
4973,75.2047348022461,Low
4974,117.40638732910156,Medium
4975,108.04083251953125,Medium
4976,134.47206115722656,High
4977,177.55136108398438,High
4978,64.15938568115234,Low
4979,130.7723846435547,High
4980,118.41545867919922,Medium
4981,68.16470336914062,Low
4982,123.8567886352539,Medium
4983,108.99755859375,Medium
4984,135.2825164794922,High
4985,84.17586517333984,Low
4986,107.17058563232422,Medium
4987,126.58174896240234,Medium
4988,101.79052734375,Medium
4989,84.0656509399414,Low
4990,115.54558563232422,Medium
4991,131.71804809570312,High
4992,126.3848648071289,Medium
4993,124.7733383178711,Medium
4994,101.67584228515625,Medium
4995,119.86724090576172,Medium
4996,103.17017364501953,Medium
4997,186.4818115234375,High
4998,101.75704956054688,Medium
4999,128.29530334472656,High
5000,84.39033508300781,Low
5001,119.36714172363281,Medium
5002,80.03351593017578,Low
5003,122.5797119140625,Medium
5004,133.1814727783203,High
5005,100.25811767578125,Low
5006,126.22117614746094,Medium
5007,79.60222625732422,Low
5008,82.50858306884766,Low
5009,86.2210922241211,Low
5010,137.88551330566406,High
5011,113.8184814453125,Medium
5012,123.31477355957031,Medium
5013,114.8053207397461,Medium
5014,119.0970458984375,Medium
5015,125.6478042602539,Medium
5016,111.72112274169922,Medium
5017,88.98104095458984,Low
5018,101.11077117919922,Medium
5019,124.15167236328125,Medium
5020,115.2269287109375,Medium
5021,85.37393951416016,Low
5022,128.19537353515625,High
5023,118.77806091308594,Medium
5024,88.13296508789062,Low
5025,80.11383056640625,Low
5026,113.76371765136719,Medium
5027,76.31562805175781,Low
5028,116.2711181640625,Medium
5029,227.87777709960938,High
5030,112.23052215576172,Medium
5031,96.19970703125,Low
5032,129.20513916015625,High
5033,72.59686279296875,Low
5034,123.70535278320312,Medium
5035,192.79164123535156,High
5036,146.31553649902344,High
5037,128.46636962890625,High
5038,80.84355926513672,Low
5039,89.14008331298828,Low
5040,121.0986328125,Medium
5041,73.29721069335938,Low
5042,127.05265045166016,Medium
5043,107.60149383544922,Medium
5044,133.5732421875,High
5045,91.03048706054688,Low
5046,83.59288787841797,Low
5047,92.62220001220703,Low
5048,193.9425811767578,High
5049,199.15919494628906,High
5050,102.64895629882812,Medium
5051,109.12374114990234,Medium
5052,90.33012390136719,Low
5053,77.00357055664062,Low
5054,66.98410034179688,Low
5055,116.46309661865234,Medium
5056,151.11451721191406,High
5057,118.21115112304688,Medium
5058,67.7278060913086,Low
5059,142.80291748046875,High
5060,120.6648178100586,Medium
5061,138.0780487060547,High
5062,137.953125,High
5063,139.59889221191406,High
5064,123.4654541015625,Medium
5065,136.204833984375,High
5066,239.5043487548828,High
5067,75.75739288330078,Low
5068,80.55207824707031,Low
5069,78.77470397949219,Low
5070,138.00155639648438,High
5071,128.67637634277344,High
5072,126.22819519042969,Medium
5073,67.78280639648438,Low
5074,145.0598602294922,High
5075,118.94303894042969,Medium
5076,172.11082458496094,High
5077,139.38619995117188,High
5078,97.05209350585938,Low
5079,118.7152328491211,Medium
5080,136.56298828125,High
5081,136.76419067382812,High
5082,126.22819519042969,Medium
5083,155.4275360107422,High
5084,76.34138488769531,Low
5085,92.97726440429688,Low
5086,124.15167236328125,Medium
5087,163.0355987548828,High
5088,93.79310607910156,Low
5089,90.52407836914062,Low
5090,91.36148071289062,Low
5091,91.86992645263672,Low
5092,122.61973571777344,Medium
5093,128.39816284179688,High
5094,70.76985931396484,Low
5095,130.15733337402344,High
5096,139.85682678222656,High
5097,127.17218780517578,Medium
5098,133.93089294433594,High
5099,122.36786651611328,Medium
5100,121.16584777832031,Medium
5101,117.40638732910156,Medium
5102,112.4245376586914,Medium
5103,91.08027648925781,Low
5104,74.30952453613281,Low
5105,74.33366394042969,Low
5106,112.61943054199219,Medium
5107,89.55442810058594,Low
5108,121.52649688720703,Medium
5109,87.87003326416016,Low
5110,87.55806732177734,Low
5111,91.53583526611328,Low
5112,83.25021362304688,Low
5113,152.6725311279297,High
5114,81.43338012695312,Low
5115,83.89909362792969,Low
5116,173.59945678710938,High
5117,97.02169799804688,Low
5118,121.1117935180664,Medium
5119,140.2057342529297,High
5120,123.36597442626953,Medium
5121,134.43125915527344,High
5122,100.21269989013672,Low
5123,75.68195343017578,Low
5124,89.60108947753906,Low
5125,135.6177978515625,High
5126,165.00096130371094,High
5127,135.8090057373047,High
5128,160.14540100097656,High
5129,65.62467193603516,Low
5130,233.63954162597656,High
5131,123.30297088623047,Medium
5132,134.9954071044922,High
5133,134.9954071044922,High
5134,133.40814208984375,High
5135,84.60230255126953,Low
5136,94.21562194824219,Low
5137,67.65966033935547,Low
5138,135.6836395263672,High
5139,87.16682434082031,Low
5140,102.7787094116211,Medium
5141,140.1331787109375,High
5142,131.68016052246094,High
5143,112.81090545654297,Medium
5144,254.64857482910156,High
5145,222.89120483398438,High
5146,94.59939575195312,Low
5147,92.41259765625,Low
5148,115.38455963134766,Medium
5149,252.03160095214844,High
5150,136.864501953125,High
5151,141.2628173828125,High
5152,163.02528381347656,High
5153,97.35588073730469,Low
5154,123.3239517211914,Medium
5155,87.47039794921875,Low
5156,165.16458129882812,High
5157,124.08699798583984,Medium
5158,142.41697692871094,High
5159,137.77642822265625,High
5160,79.98017120361328,Low
5161,114.50776672363281,Medium
5162,134.37356567382812,High
5163,93.77124786376953,Low
5164,105.54940032958984,Medium
5165,96.5967025756836,Low
5166,77.42294311523438,Low
5167,127.107666015625,Medium
5168,137.00634765625,High
5169,62.46479034423828,Low
5170,116.8985824584961,Medium
5171,148.4013671875,High
5172,135.1062774658203,High
5173,182.01332092285156,High
5174,165.86004638671875,High
5175,134.5313720703125,High
5176,121.0986328125,Medium
5177,127.10980224609375,Medium
5178,142.52664184570312,High
5179,128.28688049316406,High
5180,118.25801849365234,Medium
5181,83.29106140136719,Low
5182,95.25791931152344,Low
5183,123.51351165771484,Medium
5184,83.86579895019531,Low
5185,140.41201782226562,High
5186,128.87518310546875,High
5187,149.8047332763672,High
5188,95.558349609375,Low
5189,72.37364959716797,Low
5190,198.00802612304688,High
5191,121.01825714111328,Medium
5192,112.59691619873047,Medium
5193,135.6177978515625,High
5194,128.5345458984375,High
5195,86.7385482788086,Low
5196,156.93783569335938,High
5197,89.1856460571289,Low
5198,127.05265045166016,Medium
5199,124.21998596191406,Medium
5200,132.3261260986328,High
5201,133.5260467529297,High
5202,60.588077545166016,Low
5203,90.38309478759766,Low
5204,115.67587280273438,Medium
5205,86.07167053222656,Low
5206,124.80738830566406,Medium
5207,103.30057525634766,Medium
5208,149.08309936523438,High
5209,131.26220703125,High
5210,135.97036743164062,High
5211,117.97882080078125,Medium
5212,182.43775939941406,High
5213,105.68321228027344,Medium
5214,119.4902572631836,Medium
5215,152.0884552001953,High
5216,328.51055908203125,High
5217,101.19610595703125,Medium
5218,115.7104721069336,Medium
5219,139.79849243164062,High
5220,134.54232788085938,High
5221,125.6966552734375,Medium
5222,135.949951171875,High
5223,130.37008666992188,High
5224,106.62220001220703,Medium
5225,260.49945068359375,High
5226,117.85296630859375,Medium
5227,127.39855194091797,High
5228,95.1537857055664,Low
5229,81.65815734863281,Low
5230,129.15794372558594,High
5231,116.4947280883789,Medium
5232,89.88714599609375,Low
5233,63.907127380371094,Low
5234,94.45162963867188,Low
5235,147.4586181640625,High
5236,110.93218231201172,Medium
5237,89.16487884521484,Low
5238,130.10653686523438,High
5239,85.01597595214844,Low
5240,107.63485717773438,Medium
5241,105.27941131591797,Medium
5242,57.51850128173828,Low
5243,110.07965850830078,Medium
5244,170.88058471679688,High
5245,94.37226104736328,Low
5246,78.86434936523438,Low
5247,73.06285095214844,Low
5248,87.21707916259766,Low
5249,261.3102111816406,High
5250,186.83090209960938,High
5251,111.94001770019531,Medium
5252,65.79913330078125,Low
5253,99.59910583496094,Low
5254,131.26271057128906,High
5255,98.68788146972656,Low
5256,82.00835418701172,Low
5257,167.52188110351562,High
5258,217.0162353515625,High
5259,116.46489715576172,Medium
5260,75.7646255493164,Low
5261,77.35001373291016,Low
5262,115.58124542236328,Medium
5263,114.95591735839844,Medium
5264,85.7303695678711,Low
5265,116.05585479736328,Medium
5266,64.72624969482422,Low
5267,101.97621154785156,Medium
5268,71.7486572265625,Low
5269,105.32470703125,Medium
5270,101.2024154663086,Medium
5271,125.66243743896484,Medium
5272,101.15631103515625,Medium
5273,64.06129455566406,Low
5274,95.16588592529297,Low
5275,81.40304565429688,Low
5276,125.91505432128906,Medium
5277,110.122314453125,Medium
5278,86.53649139404297,Low
5279,82.15225982666016,Low
5280,108.31591796875,Medium
5281,130.59921264648438,High
5282,69.99884796142578,Low
5283,104.33958435058594,Medium
5284,152.7786865234375,High
5285,85.80877685546875,Low
5286,83.7964859008789,Low
5287,128.0939483642578,High
5288,78.55804443359375,Low
5289,84.53462982177734,Low
5290,76.95780944824219,Low
5291,74.1775131225586,Low
5292,60.415733337402344,Low
5293,71.79888916015625,Low
5294,75.79805755615234,Low
5295,132.67552185058594,High
5296,104.21851348876953,Medium
5297,228.797607421875,High
5298,79.0835952758789,Low
5299,91.71640014648438,Low
5300,118.95138549804688,Medium
5301,202.5765838623047,High
5302,134.47206115722656,High
5303,151.69325256347656,High
5304,117.40638732910156,Medium
5305,77.44369506835938,Low
5306,111.01062774658203,Medium
5307,120.6648178100586,Medium
5308,100.56571197509766,Low
5309,185.92933654785156,High
5310,129.9738311767578,High
5311,101.2325439453125,Medium
5312,138.79493713378906,High
5313,133.7092742919922,High
5314,140.5242156982422,High
5315,87.4044418334961,Low
5316,126.4880142211914,Medium
5317,113.96866607666016,Medium
5318,102.00582885742188,Medium
5319,62.80072021484375,Low
5320,140.70053100585938,High
5321,99.26850128173828,Low
5322,118.20006561279297,Medium
5323,118.91746520996094,Medium
5324,141.31381225585938,High
5325,133.0365447998047,High
5326,117.40638732910156,Medium
5327,77.78160858154297,Low
5328,145.47605895996094,High
5329,134.1501007080078,High
5330,95.95841979980469,Low
5331,74.33255767822266,Low
5332,122.4838638305664,Medium
5333,96.41886901855469,Low
5334,157.87449645996094,High
5335,133.34219360351562,High
5336,128.3821258544922,High
5337,179.0267333984375,High
5338,119.4466552734375,Medium
5339,104.776611328125,Medium
5340,96.57549285888672,Low
5341,105.41305541992188,Medium
5342,96.65886688232422,Low
5343,120.52083587646484,Medium
5344,132.41697692871094,High
5345,110.62557983398438,Medium
5346,99.52582550048828,Low
5347,115.55854034423828,Medium
5348,111.90869140625,Medium
5349,119.98119354248047,Medium
5350,130.73460388183594,High
5351,161.033935546875,High
5352,69.01878356933594,Low
5353,135.80593872070312,High
5354,90.0481948852539,Low
5355,142.98989868164062,High
5356,82.78752136230469,Low
5357,72.68022155761719,Low
5358,99.51234436035156,Low
5359,64.87335968017578,Low
5360,89.17719268798828,Low
5361,184.7095947265625,High
5362,89.44103240966797,Low
5363,104.84844207763672,Medium
5364,100.46156311035156,Low
5365,78.58082580566406,Low
5366,104.27030181884766,Medium
5367,111.10475158691406,Medium
5368,80.31378936767578,Low
5369,65.17720031738281,Low
5370,95.36441802978516,Low
5371,215.40106201171875,High
5372,67.26939392089844,Low
5373,125.33843994140625,Medium
5374,143.0782470703125,High
5375,71.0273208618164,Low
5376,133.74801635742188,High
5377,120.0347900390625,Medium
5378,116.29277801513672,Medium
5379,124.45945739746094,Medium
5380,73.18314361572266,Low
5381,149.02435302734375,High
5382,160.48776245117188,High
5383,143.66915893554688,High
5384,97.00675201416016,Low
5385,109.50635528564453,Medium
5386,104.34908294677734,Medium
5387,126.25588989257812,Medium
5388,89.27059173583984,Low
5389,108.75125885009766,Medium
5390,217.93780517578125,High
5391,115.1921615600586,Medium
5392,143.7530517578125,High
5393,95.0371322631836,Low
5394,113.7395248413086,Medium
5395,161.87747192382812,High
5396,320.6958312988281,High
5397,100.22418212890625,Low
5398,83.11083221435547,Low
5399,93.44171905517578,Low
5400,117.33086395263672,Medium
5401,112.04630279541016,Medium
5402,63.860591888427734,Low
5403,92.44490051269531,Low
5404,95.99207305908203,Low
5405,103.22151184082031,Medium
5406,132.447265625,High
5407,137.66244506835938,High
5408,126.22819519042969,Medium
5409,130.22592163085938,High
5410,127.74825286865234,High
5411,133.25857543945312,High
5412,108.16423034667969,Medium
5413,122.94940948486328,Medium
5414,115.50287628173828,Medium
5415,91.7332763671875,Low
5416,110.9729232788086,Medium
5417,102.42072296142578,Medium
5418,164.6728057861328,High
5419,117.40638732910156,Medium
5420,117.40638732910156,Medium
5421,74.17732238769531,Low
5422,94.87940979003906,Low
5423,102.05948638916016,Medium
5424,57.155113220214844,Low
5425,83.01751708984375,Low
5426,129.80422973632812,High
5427,131.65499877929688,High
5428,113.91670227050781,Medium
5429,127.88616180419922,High
5430,81.69264221191406,Low
5431,133.04672241210938,High
5432,212.4815673828125,High
5433,72.63802337646484,Low
5434,114.73592376708984,Medium
5435,135.2827911376953,High
5436,128.46075439453125,High
5437,74.78314971923828,Low
5438,133.89637756347656,High
5439,131.31719970703125,High
5440,117.82770538330078,Medium
5441,96.35088348388672,Low
5442,94.94647216796875,Low
5443,86.33928680419922,Low
5444,98.90447235107422,Low
5445,132.1670379638672,High
5446,126.1310806274414,Medium
5447,108.90156555175781,Medium
5448,94.45355224609375,Low
5449,83.57550048828125,Low
5450,328.3748474121094,High
5451,97.82311248779297,Low
5452,56.94341278076172,Low
5453,129.7812957763672,High
5454,121.46636962890625,Medium
5455,121.29717254638672,Medium
5456,122.74120330810547,Medium
5457,81.44608306884766,Low
5458,138.1584014892578,High
5459,135.97036743164062,High
5460,311.78179931640625,High
5461,74.82593536376953,Low
5462,159.82467651367188,High
5463,126.6998062133789,Medium
5464,222.16006469726562,High
5465,122.07661437988281,Medium
5466,255.2378692626953,High
5467,68.37120819091797,Low
5468,77.47294616699219,Low
5469,77.38880920410156,Low
5470,72.23703002929688,Low
5471,143.43289184570312,High
5472,89.2500228881836,Low
5473,128.6302032470703,High
5474,129.82652282714844,High
5475,139.05380249023438,High
5476,118.06364440917969,Medium
5477,133.83428955078125,High
5478,127.27308654785156,Medium
5479,93.93781280517578,Low
5480,125.05852508544922,Medium
5481,92.40128326416016,Low
5482,150.47532653808594,High
5483,120.6648178100586,Medium
5484,118.17206573486328,Medium
5485,105.24809265136719,Medium
5486,132.99635314941406,High
5487,68.5673828125,Low
5488,153.39764404296875,High
5489,123.3275375366211,Medium
5490,98.87911987304688,Low
5491,121.17364501953125,Medium
5492,162.1341094970703,High
5493,96.58496856689453,Low
5494,108.99755859375,Medium
5495,284.0430908203125,High
5496,121.0986328125,Medium
5497,133.1814727783203,High
5498,101.33223724365234,Medium
5499,120.72162628173828,Medium
5500,207.131103515625,High
5501,122.34679412841797,Medium
5502,83.87586212158203,Low
5503,117.40638732910156,Medium
5504,89.34182739257812,Low
5505,95.58390808105469,Low
5506,114.06491088867188,Medium
5507,117.75340270996094,Medium
5508,123.43370819091797,Medium
5509,121.40621185302734,Medium
5510,119.39393615722656,Medium
5511,126.19638061523438,Medium
5512,118.92607116699219,Medium
5513,100.62844848632812,Medium
5514,135.60488891601562,High
5515,81.48783111572266,Low
5516,125.91793823242188,Medium
5517,72.56482696533203,Low
5518,130.05963134765625,High
5519,80.7199478149414,Low
5520,123.90325164794922,Medium
5521,151.90846252441406,High
5522,231.23614501953125,High
5523,120.22894287109375,Medium
5524,117.97920989990234,Medium
5525,80.88385009765625,Low
5526,78.44863891601562,Low
5527,80.4222640991211,Low
5528,114.25759887695312,Medium
5529,126.04631805419922,Medium
5530,102.5073013305664,Medium
5531,97.05518341064453,Low
5532,71.86871337890625,Low
5533,96.33631134033203,Low
5534,81.58929443359375,Low
5535,142.35733032226562,High
5536,152.6446990966797,High
5537,142.12811279296875,High
5538,253.1273651123047,High
5539,60.75590133666992,Low
5540,126.4846420288086,Medium
5541,109.3067626953125,Medium
5542,69.18803405761719,Low
5543,166.31088256835938,High
5544,124.84114074707031,Medium
5545,84.30176544189453,Low
5546,126.04119110107422,Medium
5547,119.29818725585938,Medium
5548,81.34232330322266,Low
5549,75.99906921386719,Low
5550,138.9063720703125,High
5551,169.4115447998047,High
5552,76.78813171386719,Low
5553,123.90325164794922,Medium
5554,130.70443725585938,High
5555,159.0930938720703,High
5556,142.7917938232422,High
5557,73.14591979980469,Low
5558,226.73077392578125,High
5559,144.44708251953125,High
5560,117.34537506103516,Medium
5561,291.03460693359375,High
5562,121.34385681152344,Medium
5563,117.40638732910156,Medium
5564,105.6264419555664,Medium
5565,128.55506896972656,High
5566,209.7020263671875,High
5567,217.1824188232422,High
5568,105.81089782714844,Medium
5569,106.50603485107422,Medium
5570,116.46489715576172,Medium
5571,94.43324279785156,Low
5572,123.46058654785156,Medium
5573,143.97549438476562,High
5574,81.32766723632812,Low
5575,150.9615936279297,High
5576,123.33822631835938,Medium
5577,144.74803161621094,High
5578,119.302001953125,Medium
5579,97.10164642333984,Low
5580,78.10033416748047,Low
5581,121.0986328125,Medium
5582,127.54432678222656,High
5583,149.66043090820312,High
5584,151.50018310546875,High
5585,106.25003814697266,Medium
5586,95.5150375366211,Low
5587,135.02944946289062,High
5588,123.25665283203125,Medium
5589,142.9133758544922,High
5590,59.196659088134766,Low
5591,97.682861328125,Low
5592,87.68558502197266,Low
5593,145.02708435058594,High
5594,108.63143920898438,Medium
5595,161.07916259765625,High
5596,92.83230590820312,Low
5597,288.13494873046875,High
5598,122.4659652709961,Medium
5599,83.13585662841797,Low
5600,78.65339660644531,Low
5601,59.740352630615234,Low
5602,223.36056518554688,High
5603,111.26532745361328,Medium
5604,107.11109924316406,Medium
5605,99.43638610839844,Low
5606,191.76052856445312,High
5607,118.02140808105469,Medium
5608,117.1951904296875,Medium
5609,118.17436981201172,Medium
5610,148.9078369140625,High
5611,163.98680114746094,High
5612,128.6297607421875,High
5613,91.6382827758789,Low
5614,124.8884506225586,Medium
5615,116.042724609375,Medium
5616,146.3265838623047,High
5617,148.19949340820312,High
5618,123.87455749511719,Medium
5619,82.73726654052734,Low
5620,108.60558319091797,Medium
5621,99.64415740966797,Low
5622,110.75446319580078,Medium
5623,147.81407165527344,High
5624,131.23477172851562,High
5625,134.9954071044922,High
5626,116.55696105957031,Medium
5627,79.4642105102539,Low
5628,132.74781799316406,High
5629,83.81074523925781,Low
5630,127.8826675415039,High
5631,101.83734130859375,Medium
5632,248.18260192871094,High
5633,98.02616119384766,Low
5634,105.0563735961914,Medium
5635,118.8266830444336,Medium
5636,138.91676330566406,High
5637,125.6478042602539,Medium
5638,254.9871826171875,High
5639,307.9239807128906,High
5640,88.95211029052734,Low
5641,126.34013366699219,Medium
5642,114.61873626708984,Medium
5643,144.07510375976562,High
5644,116.91226196289062,Medium
5645,120.66703796386719,Medium
5646,121.41864776611328,Medium
5647,144.6018829345703,High
5648,97.74144744873047,Low
5649,111.20211029052734,Medium
5650,146.73060607910156,High
5651,126.4880142211914,Medium
5652,146.586669921875,High
5653,99.16883087158203,Low
5654,150.01678466796875,High
5655,102.96722412109375,Medium
5656,72.53912353515625,Low
5657,144.80967712402344,High
5658,146.39675903320312,High
5659,108.52019500732422,Medium
5660,97.07962799072266,Low
5661,184.68795776367188,High
5662,77.73030853271484,Low
5663,118.79792785644531,Medium
5664,93.45948791503906,Low
5665,86.5548324584961,Low
5666,86.62596130371094,Low
5667,153.11875915527344,High
5668,218.9481658935547,High
5669,315.6468505859375,High
5670,169.0052490234375,High
5671,91.80856323242188,Low
5672,56.04932403564453,Low
5673,121.45729064941406,Medium
5674,185.39913940429688,High
5675,85.70624542236328,Low
5676,136.81292724609375,High
5677,112.96504974365234,Medium
5678,127.87622833251953,High
5679,127.54432678222656,High
5680,102.90106964111328,Medium
5681,123.43370819091797,Medium
5682,199.0371551513672,High
5683,89.02442169189453,Low
5684,140.43572998046875,High
5685,86.4326400756836,Low
5686,71.69491577148438,Low
5687,122.30564880371094,Medium
5688,122.02153015136719,Medium
5689,134.09974670410156,High
5690,103.7750015258789,Medium
5691,109.10711669921875,Medium
5692,109.93904113769531,Medium
5693,60.57764434814453,Low
5694,85.20497131347656,Low
5695,160.66131591796875,High
5696,86.83423614501953,Low
5697,122.64283752441406,Medium
5698,187.4371795654297,High
5699,112.24468994140625,Medium
5700,59.22320556640625,Low
5701,100.9692611694336,Medium
5702,101.10906982421875,Medium
5703,82.48568725585938,Low
5704,76.58001708984375,Low
5705,132.57994079589844,High
5706,125.46672058105469,Medium
5707,117.46759796142578,Medium
5708,63.30637741088867,Low
5709,93.7322769165039,Low
5710,67.53632354736328,Low
5711,102.78368377685547,Medium
5712,91.91251373291016,Low
5713,144.7887420654297,High
5714,187.84353637695312,High
5715,100.32727813720703,Low
5716,129.515869140625,High
5717,174.44879150390625,High
5718,132.84230041503906,High
5719,89.98291015625,Low
5720,94.83351135253906,Low
5721,67.1000747680664,Low
5722,144.65533447265625,High
5723,118.20006561279297,Medium
5724,146.411376953125,High
5725,99.90866088867188,Low
5726,126.22819519042969,Medium
5727,232.96493530273438,High
5728,139.59889221191406,High
5729,99.57894134521484,Low
5730,123.20989227294922,Medium
5731,95.7513427734375,Low
5732,91.65320587158203,Low
5733,77.72152709960938,Low
5734,85.90161895751953,Low
5735,126.24604797363281,Medium
5736,84.14994049072266,Low
5737,176.4008026123047,High
5738,86.35246276855469,Low
5739,145.93775939941406,High
5740,79.42280578613281,Low
5741,133.17626953125,High
5742,115.24494934082031,Medium
5743,87.85144805908203,Low
5744,121.32728576660156,Medium
5745,144.66302490234375,High
5746,79.74368286132812,Low
5747,74.27241516113281,Low
5748,74.06314086914062,Low
5749,66.67884063720703,Low
5750,109.93904113769531,Medium
5751,117.22714233398438,Medium
5752,95.18555450439453,Low
5753,97.12223052978516,Low
5754,116.85799407958984,Medium
5755,154.64453125,High
5756,125.59490203857422,Medium
5757,94.86969757080078,Low
5758,134.9954071044922,High
5759,116.83992767333984,Medium
5760,182.19996643066406,High
5761,143.66915893554688,High
5762,59.034385681152344,Low
5763,74.67266845703125,Low
5764,152.02577209472656,High
5765,111.05560302734375,Medium
5766,104.01338195800781,Medium
5767,96.78633117675781,Low
5768,86.8622817993164,Low
5769,90.58086395263672,Low
5770,135.57240295410156,High
5771,75.25088500976562,Low
5772,82.60186004638672,Low
5773,79.53690338134766,Low
5774,101.9026870727539,Medium
5775,115.34086608886719,Medium
5776,80.98494720458984,Low
5777,253.72579956054688,High
5778,75.01168060302734,Low
5779,135.69842529296875,High
5780,121.0986328125,Medium
5781,116.17010498046875,Medium
5782,124.54517364501953,Medium
5783,78.3398208618164,Low
5784,231.9368133544922,High
5785,62.24541473388672,Low
5786,122.5797119140625,Medium
5787,137.8796844482422,High
5788,149.38430786132812,High
5789,141.0064239501953,High
5790,161.4280242919922,High
5791,133.25857543945312,High
5792,111.41023254394531,Medium
5793,132.61167907714844,High
5794,114.51651000976562,Medium
5795,84.24809265136719,Low
5796,134.21177673339844,High
5797,121.85449981689453,Medium
5798,116.8310317993164,Medium
5799,84.2380142211914,Low
5800,98.044189453125,Low
5801,134.81846618652344,High
5802,143.7097625732422,High
5803,92.0877685546875,Low
5804,81.8691635131836,Low
5805,101.47157287597656,Medium
5806,93.83588409423828,Low
5807,133.5637969970703,High
5808,126.20624542236328,Medium
5809,139.3529510498047,High
5810,126.22819519042969,Medium
5811,131.17816162109375,High
5812,123.12004089355469,Medium
5813,145.23411560058594,High
5814,136.4556121826172,High
5815,100.67493438720703,Medium
5816,74.29073333740234,Low
5817,92.42285919189453,Low
5818,155.75802612304688,High
5819,88.87489318847656,Low
5820,70.42144775390625,Low
5821,110.1704330444336,Medium
5822,114.0971450805664,Medium
5823,95.73626708984375,Low
5824,116.0141372680664,Medium
5825,242.65199279785156,High
5826,64.4577865600586,Low
5827,126.91477966308594,Medium
5828,80.66419219970703,Low
5829,142.90005493164062,High
5830,120.69127655029297,Medium
5831,145.0067901611328,High
5832,84.93634033203125,Low
5833,86.54358673095703,Low
5834,137.42630004882812,High
5835,118.73190307617188,Medium
5836,176.21632385253906,High
5837,143.18418884277344,High
5838,114.9336166381836,Medium
5839,78.11466979980469,Low
5840,114.40819549560547,Medium
5841,102.1905746459961,Medium
5842,112.11128997802734,Medium
5843,121.7701187133789,Medium
5844,244.90350341796875,High
5845,152.81719970703125,High
5846,185.36224365234375,High
5847,94.37411499023438,Low
5848,82.80783081054688,Low
5849,132.67552185058594,High
5850,114.63917541503906,Medium
5851,208.16128540039062,High
5852,138.37197875976562,High
5853,99.69774627685547,Low
5854,132.07809448242188,High
5855,102.83503723144531,Medium
5856,89.47291564941406,Low
5857,130.7837677001953,High
5858,146.71495056152344,High
5859,119.4896240234375,Medium
5860,101.6889877319336,Medium
5861,94.2024154663086,Low
5862,70.12883758544922,Low
5863,162.37112426757812,High
5864,149.5384063720703,High
5865,105.67803955078125,Medium
5866,150.40695190429688,High
5867,112.57138061523438,Medium
5868,90.54228973388672,Low
5869,74.72172546386719,Low
5870,126.22819519042969,Medium
5871,82.24229431152344,Low
5872,166.08631896972656,High
5873,330.5205383300781,High
5874,103.67041015625,Medium
5875,63.273887634277344,Low
5876,72.5180435180664,Low
5877,115.97406005859375,Medium
5878,97.30033874511719,Low
5879,224.2096405029297,High
5880,99.76374053955078,Low
5881,141.0495147705078,High
5882,141.81773376464844,High
5883,128.5345458984375,High
5884,114.06491088867188,Medium
5885,137.75729370117188,High
5886,122.35232543945312,Medium
5887,102.0811538696289,Medium
5888,80.11426544189453,Low
5889,112.57720184326172,Medium
5890,113.23780822753906,Medium
5891,118.90272521972656,Medium
5892,114.66204071044922,Medium
5893,114.70821380615234,Medium
5894,108.19526672363281,Medium
5895,89.34715270996094,Low
5896,101.77220916748047,Medium
5897,90.67593383789062,Low
5898,115.31484985351562,Medium
5899,121.29717254638672,Medium
5900,135.1573028564453,High
5901,142.84947204589844,High
5902,119.38822937011719,Medium
5903,132.94422912597656,High
5904,258.5655822753906,High
5905,157.8108367919922,High
5906,135.7458953857422,High
5907,118.63302612304688,Medium
5908,120.6648178100586,Medium
5909,60.171504974365234,Low
5910,63.80674743652344,Low
5911,165.13916015625,High
5912,167.5659942626953,High
5913,72.84540557861328,Low
5914,110.84112548828125,Medium
5915,122.5541000366211,Medium
5916,115.30084228515625,Medium
5917,124.75784301757812,Medium
5918,102.06697082519531,Medium
5919,78.40644836425781,Low
5920,114.9630126953125,Medium
5921,82.60739135742188,Low
5922,86.34909057617188,Low
5923,94.04199981689453,Low
5924,137.8380584716797,High
5925,123.90827178955078,Medium
5926,78.34420776367188,Low
5927,98.98017883300781,Low
5928,134.41558837890625,High
5929,171.83291625976562,High
5930,107.07672119140625,Medium
5931,97.6177978515625,Low
5932,116.10460662841797,Medium
5933,134.47206115722656,High
5934,61.78902053833008,Low
5935,182.51617431640625,High
5936,105.70684814453125,Medium
5937,116.05387878417969,Medium
5938,266.8153381347656,High
5939,63.95376968383789,Low
5940,147.17515563964844,High
5941,124.95823669433594,Medium
5942,122.18668365478516,Medium
5943,92.00730895996094,Low
5944,65.68414306640625,Low
5945,280.17669677734375,High
5946,138.21554565429688,High
5947,121.85215759277344,Medium
5948,127.05265045166016,Medium
5949,57.48308563232422,Low
5950,84.9869613647461,Low
5951,90.98522186279297,Low
5952,131.67984008789062,High
5953,80.66926574707031,Low
5954,86.88523864746094,Low
5955,119.34337615966797,Medium
5956,251.20994567871094,High
5957,79.18687438964844,Low
5958,71.06360626220703,Low
5959,106.3304214477539,Medium
5960,126.48463439941406,Medium
5961,125.48229217529297,Medium
5962,127.31875610351562,Medium
5963,129.5482635498047,High
5964,103.39820098876953,Medium
5965,56.920475006103516,Low
5966,108.68184661865234,Medium
5967,145.29405212402344,High
5968,84.54098510742188,Low
5969,122.5797119140625,Medium
5970,96.62374114990234,Low
5971,103.31718444824219,Medium
5972,117.33743286132812,Medium
5973,66.24424743652344,Low
5974,91.89482879638672,Low
5975,137.6355438232422,High
5976,113.79934692382812,Medium
5977,60.43698501586914,Low
5978,113.44554901123047,Medium
5979,89.00300598144531,Low
5980,292.7510986328125,High
5981,97.96803283691406,Low
5982,114.19236755371094,Medium
5983,168.27810668945312,High
5984,147.6224822998047,High
5985,117.40638732910156,Medium
5986,190.03411865234375,High
5987,139.38763427734375,High
5988,80.99687957763672,Low
5989,128.95822143554688,High
5990,195.84423828125,High
5991,129.70382690429688,High
5992,124.1822509765625,Medium
5993,172.0089569091797,High
5994,125.29740142822266,Medium
5995,137.58421325683594,High
5996,96.92756652832031,Low
5997,152.75042724609375,High
5998,157.2870330810547,High
5999,86.0146484375,Low
6000,141.56932067871094,High
6001,137.51060485839844,High
6002,133.99954223632812,High
6003,160.84133911132812,High
6004,105.69518280029297,Medium
6005,88.1445541381836,Low
6006,125.40185546875,Medium
6007,279.7898864746094,High
6008,110.90261840820312,Medium
6009,122.00387573242188,Medium
6010,75.88361358642578,Low
6011,124.85997772216797,Medium
6012,179.56919860839844,High
6013,93.57427215576172,Low
6014,82.50404357910156,Low
6015,85.52639770507812,Low
6016,243.05242919921875,High
6017,64.3107681274414,Low
6018,106.61199188232422,Medium
6019,105.38187408447266,Medium
6020,131.95323181152344,High
6021,102.19867706298828,Medium
6022,256.5563049316406,High
6023,172.5670928955078,High
6024,104.70841217041016,Medium
6025,78.76209259033203,Low
6026,131.17816162109375,High
6027,123.90325164794922,Medium
6028,119.86714172363281,Medium
6029,97.32039642333984,Low
6030,128.19537353515625,High
6031,129.63424682617188,High
6032,143.1326141357422,High
6033,100.96003723144531,Medium
6034,98.58265686035156,Low
6035,122.9040756225586,Medium
6036,138.16067504882812,High
6037,182.12957763671875,High
6038,148.7658233642578,High
6039,212.75282287597656,High
6040,65.99264526367188,Low
6041,88.92273712158203,Low
6042,139.27200317382812,High
6043,83.7106704711914,Low
6044,146.71495056152344,High
6045,122.5417709350586,Medium
6046,147.49282836914062,High
6047,320.98675537109375,High
6048,168.8919677734375,High
6049,125.77103424072266,Medium
6050,84.45167541503906,Low
6051,118.73693084716797,Medium
6052,141.41636657714844,High
6053,144.5389404296875,High
6054,134.43377685546875,High
6055,129.80422973632812,High
6056,149.5810546875,High
6057,112.96504974365234,Medium
6058,84.29368591308594,Low
6059,128.72390747070312,High
6060,119.87838745117188,Medium
6061,119.4902572631836,Medium
6062,66.36185455322266,Low
6063,156.67893981933594,High
6064,72.13706970214844,Low
6065,72.75814056396484,Low
6066,109.9238052368164,Medium
6067,83.46184539794922,Low
6068,99.83634185791016,Low
6069,144.9542999267578,High
6070,74.1775131225586,Low
6071,96.23344421386719,Low
6072,118.79792785644531,Medium
6073,79.01002502441406,Low
6074,134.9954071044922,High
6075,71.00621032714844,Low
6076,234.5722198486328,High
6077,229.00625610351562,High
6078,117.40638732910156,Medium
6079,271.9173889160156,High
6080,163.19786071777344,High
6081,76.74818420410156,Low
6082,102.65161895751953,Medium
6083,136.61819458007812,High
6084,137.58421325683594,High
6085,117.11766052246094,Medium
6086,119.45356750488281,Medium
6087,131.52114868164062,High
6088,97.22174072265625,Low
6089,73.47245025634766,Low
6090,118.30584716796875,Medium
6091,213.03468322753906,High
6092,133.1814727783203,High
6093,137.79270935058594,High
6094,101.33747863769531,Medium
6095,99.73003387451172,Low
6096,69.25189208984375,Low
6097,58.568214416503906,Low
6098,183.3014678955078,High
6099,80.67749786376953,Low
6100,93.46852111816406,Low
6101,156.31973266601562,High
6102,203.011474609375,High
6103,98.03813171386719,Low
6104,140.4950408935547,High
6105,110.50787353515625,Medium
6106,118.18696594238281,Medium
6107,131.12741088867188,High
6108,86.00084686279297,Low
6109,165.0557861328125,High
6110,113.4995346069336,Medium
6111,76.38341522216797,Low
6112,100.93228912353516,Medium
6113,100.4958267211914,Low
6114,88.57315063476562,Low
6115,253.2894287109375,High
6116,112.45001220703125,Medium
6117,80.51758575439453,Low
6118,92.1694107055664,Low
6119,118.79792785644531,Medium
6120,120.39746856689453,Medium
6121,126.84265899658203,Medium
6122,130.37767028808594,High
6123,138.1533203125,High
6124,96.34313201904297,Low
6125,111.67328643798828,Medium
6126,108.99755859375,Medium
6127,113.2685317993164,Medium
6128,111.05802154541016,Medium
6129,259.52679443359375,High
6130,118.71118927001953,Medium
6131,79.1384506225586,Low
6132,93.82897186279297,Low
6133,217.83961486816406,High
6134,100.21105194091797,Low
6135,86.4244155883789,Low
6136,76.55428314208984,Low
6137,276.4413146972656,High
6138,120.91529083251953,Medium
6139,128.5125274658203,High
6140,73.72985076904297,Low
6141,117.40638732910156,Medium
6142,124.41284942626953,Medium
6143,83.14787292480469,Low
6144,249.5589141845703,High
6145,129.4281463623047,High
6146,125.25186920166016,Medium
6147,122.7088394165039,Medium
6148,139.77993774414062,High
6149,170.15322875976562,High
6150,171.7384490966797,High
6151,105.44412994384766,Medium
6152,128.63487243652344,High
6153,133.40814208984375,High
6154,113.42717742919922,Medium
6155,127.43675994873047,High
6156,79.93244171142578,Low
6157,134.80050659179688,High
6158,101.16392517089844,Medium
6159,128.2579345703125,High
6160,144.39547729492188,High
6161,98.48149108886719,Low
6162,134.9182891845703,High
6163,295.6544494628906,High
6164,142.23886108398438,High
6165,118.30584716796875,Medium
6166,93.0795669555664,Low
6167,245.230224609375,High
6168,59.66238784790039,Low
6169,71.06999969482422,Low
6170,102.09500122070312,Medium
6171,211.1634979248047,High
6172,101.23580932617188,Medium
6173,84.603515625,Low
6174,138.1671142578125,High
6175,123.03092956542969,Medium
6176,119.3744125366211,Medium
6177,107.85684204101562,Medium
6178,149.3941192626953,High
6179,145.6004638671875,High
6180,120.6648178100586,Medium
6181,90.53739929199219,Low
6182,124.97769927978516,Medium
6183,81.41563415527344,Low
6184,69.52259063720703,Low
6185,126.35365295410156,Medium
6186,119.46713256835938,Medium
6187,142.64476013183594,High
6188,97.77625274658203,Low
6189,127.05265045166016,Medium
6190,120.92317199707031,Medium
6191,128.3218536376953,High
6192,65.71646881103516,Low
6193,114.05540466308594,Medium
6194,150.9942169189453,High
6195,63.388301849365234,Low
6196,107.64378356933594,Medium
6197,143.42079162597656,High
6198,121.4867172241211,Medium
6199,90.28237915039062,Low
6200,112.22006225585938,Medium
6201,88.75450897216797,Low
6202,117.2634048461914,Medium
6203,72.70198059082031,Low
6204,90.57633209228516,Low
6205,127.42369079589844,High
6206,167.86947631835938,High
6207,76.17239379882812,Low
6208,123.98479461669922,Medium
6209,70.4130859375,Low
6210,123.3848648071289,Medium
6211,135.97036743164062,High
6212,142.23886108398438,High
6213,122.03453063964844,Medium
6214,86.7359619140625,Low
6215,123.31477355957031,Medium
6216,100.9569320678711,Medium
6217,81.46793365478516,Low
6218,119.376708984375,Medium
6219,93.8335952758789,Low
6220,67.06633758544922,Low
6221,101.7486343383789,Medium
6222,103.92658233642578,Medium
6223,105.80516815185547,Medium
6224,145.91229248046875,High
6225,128.7008056640625,High
6226,121.03591918945312,Medium
6227,120.43330383300781,Medium
6228,78.94510650634766,Low
6229,110.62893676757812,Medium
6230,141.99737548828125,High
6231,115.79312896728516,Medium
6232,117.18218994140625,Medium
6233,120.38452911376953,Medium
6234,73.67571258544922,Low
6235,125.3129653930664,Medium
6236,134.4761505126953,High
6237,162.92002868652344,High
6238,100.76329803466797,Medium
6239,92.2123794555664,Low
6240,210.97735595703125,High
6241,98.46183013916016,Low
6242,112.69158172607422,Medium
6243,108.93914794921875,Medium
6244,196.0369873046875,High
6245,85.68644714355469,Low
6246,119.6004638671875,Medium
6247,96.68807220458984,Low
6248,134.34727478027344,High
6249,166.23741149902344,High
6250,87.08948516845703,Low
6251,82.88468170166016,Low
6252,91.70599365234375,Low
6253,122.9179916381836,Medium
6254,80.03386688232422,Low
6255,131.39268493652344,High
6256,125.29740142822266,Medium
6257,257.8468017578125,High
6258,87.6739501953125,Low
6259,107.98194122314453,Medium
6260,76.23096466064453,Low
6261,87.55806732177734,Low
6262,118.79792785644531,Medium
6263,134.87564086914062,High
6264,99.40335845947266,Low
6265,136.6756134033203,High
6266,130.58953857421875,High
6267,108.2723617553711,Medium
6268,118.40846252441406,Medium
6269,161.43861389160156,High
6270,120.18936920166016,Medium
6271,119.25959777832031,Medium
6272,135.11167907714844,High
6273,102.05242156982422,Medium
6274,83.09893798828125,Low
6275,150.5479736328125,High
6276,112.59589385986328,Medium
6277,160.7013397216797,High
6278,118.44975280761719,Medium
6279,135.8585662841797,High
6280,115.18163299560547,Medium
6281,137.7073974609375,High
6282,119.4902572631836,Medium
6283,123.77491760253906,Medium
6284,252.43734741210938,High
6285,128.7008056640625,High
6286,110.4942626953125,Medium
6287,106.74966430664062,Medium
6288,73.14591979980469,Low
6289,120.34315490722656,Medium
6290,150.29551696777344,High
6291,118.82257843017578,Medium
6292,114.63658905029297,Medium
6293,109.8785400390625,Medium
6294,88.90142059326172,Low
6295,94.37924194335938,Low
6296,120.35087585449219,Medium
6297,116.12996673583984,Medium
6298,126.17729187011719,Medium
6299,140.3646697998047,High
6300,144.24575805664062,High
6301,98.07620239257812,Low
6302,93.56744384765625,Low
6303,132.14573669433594,High
6304,112.61114501953125,Medium
6305,60.687103271484375,Low
6306,71.2796630859375,Low
6307,114.48703002929688,Medium
6308,117.01040649414062,Medium
6309,67.05426788330078,Low
6310,69.3158950805664,Low
6311,118.30584716796875,Medium
6312,121.51892852783203,Medium
6313,138.66294860839844,High
6314,148.82064819335938,High
6315,134.70892333984375,High
6316,223.85511779785156,High
6317,58.70200729370117,Low
6318,201.16815185546875,High
6319,73.04830169677734,Low
6320,126.34013366699219,Medium
6321,127.79331970214844,High
6322,117.16779327392578,Medium
6323,83.08378601074219,Low
6324,173.93478393554688,High
6325,244.0889434814453,High
6326,309.5103454589844,High
6327,117.35182189941406,Medium
6328,112.3221435546875,Medium
6329,117.40638732910156,Medium
6330,315.4062194824219,High
6331,153.88487243652344,High
6332,72.91898345947266,Low
6333,115.60350799560547,Medium
6334,101.0350341796875,Medium
6335,108.99755859375,Medium
6336,102.57960510253906,Medium
6337,127.28826141357422,Medium
6338,87.95625305175781,Low
6339,131.50485229492188,High
6340,86.08838653564453,Low
6341,123.25628662109375,Medium
6342,148.0952911376953,High
6343,225.72865295410156,High
6344,77.5897216796875,Low
6345,132.1479949951172,High
6346,89.0734634399414,Low
6347,120.09571075439453,Medium
6348,63.01609420776367,Low
6349,94.14801788330078,Low
6350,323.5155944824219,High
6351,79.8310775756836,Low
6352,103.25897979736328,Medium
6353,114.9068832397461,Medium
6354,76.51959228515625,Low
6355,120.70633697509766,Medium
6356,161.29217529296875,High
6357,85.77872467041016,Low
6358,169.5523681640625,High
6359,188.13938903808594,High
6360,112.40521240234375,Medium
6361,125.77195739746094,Medium
6362,92.88252258300781,Low
6363,133.27084350585938,High
6364,95.35823822021484,Low
6365,144.85423278808594,High
6366,129.16049194335938,High
6367,108.47286987304688,Medium
6368,136.59376525878906,High
6369,89.90154266357422,Low
6370,108.52019500732422,Medium
6371,80.22358703613281,Low
6372,133.0735626220703,High
6373,128.6737518310547,High
6374,155.80015563964844,High
6375,123.25530242919922,Medium
6376,87.28287506103516,Low
6377,139.60067749023438,High
6378,134.21461486816406,High
6379,98.11811828613281,Low
6380,184.31932067871094,High
6381,123.40687561035156,Medium
6382,126.72820281982422,Medium
6383,119.4902572631836,Medium
6384,81.53352355957031,Low
6385,137.58421325683594,High
6386,101.76741027832031,Medium
6387,145.7914581298828,High
6388,98.61113739013672,Low
6389,90.92008972167969,Low
6390,140.42770385742188,High
6391,92.49571228027344,Low
6392,104.61991882324219,Medium
6393,148.0326690673828,High
6394,89.09970092773438,Low
6395,117.8916015625,Medium
6396,116.11559295654297,Medium
6397,142.58248901367188,High
6398,60.45074462890625,Low
6399,103.70771026611328,Medium
6400,253.08763122558594,High
6401,131.87155151367188,High
6402,69.58110046386719,Low
6403,109.07523345947266,Medium
6404,77.01481628417969,Low
6405,118.20006561279297,Medium
6406,86.0345687866211,Low
6407,82.67675018310547,Low
6408,195.62554931640625,High
6409,61.97188949584961,Low
6410,86.5194091796875,Low
6411,81.22957611083984,Low
6412,181.87940979003906,High
6413,58.86616134643555,Low
6414,65.51654052734375,Low
6415,73.5254135131836,Low
6416,70.26690673828125,Low
6417,76.54266357421875,Low
6418,77.91207122802734,Low
6419,200.9825439453125,High
6420,105.58277893066406,Medium
6421,87.44502258300781,Low
6422,113.96329498291016,Medium
6423,135.53131103515625,High
6424,97.12743377685547,Low
6425,135.667724609375,High
6426,99.91378021240234,Low
6427,128.63182067871094,High
6428,106.46034240722656,Medium
6429,83.75607299804688,Low
6430,116.6758804321289,Medium
6431,128.3808135986328,High
6432,135.72442626953125,High
6433,88.52317810058594,Low
6434,88.70330047607422,Low
6435,241.55918884277344,High
6436,116.46489715576172,Medium
6437,119.48005676269531,Medium
6438,124.25626373291016,Medium
6439,99.54727172851562,Low
6440,72.75814056396484,Low
6441,85.41959381103516,Low
6442,125.799072265625,Medium
6443,102.47817993164062,Medium
6444,100.6277084350586,Medium
6445,106.88975524902344,Medium
6446,116.71389770507812,Medium
6447,126.34013366699219,Medium
6448,74.3587875366211,Low
6449,69.81607055664062,Low
6450,150.79507446289062,High
6451,90.65812683105469,Low
6452,235.00125122070312,High
6453,85.1697006225586,Low
6454,101.6028823852539,Medium
6455,126.22819519042969,Medium
6456,81.38411712646484,Low
6457,88.06237030029297,Low
6458,298.0770568847656,High
6459,103.01863098144531,Medium
6460,140.4125213623047,High
6461,290.765625,High
6462,116.46489715576172,Medium
6463,69.06503295898438,Low
6464,102.80801391601562,Medium
6465,79.33285522460938,Low
6466,168.54031372070312,High
6467,139.73153686523438,High
6468,101.95752716064453,Medium
6469,99.97378540039062,Low
6470,81.20862579345703,Low
6471,85.97441864013672,Low
6472,119.4902572631836,Medium
6473,121.01152801513672,Medium
6474,156.3195343017578,High
6475,134.01266479492188,High
6476,76.3669204711914,Low
6477,102.32866668701172,Medium
6478,91.23714447021484,Low
6479,135.3665313720703,High
6480,133.4046630859375,High
6481,64.62098693847656,Low
6482,123.4107437133789,Medium
6483,87.75384521484375,Low
6484,168.6961212158203,High
6485,137.1746826171875,High
6486,242.84080505371094,High
6487,80.85562133789062,Low
6488,133.7092742919922,High
6489,99.77998352050781,Low
6490,112.65283203125,Medium
6491,151.33255004882812,High
6492,123.88842010498047,Medium
6493,146.98387145996094,High
6494,83.50354766845703,Low
6495,140.36386108398438,High
6496,123.24828338623047,Medium
6497,84.4952621459961,Low
6498,127.43316650390625,High
6499,78.35399627685547,Low
6500,89.8702392578125,Low
6501,130.16693115234375,High
6502,112.48286437988281,Medium
6503,146.50491333007812,High
6504,81.91215515136719,Low
6505,100.67731475830078,Medium
6506,110.72611999511719,Medium
6507,73.01748657226562,Low
6508,92.06085968017578,Low
6509,122.5610580444336,Medium
6510,138.0680694580078,High
6511,79.4967041015625,Low
6512,123.69171142578125,Medium
6513,99.26521301269531,Low
6514,126.22819519042969,Medium
6515,195.78717041015625,High
6516,130.43414306640625,High
6517,119.32936096191406,Medium
6518,100.85856628417969,Medium
6519,76.1408920288086,Low
6520,141.43679809570312,High
6521,153.7085723876953,High
6522,105.23444366455078,Medium
6523,105.55485534667969,Medium
6524,122.3204574584961,Medium
6525,82.59129333496094,Low
6526,125.46672058105469,Medium
6527,135.6177978515625,High
6528,127.54432678222656,High
6529,139.16159057617188,High
6530,111.67125701904297,Medium
6531,83.25555419921875,Low
6532,81.050537109375,Low
6533,62.07780838012695,Low
6534,90.09589385986328,Low
6535,128.4684295654297,High
6536,89.36005401611328,Low
6537,91.4521255493164,Low
6538,105.59497833251953,Medium
6539,120.35407257080078,Medium
6540,89.2234115600586,Low
6541,159.27137756347656,High
6542,128.5345458984375,High
6543,207.2194061279297,High
6544,119.44144439697266,Medium
6545,65.67677307128906,Low
6546,113.54065704345703,Medium
6547,80.84355926513672,Low
6548,112.49661254882812,Medium
6549,120.92317199707031,Medium
6550,123.67925262451172,Medium
6551,257.50335693359375,High
6552,127.54432678222656,High
6553,159.74197387695312,High
6554,90.89557647705078,Low
6555,109.52142333984375,Medium
6556,84.02837371826172,Low
6557,233.34649658203125,High
6558,79.86341857910156,Low
6559,66.65283966064453,Low
6560,106.82096862792969,Medium
6561,123.51663970947266,Medium
6562,114.37696838378906,Medium
6563,167.23585510253906,High
6564,107.88545989990234,Medium
6565,127.42369079589844,High
6566,107.57202911376953,Medium
6567,98.9731216430664,Low
6568,222.2221221923828,High
6569,133.617431640625,High
6570,135.9143829345703,High
6571,138.74029541015625,High
6572,139.37286376953125,High
6573,120.59332275390625,Medium
6574,121.37416076660156,Medium
6575,118.94841766357422,Medium
6576,119.4902572631836,Medium
6577,145.99427795410156,High
6578,68.09196472167969,Low
6579,117.35221099853516,Medium
6580,75.3648681640625,Low
6581,150.9374542236328,High
6582,109.9464340209961,Medium
6583,103.72198486328125,Medium
6584,79.0252456665039,Low
6585,131.17816162109375,High
6586,107.20325469970703,Medium
6587,161.03750610351562,High
6588,103.840087890625,Medium
6589,71.54530334472656,Low
6590,100.1393051147461,Low
6591,161.31947326660156,High
6592,127.83151245117188,High
6593,98.96038818359375,Low
6594,81.82530212402344,Low
6595,112.45897674560547,Medium
6596,225.2058868408203,High
6597,85.34513092041016,Low
6598,86.71066284179688,Low
6599,64.16059112548828,Low
6600,129.27162170410156,High
6601,121.41169738769531,Medium
6602,123.08967590332031,Medium
6603,109.93904113769531,Medium
6604,116.46489715576172,Medium
6605,131.9521942138672,High
6606,128.5345458984375,High
6607,115.36836242675781,Medium
6608,131.9278106689453,High
6609,86.40961456298828,Low
6610,127.57876586914062,High
6611,136.8823699951172,High
6612,128.63389587402344,High
6613,73.62151336669922,Low
6614,207.86068725585938,High
6615,82.25113677978516,Low
6616,121.13240814208984,Medium
6617,126.63543701171875,Medium
6618,123.30010223388672,Medium
6619,142.24815368652344,High
6620,197.46835327148438,High
6621,120.93778228759766,Medium
6622,135.86231994628906,High
6623,56.838382720947266,Low
6624,117.40638732910156,Medium
6625,119.36714172363281,Medium
6626,83.2720718383789,Low
6627,62.71910858154297,Low
6628,141.31381225585938,High
6629,60.84684753417969,Low
6630,117.28279876708984,Medium
6631,128.74359130859375,High
6632,211.9651641845703,High
6633,133.1996612548828,High
6634,191.949951171875,High
6635,100.50032043457031,Low
6636,99.13529968261719,Low
6637,126.38590240478516,Medium
6638,167.35931396484375,High
6639,132.76199340820312,High
6640,65.9671859741211,Low
6641,90.77947235107422,Low
6642,58.91495895385742,Low
6643,111.55460357666016,Medium
6644,76.7862777709961,Low
6645,90.54158782958984,Low
6646,126.10185241699219,Medium
6647,91.88399505615234,Low
6648,77.08519744873047,Low
6649,116.21843719482422,Medium
6650,133.1996612548828,High
6651,107.4437255859375,Medium
6652,243.50779724121094,High
6653,174.6465606689453,High
6654,71.48489379882812,Low
6655,75.16292572021484,Low
6656,116.3191146850586,Medium
6657,67.5472412109375,Low
6658,86.91092681884766,Low
6659,144.605224609375,High
6660,58.547332763671875,Low
6661,139.8587188720703,High
6662,92.64434814453125,Low
6663,104.688232421875,Medium
6664,130.8018341064453,High
6665,95.86595153808594,Low
6666,60.925376892089844,Low
6667,97.84868621826172,Low
6668,110.0796127319336,Medium
6669,105.97972869873047,Medium
6670,70.89476776123047,Low
6671,83.92302703857422,Low
6672,91.4935531616211,Low
6673,119.36714172363281,Medium
6674,79.64861297607422,Low
6675,85.55284881591797,Low
6676,111.4227294921875,Medium
6677,94.7099609375,Low
6678,120.65764617919922,Medium
6679,108.19039916992188,Medium
6680,172.16395568847656,High
6681,125.65715026855469,Medium
6682,124.25626373291016,Medium
6683,102.72744750976562,Medium
6684,78.44863891601562,Low
6685,121.17577362060547,Medium
6686,98.86309814453125,Low
6687,93.36438751220703,Low
6688,125.67112731933594,Medium
6689,94.84093475341797,Low
6690,86.50601959228516,Low
6691,121.46495819091797,Medium
6692,87.09403228759766,Low
6693,76.99398803710938,Low
6694,103.84589385986328,Medium
6695,134.649658203125,High
6696,72.64006805419922,Low
6697,113.536376953125,Medium
6698,101.66130065917969,Medium
6699,120.8219223022461,Medium
6700,241.77244567871094,High
6701,133.1996612548828,High
6702,142.6519775390625,High
6703,123.54261016845703,Medium
6704,131.51600646972656,High
6705,117.40638732910156,Medium
6706,136.5725860595703,High
6707,113.83763885498047,Medium
6708,123.83887481689453,Medium
6709,79.90758514404297,Low
6710,119.70712280273438,Medium
6711,119.31954193115234,Medium
6712,57.60068893432617,Low
6713,188.26229858398438,High
6714,82.2046890258789,Low
6715,210.70587158203125,High
6716,155.6046905517578,High
6717,89.40827178955078,Low
6718,330.869873046875,High
6719,198.4166259765625,High
6720,99.50350189208984,Low
6721,123.31477355957031,Medium
6722,119.36714172363281,Medium
6723,143.48989868164062,High
6724,127.70526123046875,High
6725,68.72504425048828,Low
6726,67.88167572021484,Low
6727,82.76521301269531,Low
6728,139.59889221191406,High
6729,285.1549072265625,High
6730,98.05181121826172,Low
6731,69.32768249511719,Low
6732,86.1011962890625,Low
6733,113.03899383544922,Medium
6734,148.92385864257812,High
6735,85.56366729736328,Low
6736,129.11962890625,High
6737,88.92113494873047,Low
6738,103.43885040283203,Medium
6739,116.4663314819336,Medium
6740,107.26898956298828,Medium
6741,130.37008666992188,High
6742,82.92101287841797,Low
6743,77.23184204101562,Low
6744,100.08463287353516,Low
6745,90.22811889648438,Low
6746,138.4368896484375,High
6747,128.13449096679688,High
6748,91.84420776367188,Low
6749,123.69171142578125,Medium
6750,139.19891357421875,High
6751,172.456787109375,High
6752,99.80388641357422,Low
6753,99.93904113769531,Low
6754,86.10334777832031,Low
6755,119.52398681640625,Medium
6756,188.33184814453125,High
6757,201.80955505371094,High
6758,63.10116958618164,Low
6759,115.08818054199219,Medium
6760,206.863037109375,High
6761,80.32487487792969,Low
6762,95.6319580078125,Low
6763,81.32652282714844,Low
6764,133.29954528808594,High
6765,74.69388580322266,Low
6766,151.34555053710938,High
6767,136.60403442382812,High
6768,109.65621948242188,Medium
6769,121.43379974365234,Medium
6770,123.31477355957031,Medium
6771,105.01363372802734,Medium
6772,124.35218048095703,Medium
6773,122.32377624511719,Medium
6774,177.88929748535156,High
6775,91.15120697021484,Low
6776,76.9655532836914,Low
6777,170.55026245117188,High
6778,144.9474334716797,High
6779,123.01701354980469,Medium
6780,106.51548767089844,Medium
6781,135.97036743164062,High
6782,98.94424438476562,Low
6783,179.05426025390625,High
6784,79.16580200195312,Low
6785,115.92610931396484,Medium
6786,78.2330093383789,Low
6787,133.8163604736328,High
6788,119.4902572631836,Medium
6789,121.79492950439453,Medium
6790,156.36981201171875,High
6791,118.2739028930664,Medium
6792,128.5345458984375,High
6793,107.3529281616211,Medium
6794,107.1014404296875,Medium
6795,221.79632568359375,High
6796,113.46065521240234,Medium
6797,145.12232971191406,High
6798,79.5594711303711,Low
6799,168.74783325195312,High
6800,112.30733489990234,Medium
6801,128.6999969482422,High
6802,180.32823181152344,High
6803,113.59436798095703,Medium
6804,102.66354370117188,Medium
6805,170.62588500976562,High
6806,74.9400634765625,Low
6807,127.54432678222656,High
6808,206.6045684814453,High
6809,73.6978988647461,Low
6810,68.04834747314453,Low
6811,88.6346435546875,Low
6812,97.41365814208984,Low
6813,103.30003356933594,Medium
6814,76.5477523803711,Low
6815,137.00634765625,High
6816,110.16627502441406,Medium
6817,136.26170349121094,High
6818,96.06788635253906,Low
6819,78.66596221923828,Low
6820,164.8328399658203,High
6821,100.42794799804688,Low
6822,80.40534210205078,Low
6823,170.61354064941406,High
6824,99.67522430419922,Low
6825,126.22819519042969,Medium
6826,81.20419311523438,Low
6827,80.58818054199219,Low
6828,202.22962951660156,High
6829,82.21668243408203,Low
6830,118.30584716796875,Medium
6831,118.78875732421875,Medium
6832,74.78314971923828,Low
6833,125.56119537353516,Medium
6834,81.37764739990234,Low
6835,126.4880142211914,Medium
6836,71.5858383178711,Low
6837,130.30572509765625,High
6838,223.8653564453125,High
6839,123.44107818603516,Medium
6840,133.37966918945312,High
6841,70.04320526123047,Low
6842,262.56964111328125,High
6843,118.61737060546875,Medium
6844,305.9916076660156,High
6845,135.6177978515625,High
6846,209.2681427001953,High
6847,179.31785583496094,High
6848,96.81975555419922,Low
6849,312.1757507324219,High
6850,120.66539764404297,Medium
6851,131.84024047851562,High
6852,150.15708923339844,High
6853,153.39886474609375,High
6854,128.74359130859375,High
6855,65.14225769042969,Low
6856,127.93224334716797,High
6857,132.14195251464844,High
6858,77.71236419677734,Low
6859,64.43558502197266,Low
6860,132.74606323242188,High
6861,133.56552124023438,High
6862,154.1536102294922,High
6863,130.9075164794922,High
6864,125.46672058105469,Medium
6865,61.67710876464844,Low
6866,112.68749237060547,Medium
6867,120.2112808227539,Medium
6868,98.6674575805664,Low
6869,73.59803009033203,Low
6870,128.19537353515625,High
6871,93.35147857666016,Low
6872,71.26851654052734,Low
6873,54.08596420288086,Low
6874,73.54240417480469,Low
6875,131.71804809570312,High
6876,150.58299255371094,High
6877,127.16835021972656,Medium
6878,101.01571655273438,Medium
6879,162.988525390625,High
6880,73.5743637084961,Low
6881,93.7345962524414,Low
6882,116.5290298461914,Medium
6883,94.41778564453125,Low
6884,95.1163330078125,Low
6885,123.24443054199219,Medium
6886,91.88838195800781,Low
6887,111.95519256591797,Medium
6888,93.66365814208984,Low
6889,58.948184967041016,Low
6890,167.3160858154297,High
6891,141.1409912109375,High
6892,132.40203857421875,High
6893,135.02944946289062,High
6894,77.84680938720703,Low
6895,128.06936645507812,High
6896,112.59709167480469,Medium
6897,98.38237762451172,Low
6898,129.73248291015625,High
6899,116.91853332519531,Medium
6900,118.79792785644531,Medium
6901,128.63182067871094,High
6902,94.73947143554688,Low
6903,119.4902572631836,Medium
6904,128.0193634033203,High
6905,70.26490783691406,Low
6906,155.94393920898438,High
6907,113.63027954101562,Medium
6908,168.22776794433594,High
6909,62.48389434814453,Low
6910,136.4355926513672,High
6911,68.06007385253906,Low
6912,132.1602325439453,High
6913,126.81971740722656,Medium
6914,128.05870056152344,High
6915,104.68740844726562,Medium
6916,134.8942413330078,High
6917,124.60385131835938,Medium
6918,64.8511962890625,Low
6919,91.26457214355469,Low
6920,119.46713256835938,Medium
6921,136.89187622070312,High
6922,169.7398681640625,High
6923,161.98348999023438,High
6924,120.07630157470703,Medium
6925,117.80895233154297,Medium
6926,124.90037536621094,Medium
6927,114.8053207397461,Medium
6928,155.6046905517578,High
6929,106.23981475830078,Medium
6930,123.18750762939453,Medium
6931,127.54432678222656,High
6932,114.16780853271484,Medium
6933,129.11912536621094,High
6934,148.03060913085938,High
6935,101.67302703857422,Medium
6936,157.46958923339844,High
6937,116.07545471191406,Medium
6938,90.85184478759766,Low
6939,71.22219848632812,Low
6940,128.99972534179688,High
6941,121.18637084960938,Medium
6942,289.9375915527344,High
6943,137.42283630371094,High
6944,84.82472229003906,Low
6945,123.43370819091797,Medium
6946,161.64002990722656,High
6947,97.58882141113281,Low
6948,116.0064697265625,Medium
6949,91.20896911621094,Low
6950,150.80673217773438,High
6951,125.31476593017578,Medium
6952,82.83695220947266,Low
6953,83.96918487548828,Low
6954,153.99725341796875,High
6955,161.22149658203125,High
6956,168.86476135253906,High
6957,117.03498840332031,Medium
6958,144.10385131835938,High
6959,124.13850402832031,Medium
6960,128.5345458984375,High
6961,116.91968536376953,Medium
6962,119.73670196533203,Medium
6963,111.91694641113281,Medium
6964,148.22213745117188,High
6965,105.60485076904297,Medium
6966,132.36305236816406,High
6967,123.64056396484375,Medium
6968,153.19351196289062,High
6969,123.5514907836914,Medium
6970,92.58351135253906,Low
6971,69.90990447998047,Low
6972,142.87689208984375,High
6973,201.8903045654297,High
6974,108.92604064941406,Medium
6975,97.23265075683594,Low
6976,90.34369659423828,Low
6977,80.20191955566406,Low
6978,95.33085632324219,Low
6979,126.22819519042969,Medium
6980,104.6754379272461,Medium
6981,133.40814208984375,High
6982,273.79998779296875,High
6983,114.3008041381836,Medium
6984,148.95567321777344,High
6985,132.67552185058594,High
6986,61.887874603271484,Low
6987,80.17463684082031,Low
6988,142.23886108398438,High
6989,76.81306457519531,Low
6990,101.3209457397461,Medium
6991,136.3352508544922,High
6992,160.40411376953125,High
6993,127.54432678222656,High
6994,61.90210723876953,Low
6995,77.68888092041016,Low
6996,100.46289825439453,Low
6997,136.17657470703125,High
6998,135.26333618164062,High
6999,79.90017700195312,Low
7000,127.38970184326172,High
7001,217.9139404296875,High
7002,112.5520248413086,Medium
7003,109.59869384765625,Medium
7004,146.5127716064453,High
7005,83.90640258789062,Low
7006,82.42284393310547,Low
7007,168.4069061279297,High
7008,101.7642593383789,Medium
7009,80.47305297851562,Low
7010,311.8481140136719,High
7011,141.16043090820312,High
7012,85.16547393798828,Low
7013,117.2314682006836,Medium
7014,97.94391632080078,Low
7015,91.27997589111328,Low
7016,130.25051879882812,High
7017,87.70771789550781,Low
7018,117.01549530029297,Medium
7019,132.67552185058594,High
7020,121.33576202392578,Medium
7021,105.43241119384766,Medium
7022,129.515869140625,High
7023,89.70545959472656,Low
7024,81.04230499267578,Low
7025,114.46920776367188,Medium
7026,135.87332153320312,High
7027,112.720947265625,Medium
7028,108.48779296875,Medium
7029,158.83363342285156,High
7030,144.53660583496094,High
7031,127.35982513427734,High
7032,132.60488891601562,High
7033,160.94383239746094,High
7034,122.30652618408203,Medium
7035,209.04324340820312,High
7036,140.7751922607422,High
7037,126.51197814941406,Medium
7038,100.37471008300781,Low
7039,99.74020385742188,Low
7040,236.957275390625,High
7041,71.830322265625,Low
7042,85.79767608642578,Low
7043,241.4247589111328,High
7044,145.8868408203125,High
7045,59.526432037353516,Low
7046,54.9901008605957,Low
7047,118.66394805908203,Medium
7048,102.27894592285156,Medium
7049,177.4949188232422,High
7050,125.7085952758789,Medium
7051,76.5962905883789,Low
7052,128.63182067871094,High
7053,110.9134292602539,Medium
7054,119.77533721923828,Medium
7055,103.41471862792969,Medium
7056,121.4431381225586,Medium
7057,154.64080810546875,High
7058,63.64552307128906,Low
7059,131.52114868164062,High
7060,155.03273010253906,High
7061,71.9847183227539,Low
7062,84.83137512207031,Low
7063,227.76162719726562,High
7064,108.43680572509766,Medium
7065,76.46348571777344,Low
7066,114.98218536376953,Medium
7067,109.11856079101562,Medium
7068,141.94680786132812,High
7069,79.9310531616211,Low
7070,62.73717498779297,Low
7071,139.59889221191406,High
7072,99.9426040649414,Low
7073,136.62551879882812,High
7074,109.90853881835938,Medium
7075,93.3193588256836,Low
7076,309.4337158203125,High
7077,174.37081909179688,High
7078,78.8897705078125,Low
7079,74.46049499511719,Low
7080,71.80493927001953,Low
7081,95.45101928710938,Low
7082,105.07290649414062,Medium
7083,76.17288208007812,Low
7084,113.67848205566406,Medium
7085,106.2017822265625,Medium
7086,145.0110626220703,High
7087,89.57131958007812,Low
7088,142.994384765625,High
7089,102.6193618774414,Medium
7090,108.81414031982422,Medium
7091,135.42385864257812,High
7092,135.97036743164062,High
7093,113.68397521972656,Medium
7094,58.44569396972656,Low
7095,134.8194580078125,High
7096,177.86602783203125,High
7097,110.09768676757812,Medium
7098,135.97036743164062,High
7099,147.14202880859375,High
7100,264.3622741699219,High
7101,81.71307373046875,Low
7102,105.30365753173828,Medium
7103,72.3273696899414,Low
7104,123.84452056884766,Medium
7105,128.45860290527344,High
7106,142.5965576171875,High
7107,103.70890808105469,Medium
7108,98.95878601074219,Low
7109,116.95498657226562,Medium
7110,129.94573974609375,High
7111,72.84707641601562,Low
7112,99.60456085205078,Low
7113,96.54949951171875,Low
7114,119.84356689453125,Medium
7115,90.0265884399414,Low
7116,119.5758285522461,Medium
7117,68.41123962402344,Low
7118,92.88530731201172,Low
7119,193.0079803466797,High
7120,93.07838439941406,Low
7121,101.98700714111328,Medium
7122,121.29717254638672,Medium
7123,146.08763122558594,High
7124,127.42762756347656,High
7125,132.67552185058594,High
7126,208.05667114257812,High
7127,138.2483673095703,High
7128,70.59542083740234,Low
7129,122.5797119140625,Medium
7130,135.66885375976562,High
7131,87.3770751953125,Low
7132,154.1769256591797,High
7133,81.32554626464844,Low
7134,134.17518615722656,High
7135,133.5836944580078,High
7136,128.4446563720703,High
7137,104.3112564086914,Medium
7138,120.63666534423828,Medium
7139,101.7757339477539,Medium
7140,93.16931915283203,Low
7141,69.44652557373047,Low
7142,133.9711151123047,High
7143,134.4515838623047,High
7144,118.79792785644531,Medium
7145,86.57434844970703,Low
7146,143.8292999267578,High
7147,119.71833801269531,Medium
7148,203.5894317626953,High
7149,109.93904113769531,Medium
7150,95.86881256103516,Low
7151,74.29267120361328,Low
7152,126.20743560791016,Medium
7153,178.8481903076172,High
7154,128.3808135986328,High
7155,97.17151641845703,Low
7156,108.20142364501953,Medium
7157,105.20521545410156,Medium
7158,276.18572998046875,High
7159,104.46516418457031,Medium
7160,67.94905853271484,Low
7161,96.51895141601562,Low
7162,150.64907836914062,High
7163,90.0532455444336,Low
7164,98.43461608886719,Low
7165,78.77061462402344,Low
7166,117.15807342529297,Medium
7167,119.89930725097656,Medium
7168,87.59687042236328,Low
7169,82.77308654785156,Low
7170,128.9351043701172,High
7171,98.46403503417969,Low
7172,67.24899291992188,Low
7173,131.03810119628906,High
7174,175.9254913330078,High
7175,115.51084899902344,Medium
7176,102.09500122070312,Medium
7177,130.65567016601562,High
7178,77.5276107788086,Low
7179,151.41075134277344,High
7180,111.65530395507812,Medium
7181,67.19932556152344,Low
7182,127.2430648803711,Medium
7183,90.249267578125,Low
7184,123.56813049316406,Medium
7185,89.93653106689453,Low
7186,113.6732177734375,Medium
7187,245.5604248046875,High
7188,109.71398162841797,Medium
7189,128.63182067871094,High
7190,253.05319213867188,High
7191,262.1553955078125,High
7192,70.17027282714844,Low
7193,134.9954071044922,High
7194,139.3311004638672,High
7195,67.81139373779297,Low
7196,106.56949615478516,Medium
7197,105.13397216796875,Medium
7198,119.4902572631836,Medium
7199,129.70382690429688,High
7200,107.42849731445312,Medium
7201,126.38590240478516,Medium
7202,120.52265930175781,Medium
7203,113.22069549560547,Medium
7204,137.44528198242188,High
7205,110.5493392944336,Medium
7206,101.7650375366211,Medium
7207,126.94249725341797,Medium
7208,164.1704559326172,High
7209,81.64454650878906,Low
7210,125.64384460449219,Medium
7211,64.36708068847656,Low
7212,77.13754272460938,Low
7213,81.74384307861328,Low
7214,105.32278442382812,Medium
7215,138.8485870361328,High
7216,81.12476348876953,Low
7217,74.20358276367188,Low
7218,213.44595336914062,High
7219,104.1883316040039,Medium
7220,140.16493225097656,High
7221,75.46517944335938,Low
7222,71.52281188964844,Low
7223,137.16856384277344,High
7224,122.5882797241211,Medium
7225,120.87149047851562,Medium
7226,71.63770294189453,Low
7227,143.08509826660156,High
7228,87.94947814941406,Low
7229,135.6177978515625,High
7230,104.41068267822266,Medium
7231,134.42100524902344,High
7232,121.0986328125,Medium
7233,111.71823120117188,Medium
7234,112.96504974365234,Medium
7235,126.34013366699219,Medium
7236,127.54432678222656,High
7237,133.40814208984375,High
7238,142.8209991455078,High
7239,77.75255584716797,Low
7240,89.15357971191406,Low
7241,108.69583129882812,Medium
7242,78.43929290771484,Low
7243,69.5317611694336,Low
7244,165.19357299804688,High
7245,127.11746215820312,Medium
7246,61.75931930541992,Low
7247,133.6248016357422,High
7248,142.27395629882812,High
7249,120.34315490722656,Medium
7250,185.84234619140625,High
7251,130.1663360595703,High
7252,126.8255844116211,Medium
7253,119.25091552734375,Medium
7254,131.0756072998047,High
7255,76.53861236572266,Low
7256,84.46188354492188,Low
7257,164.83047485351562,High
7258,160.2440185546875,High
7259,171.407958984375,High
7260,124.75032806396484,Medium
7261,141.2850341796875,High
7262,236.6918182373047,High
7263,103.64163208007812,Medium
7264,123.31477355957031,Medium
7265,88.06781005859375,Low
7266,96.07598876953125,Low
7267,93.887939453125,Low
7268,175.49801635742188,High
7269,97.5884780883789,Low
7270,72.66117858886719,Low
7271,116.783935546875,Medium
7272,97.36983489990234,Low
7273,133.1683807373047,High
7274,93.6331787109375,Low
7275,129.82110595703125,High
7276,157.5549774169922,High
7277,119.31824493408203,Medium
7278,239.8351593017578,High
7279,131.45993041992188,High
7280,94.32083129882812,Low
7281,117.40638732910156,Medium
7282,74.44031524658203,Low
7283,96.19622802734375,Low
7284,101.56312561035156,Medium
7285,121.60503387451172,Medium
7286,117.40638732910156,Medium
7287,122.74137878417969,Medium
7288,90.59736633300781,Low
7289,95.2752456665039,Low
7290,91.70643615722656,Low
7291,104.43804931640625,Medium
7292,125.58879852294922,Medium
7293,135.068603515625,High
7294,156.07431030273438,High
7295,114.82811737060547,Medium
7296,218.80926513671875,High
7297,90.25613403320312,Low
7298,241.85305786132812,High
7299,119.71001434326172,Medium
7300,113.33798217773438,Medium
7301,94.1869888305664,Low
7302,111.72056579589844,Medium
7303,117.40638732910156,Medium
7304,59.51209259033203,Low
7305,194.96749877929688,High
7306,75.38211822509766,Low
7307,116.52604675292969,Medium
7308,122.63994598388672,Medium
7309,72.07646942138672,Low
7310,92.56190490722656,Low
7311,113.2601547241211,Medium
7312,90.55884552001953,Low
7313,116.09046173095703,Medium
7314,109.61874389648438,Medium
7315,102.18846130371094,Medium
7316,130.08518981933594,High
7317,120.6648178100586,Medium
7318,73.3230209350586,Low
7319,116.8395004272461,Medium
7320,87.66056060791016,Low
7321,118.86106872558594,Medium
7322,149.47393798828125,High
7323,84.18634796142578,Low
7324,289.92645263671875,High
7325,202.90194702148438,High
7326,101.6868896484375,Medium
7327,81.02999114990234,Low
7328,87.76060485839844,Low
7329,96.77638244628906,Low
7330,230.8128662109375,High
7331,158.5525665283203,High
7332,89.11285400390625,Low
7333,82.35829162597656,Low
7334,72.73758697509766,Low
7335,124.77738189697266,Medium
7336,76.90826416015625,Low
7337,86.81485748291016,Low
7338,104.5462417602539,Medium
7339,80.9033203125,Low
7340,222.72293090820312,High
7341,79.1039047241211,Low
7342,113.78755950927734,Medium
7343,117.40638732910156,Medium
7344,141.90438842773438,High
7345,218.62083435058594,High
7346,77.16783905029297,Low
7347,119.78507232666016,Medium
7348,84.13615417480469,Low
7349,150.73574829101562,High
7350,97.34886169433594,Low
7351,141.9679718017578,High
7352,90.30686950683594,Low
7353,95.0147933959961,Low
7354,83.42889404296875,Low
7355,97.12097930908203,Low
7356,246.0255889892578,High
7357,131.17816162109375,High
7358,128.43829345703125,High
7359,151.1845703125,High
7360,160.1470184326172,High
7361,67.61754608154297,Low
7362,65.97013854980469,Low
7363,169.6859130859375,High
7364,85.20398712158203,Low
7365,116.27101135253906,Medium
7366,64.75687408447266,Low
7367,88.98466491699219,Low
7368,133.25857543945312,High
7369,118.20006561279297,Medium
7370,157.38909912109375,High
7371,129.04736328125,High
7372,99.67645263671875,Low
7373,120.781982421875,Medium
7374,77.1393051147461,Low
7375,91.57392120361328,Low
7376,134.89874267578125,High
7377,100.02191925048828,Low
7378,116.46489715576172,Medium
7379,60.30889892578125,Low
7380,180.89532470703125,High
7381,135.97036743164062,High
7382,129.70382690429688,High
7383,125.90119171142578,Medium
7384,114.76870727539062,Medium
7385,76.78294372558594,Low
7386,78.49044036865234,Low
7387,141.02301025390625,High
7388,117.68840789794922,Medium
7389,79.7131576538086,Low
7390,119.6566390991211,Medium
7391,95.8931884765625,Low
7392,85.52294921875,Low
7393,78.45567321777344,Low
7394,122.07223510742188,Medium
7395,129.74777221679688,High
7396,158.5075225830078,High
7397,95.43364715576172,Low
7398,122.02497863769531,Medium
7399,89.63163757324219,Low
7400,202.6073760986328,High
7401,82.48275756835938,Low
7402,225.9562225341797,High
7403,124.57795715332031,Medium
7404,108.92882537841797,Medium
7405,136.67529296875,High
7406,138.5407257080078,High
7407,69.19136810302734,Low
7408,239.4617462158203,High
7409,83.19180297851562,Low
7410,149.52191162109375,High
7411,117.98416900634766,Medium
7412,79.01509857177734,Low
7413,97.08586883544922,Low
7414,98.91398620605469,Low
7415,91.43388366699219,Low
7416,98.90645599365234,Low
7417,99.94200134277344,Low
7418,112.38119506835938,Medium
7419,77.24115753173828,Low
7420,127.54432678222656,High
7421,127.95714569091797,High
7422,99.22706604003906,Low
7423,125.11263275146484,Medium
7424,102.60782623291016,Medium
7425,123.81362915039062,Medium
7426,81.55108642578125,Low
7427,107.3526382446289,Medium
7428,115.53971099853516,Medium
7429,99.0490951538086,Low
7430,93.68949127197266,Low
7431,123.54261016845703,Medium
7432,225.3904266357422,High
7433,126.81805419921875,Medium
7434,107.26924896240234,Medium
7435,78.93940734863281,Low
7436,76.57010650634766,Low
7437,122.07490539550781,Medium
7438,120.95038604736328,Medium
7439,60.585391998291016,Low
7440,128.49288940429688,High
7441,179.12754821777344,High
7442,208.83042907714844,High
7443,77.81851196289062,Low
7444,100.20338439941406,Low
7445,124.35437774658203,Medium
7446,96.20535278320312,Low
7447,85.28455352783203,Low
7448,66.09479522705078,Low
7449,77.281982421875,Low
7450,117.67545318603516,Medium
7451,100.3736801147461,Low
7452,111.68821716308594,Medium
7453,119.4902572631836,Medium
7454,65.4315414428711,Low
7455,146.57228088378906,High
7456,260.845458984375,High
7457,112.02214050292969,Medium
7458,97.26632690429688,Low
7459,207.8181915283203,High
7460,77.14807891845703,Low
7461,153.7315673828125,High
7462,89.37085723876953,Low
7463,119.86724090576172,Medium
7464,84.1627197265625,Low
7465,123.6038589477539,Medium
7466,92.5474853515625,Low
7467,166.87086486816406,High
7468,125.28845977783203,Medium
7469,102.73851013183594,Medium
7470,127.54432678222656,High
7471,126.22819519042969,Medium
7472,143.50047302246094,High
7473,137.12962341308594,High
7474,105.8573989868164,Medium
7475,128.73464965820312,High
7476,101.33975219726562,Medium
7477,81.050537109375,Low
7478,158.76524353027344,High
7479,120.90171813964844,Medium
7480,70.03287506103516,Low
7481,192.48509216308594,High
7482,103.20267486572266,Medium
7483,79.69300842285156,Low
7484,131.59669494628906,High
7485,130.37767028808594,High
7486,58.50274658203125,Low
7487,97.54244995117188,Low
7488,140.4969482421875,High
7489,92.23805236816406,Low
7490,257.4146728515625,High
7491,133.5260467529297,High
7492,175.33665466308594,High
7493,114.14401245117188,Medium
7494,107.59983825683594,Medium
7495,138.9779052734375,High
7496,81.14413452148438,Low
7497,70.52117919921875,Low
7498,79.23514556884766,Low
7499,127.5409927368164,High
7500,142.55029296875,High
7501,58.49445343017578,Low
7502,77.93850708007812,Low
7503,122.35228729248047,Medium
7504,282.27764892578125,High
7505,174.59097290039062,High
7506,117.40638732910156,Medium
7507,172.65708923339844,High
7508,112.42214965820312,Medium
7509,152.48873901367188,High
7510,113.92925262451172,Medium
7511,203.21804809570312,High
7512,68.74832916259766,Low
7513,89.86797332763672,Low
7514,146.7154083251953,High
7515,124.73628234863281,Medium
7516,91.02558898925781,Low
7517,125.46672058105469,Medium
7518,106.57255554199219,Medium
7519,133.66586303710938,High
7520,93.92044067382812,Low
7521,117.58118438720703,Medium
7522,104.584716796875,Medium
7523,185.3444061279297,High
7524,112.6373062133789,Medium
7525,104.14033508300781,Medium
7526,126.4880142211914,Medium
7527,156.67893981933594,High
7528,91.19439697265625,Low
7529,75.584228515625,Low
7530,119.58326721191406,Medium
7531,118.469482421875,Medium
7532,269.59698486328125,High
7533,93.29067993164062,Low
7534,144.33648681640625,High
7535,289.5265808105469,High
7536,101.40007019042969,Medium
7537,91.55868530273438,Low
7538,107.38677978515625,Medium
7539,233.1403350830078,High
7540,123.29228210449219,Medium
7541,123.65507507324219,Medium
7542,125.40613555908203,Medium
7543,245.8240509033203,High
7544,105.2527084350586,Medium
7545,107.4164047241211,Medium
7546,79.62471008300781,Low
7547,135.9696502685547,High
7548,120.6648178100586,Medium
7549,158.53359985351562,High
7550,71.85518646240234,Low
7551,101.61528778076172,Medium
7552,137.00634765625,High
7553,114.9336166381836,Medium
7554,241.83511352539062,High
7555,85.55713653564453,Low
7556,93.28913879394531,Low
7557,169.4998321533203,High
7558,97.06803894042969,Low
7559,87.82371520996094,Low
7560,101.00114440917969,Medium
7561,142.90005493164062,High
7562,112.29612731933594,Medium
7563,138.2864532470703,High
7564,182.0781707763672,High
7565,99.40887451171875,Low
7566,67.94267272949219,Low
7567,124.32958221435547,Medium
7568,87.54713439941406,Low
7569,82.84554290771484,Low
7570,69.29402160644531,Low
7571,81.64478302001953,Low
7572,117.93338012695312,Medium
7573,94.10025024414062,Low
7574,132.0935821533203,High
7575,109.4196548461914,Medium
7576,148.96707153320312,High
7577,101.30972290039062,Medium
7578,76.86707305908203,Low
7579,114.58223724365234,Medium
7580,139.75433349609375,High
7581,117.97660064697266,Medium
7582,67.42527770996094,Low
7583,263.21160888671875,High
7584,85.54299926757812,Low
7585,99.6950454711914,Low
7586,57.65996551513672,Low
7587,143.68959045410156,High
7588,117.36094665527344,Medium
7589,147.5616455078125,High
7590,149.1239471435547,High
7591,98.79351806640625,Low
7592,156.37818908691406,High
7593,156.00445556640625,High
7594,94.0186538696289,Low
7595,106.37501525878906,Medium
7596,85.80612182617188,Low
7597,129.08106994628906,High
7598,118.40213775634766,Medium
7599,86.98799896240234,Low
7600,58.788394927978516,Low
7601,86.31200408935547,Low
7602,133.41932678222656,High
7603,98.88396453857422,Low
7604,91.40401458740234,Low
7605,113.80603790283203,Medium
7606,130.37008666992188,High
7607,100.62212371826172,Medium
7608,119.92781829833984,Medium
7609,154.1167449951172,High
7610,130.48959350585938,High
7611,76.75191497802734,Low
7612,135.45323181152344,High
7613,129.44876098632812,High
7614,114.04068756103516,Medium
7615,136.36988830566406,High
7616,162.72035217285156,High
7617,97.99435424804688,Low
7618,91.0881118774414,Low
7619,116.3174819946289,Medium
7620,132.12814331054688,High
7621,91.79521179199219,Low
7622,147.11312866210938,High
7623,238.5792694091797,High
7624,89.89286804199219,Low
7625,126.38296508789062,Medium
7626,86.83772277832031,Low
7627,97.36358642578125,Low
7628,72.90559387207031,Low
7629,104.03369903564453,Medium
7630,85.21110534667969,Low
7631,135.3665313720703,High
7632,155.90748596191406,High
7633,81.43126678466797,Low
7634,132.6121826171875,High
7635,152.62985229492188,High
7636,117.40638732910156,Medium
7637,218.88319396972656,High
7638,96.15533447265625,Low
7639,107.98273468017578,Medium
7640,215.6638641357422,High
7641,94.0019302368164,Low
7642,59.52985763549805,Low
7643,101.33528900146484,Medium
7644,119.81041717529297,Medium
7645,134.9954071044922,High
7646,142.90005493164062,High
7647,90.05354309082031,Low
7648,100.80557250976562,Medium
7649,97.59584045410156,Low
7650,115.48029327392578,Medium
7651,122.3813705444336,Medium
7652,117.93148803710938,Medium
7653,119.36714172363281,Medium
7654,121.02886962890625,Medium
7655,108.10777282714844,Medium
7656,84.35519409179688,Low
7657,112.96504974365234,Medium
7658,145.89193725585938,High
7659,131.84024047851562,High
7660,166.68447875976562,High
7661,120.4354019165039,Medium
7662,105.97997283935547,Medium
7663,136.1865692138672,High
7664,186.40003967285156,High
7665,126.22819519042969,Medium
7666,101.46760559082031,Medium
7667,116.77973937988281,Medium
7668,126.67131805419922,Medium
7669,113.46932220458984,Medium
7670,113.5744857788086,Medium
7671,76.23528289794922,Low
7672,71.23246765136719,Low
7673,76.47758483886719,Low
7674,128.5402069091797,High
7675,82.38972473144531,Low
7676,121.81893157958984,Medium
7677,138.8104248046875,High
7678,73.63886260986328,Low
7679,126.34013366699219,Medium
7680,96.69393920898438,Low
7681,84.70698547363281,Low
7682,115.52830505371094,Medium
7683,107.42849731445312,Medium
7684,112.25643157958984,Medium
7685,142.32650756835938,High
7686,126.22819519042969,Medium
7687,143.1419219970703,High
7688,155.63633728027344,High
7689,71.33457946777344,Low
7690,132.0792999267578,High
7691,104.8788070678711,Medium
7692,180.339599609375,High
7693,87.69745635986328,Low
7694,118.212890625,Medium
7695,122.0905990600586,Medium
7696,280.9910583496094,High
7697,261.7744445800781,High
7698,220.7849578857422,High
7699,183.04872131347656,High
7700,118.44454956054688,Medium
7701,157.7168731689453,High
7702,95.15789794921875,Low
7703,77.79440307617188,Low
7704,133.3396453857422,High
7705,86.98554992675781,Low
7706,178.00140380859375,High
7707,146.85183715820312,High
7708,79.14421081542969,Low
7709,60.75775909423828,Low
7710,142.58847045898438,High
7711,61.982810974121094,Low
7712,93.11717224121094,Low
7713,155.60447692871094,High
7714,121.0986328125,Medium
7715,95.42206573486328,Low
7716,117.40638732910156,Medium
7717,56.02420425415039,Low
7718,74.1682357788086,Low
7719,58.414852142333984,Low
7720,84.47176361083984,Low
7721,88.66983795166016,Low
7722,85.01216125488281,Low
7723,100.1280517578125,Low
7724,132.6121826171875,High
7725,120.69345092773438,Medium
7726,111.10321807861328,Medium
7727,87.37580108642578,Low
7728,136.39968872070312,High
7729,80.01956939697266,Low
7730,105.00676727294922,Medium
7731,171.1243133544922,High
7732,168.18182373046875,High
7733,109.50635528564453,Medium
7734,143.20639038085938,High
7735,90.08787536621094,Low
7736,72.3668212890625,Low
7737,134.50660705566406,High
7738,75.13461303710938,Low
7739,49.367462158203125,Low
7740,155.29566955566406,High
7741,125.919189453125,Medium
7742,133.68116760253906,High
7743,77.92764282226562,Low
7744,120.6648178100586,Medium
7745,69.7524185180664,Low
7746,123.41881561279297,Medium
7747,85.71456909179688,Low
7748,77.97041320800781,Low
7749,116.46489715576172,Medium
7750,112.625732421875,Medium
7751,206.26284790039062,High
7752,96.3182601928711,Low
7753,117.79179382324219,Medium
7754,116.35566711425781,Medium
7755,123.2049331665039,Medium
7756,119.19093322753906,Medium
7757,157.0486602783203,High
7758,216.42547607421875,High
7759,90.45747375488281,Low
7760,96.11231231689453,Low
7761,93.10393524169922,Low
7762,133.90037536621094,High
7763,78.4013900756836,Low
7764,80.11724853515625,Low
7765,94.890869140625,Low
7766,76.76610565185547,Low
7767,133.40814208984375,High
7768,83.7234878540039,Low
7769,92.70748138427734,Low
7770,153.47366333007812,High
7771,152.4922637939453,High
7772,114.11963653564453,Medium
7773,132.67552185058594,High
7774,111.3077392578125,Medium
7775,79.72270965576172,Low
7776,134.98590087890625,High
7777,112.27660369873047,Medium
7778,89.70768737792969,Low
7779,140.27847290039062,High
7780,123.43370819091797,Medium
7781,119.88481903076172,Medium
7782,80.81062316894531,Low
7783,99.31002044677734,Low
7784,93.82176971435547,Low
7785,121.52649688720703,Medium
7786,137.00634765625,High
7787,141.12794494628906,High
7788,108.7650375366211,Medium
7789,86.58853912353516,Low
7790,60.88154602050781,Low
7791,111.57557678222656,Medium
7792,133.0428009033203,High
7793,75.02808380126953,Low
7794,134.57176208496094,High
7795,83.36112976074219,Low
7796,229.76953125,High
7797,145.7076873779297,High
7798,118.31597137451172,Medium
7799,57.876224517822266,Low
7800,128.9332733154297,High
7801,144.85704040527344,High
7802,85.70464324951172,Low
7803,119.1007308959961,Medium
7804,138.01638793945312,High
7805,152.23170471191406,High
7806,129.849609375,High
7807,155.79759216308594,High
7808,61.601417541503906,Low
7809,103.13166809082031,Medium
7810,121.9888916015625,Medium
7811,89.15369415283203,Low
7812,92.59430694580078,Low
7813,156.44580078125,High
7814,127.09601593017578,Medium
7815,113.31245422363281,Medium
7816,76.4539794921875,Low
7817,94.8780288696289,Low
7818,72.70074462890625,Low
7819,135.1357421875,High
7820,116.15880584716797,Medium
7821,79.36039733886719,Low
7822,82.88219451904297,Low
7823,116.46489715576172,Medium
7824,278.6976318359375,High
7825,78.52009582519531,Low
7826,177.0076446533203,High
7827,125.79900360107422,Medium
7828,88.72825622558594,Low
7829,56.43762969970703,Low
7830,89.08653259277344,Low
7831,141.92620849609375,High
7832,133.49131774902344,High
7833,118.21369171142578,Medium
7834,74.0793228149414,Low
7835,107.2004623413086,Medium
7836,116.48027038574219,Medium
7837,137.37844848632812,High
7838,104.55467987060547,Medium
7839,130.25051879882812,High
7840,64.49056243896484,Low
7841,100.020751953125,Low
7842,131.35693359375,High
7843,107.85543823242188,Medium
7844,132.14344787597656,High
7845,106.26476287841797,Medium
7846,115.38520812988281,Medium
7847,158.9235076904297,High
7848,153.39512634277344,High
7849,79.26771545410156,Low
7850,111.24706268310547,Medium
7851,128.5099334716797,High
7852,144.23704528808594,High
7853,122.59333801269531,Medium
7854,66.00733184814453,Low
7855,59.946128845214844,Low
7856,83.03589630126953,Low
7857,121.0986328125,Medium
7858,116.98577880859375,Medium
7859,186.94740295410156,High
7860,104.05662536621094,Medium
7861,187.13792419433594,High
7862,93.59153747558594,Low
7863,124.6048583984375,Medium
7864,87.28433227539062,Low
7865,100.76953125,Medium
7866,124.82344055175781,Medium
7867,75.97673797607422,Low
7868,82.75654602050781,Low
7869,67.17828369140625,Low
7870,115.66210174560547,Medium
7871,104.14856719970703,Medium
7872,139.818603515625,High
7873,92.42147064208984,Low
7874,126.1310806274414,Medium
7875,132.60986328125,High
7876,150.1681365966797,High
7877,139.319580078125,High
7878,84.6906509399414,Low
7879,84.39934539794922,Low
7880,135.2825164794922,High
7881,152.18878173828125,High
7882,135.14537048339844,High
7883,124.26521301269531,Medium
7884,158.6804962158203,High
7885,234.28306579589844,High
7886,140.34986877441406,High
7887,107.91071319580078,Medium
7888,121.72977447509766,Medium
7889,152.02149963378906,High
7890,171.0294952392578,High
7891,103.8984375,Medium
7892,107.53092193603516,Medium
7893,95.46736145019531,Low
7894,115.48394012451172,Medium
7895,116.46489715576172,Medium
7896,96.13717651367188,Low
7897,128.0157012939453,High
7898,157.07676696777344,High
7899,174.16722106933594,High
7900,112.05032348632812,Medium
7901,134.46710205078125,High
7902,162.4690704345703,High
7903,56.021324157714844,Low
7904,105.5113525390625,Medium
7905,194.6903839111328,High
7906,163.66217041015625,High
7907,125.89811706542969,Medium
7908,67.04627990722656,Low
7909,111.49651336669922,Medium
7910,91.93800354003906,Low
7911,84.10672760009766,Low
7912,115.661865234375,Medium
7913,80.2579116821289,Low
7914,104.09363555908203,Medium
7915,116.87860870361328,Medium
7916,72.10431671142578,Low
7917,82.86961364746094,Low
7918,200.0902557373047,High
7919,88.01900482177734,Low
7920,96.8742904663086,Low
7921,54.95084762573242,Low
7922,111.22633361816406,Medium
7923,108.79244232177734,Medium
7924,130.93841552734375,High
7925,109.93963623046875,Medium
7926,82.51311492919922,Low
7927,101.9782485961914,Medium
7928,131.21359252929688,High
7929,145.5768280029297,High
7930,98.12276458740234,Low
7931,124.02438354492188,Medium
7932,85.26708984375,Low
7933,121.83502960205078,Medium
7934,80.60688018798828,Low
7935,148.82958984375,High
7936,117.40437316894531,Medium
7937,82.5496826171875,Low
7938,124.16706848144531,Medium
7939,206.72596740722656,High
7940,110.20113372802734,Medium
7941,118.59906768798828,Medium
7942,232.03941345214844,High
7943,196.8927459716797,High
7944,130.36941528320312,High
7945,135.5697021484375,High
7946,132.43687438964844,High
7947,205.38681030273438,High
7948,262.3106689453125,High
7949,92.91006469726562,Low
7950,105.74421691894531,Medium
7951,179.86936950683594,High
7952,70.9217758178711,Low
7953,84.86458587646484,Low
7954,77.92878723144531,Low
7955,114.49337005615234,Medium
7956,162.5135040283203,High
7957,91.8070297241211,Low
7958,135.26573181152344,High
7959,247.11129760742188,High
7960,89.7508773803711,Low
7961,70.70308685302734,Low
7962,80.00963592529297,Low
7963,131.95025634765625,High
7964,120.87149047851562,Medium
7965,119.36714172363281,Medium
7966,60.30032730102539,Low
7967,124.91816711425781,Medium
7968,135.2780303955078,High
7969,92.2335205078125,Low
7970,93.51396179199219,Low
7971,125.29740142822266,Medium
7972,64.94889068603516,Low
7973,126.49417114257812,Medium
7974,101.10025024414062,Medium
7975,124.0555419921875,Medium
7976,124.28971862792969,Medium
7977,86.6568374633789,Low
7978,129.7927703857422,High
7979,88.60684967041016,Low
7980,124.28217315673828,Medium
7981,85.89228820800781,Low
7982,166.28089904785156,High
7983,137.4393768310547,High
7984,95.61140441894531,Low
7985,234.55125427246094,High
7986,128.07667541503906,High
7987,92.55472564697266,Low
7988,227.0201873779297,High
7989,80.16169738769531,Low
7990,73.61615753173828,Low
7991,181.16162109375,High
7992,239.2139892578125,High
7993,142.5552215576172,High
7994,136.56298828125,High
7995,146.3659210205078,High
7996,85.34059143066406,Low
7997,113.9810791015625,Medium
7998,130.10653686523438,High
7999,132.8099822998047,High
8000,106.800048828125,Medium
8001,61.61497497558594,Low
8002,108.69991302490234,Medium
8003,72.84080505371094,Low
8004,144.005615234375,High
8005,112.47303009033203,Medium
8006,99.86724853515625,Low
8007,240.46722412109375,High
8008,86.37934875488281,Low
8009,103.40484619140625,Medium
8010,137.389404296875,High
8011,69.36843872070312,Low
8012,101.83538055419922,Medium
8013,96.1735610961914,Low
8014,143.3155517578125,High
8015,95.47089385986328,Low
8016,135.6177978515625,High
8017,143.1631317138672,High
8018,89.62132263183594,Low
8019,119.91316986083984,Medium
8020,104.02666473388672,Medium
8021,82.67436981201172,Low
8022,104.0149917602539,Medium
8023,94.99849700927734,Low
8024,101.91949462890625,Medium
8025,137.8385009765625,High
8026,74.79534149169922,Low
8027,155.7144775390625,High
8028,93.64509582519531,Low
8029,119.34676361083984,Medium
8030,100.45429229736328,Low
8031,101.40338134765625,Medium
8032,110.87547302246094,Medium
8033,116.46489715576172,Medium
8034,89.59951782226562,Low
8035,119.4902572631836,Medium
8036,68.64986419677734,Low
8037,80.61687469482422,Low
8038,119.13656616210938,Medium
8039,60.33926773071289,Low
8040,131.39797973632812,High
8041,108.89274597167969,Medium
8042,77.17475128173828,Low
8043,124.05400085449219,Medium
8044,58.85104751586914,Low
8045,94.7969970703125,Low
8046,139.27200317382812,High
8047,149.6652069091797,High
8048,152.16180419921875,High
8049,92.62693786621094,Low
8050,107.38274383544922,Medium
8051,72.38912200927734,Low
8052,178.60272216796875,High
8053,120.97673034667969,Medium
8054,123.84452056884766,Medium
8055,148.6068572998047,High
8056,96.2327651977539,Low
8057,124.9093017578125,Medium
8058,79.67195129394531,Low
8059,130.23025512695312,High
8060,117.25655364990234,Medium
8061,113.68153381347656,Medium
8062,76.78907775878906,Low
8063,119.36714172363281,Medium
8064,116.29100799560547,Medium
8065,123.39434814453125,Medium
8066,231.9698028564453,High
8067,114.28223419189453,Medium
8068,73.13758087158203,Low
8069,156.80503845214844,High
8070,123.85958862304688,Medium
8071,199.10739135742188,High
8072,132.67552185058594,High
8073,204.5388641357422,High
8074,104.8381118774414,Medium
8075,123.29228210449219,Medium
8076,118.51585388183594,Medium
8077,107.1011962890625,Medium
8078,113.82926940917969,Medium
8079,231.8851776123047,High
8080,115.81346130371094,Medium
8081,108.23404693603516,Medium
8082,75.48804473876953,Low
8083,84.44564056396484,Low
8084,101.58848571777344,Medium
8085,99.70459747314453,Low
8086,132.9866485595703,High
8087,105.7049789428711,Medium
8088,95.22408294677734,Low
8089,99.7607650756836,Low
8090,138.55569458007812,High
8091,76.5101547241211,Low
8092,87.83306884765625,Low
8093,110.44313049316406,Medium
8094,118.20484924316406,Medium
8095,101.52120971679688,Medium
8096,101.0255355834961,Medium
8097,243.87889099121094,High
8098,134.7823486328125,High
8099,121.05259704589844,Medium
8100,77.52714538574219,Low
8101,79.26016998291016,Low
8102,111.27189636230469,Medium
8103,142.00135803222656,High
8104,133.67428588867188,High
8105,79.20989227294922,Low
8106,274.4668884277344,High
8107,127.18838500976562,Medium
8108,84.5361328125,Low
8109,125.48359680175781,Medium
8110,145.96047973632812,High
8111,111.22386169433594,Medium
8112,81.6261215209961,Low
8113,97.2537612915039,Low
8114,62.78267288208008,Low
8115,147.4723663330078,High
8116,121.9720458984375,Medium
8117,107.14634704589844,Medium
8118,130.47093200683594,High
8119,72.09886932373047,Low
8120,138.9063720703125,High
8121,71.42066192626953,Low
8122,153.56178283691406,High
8123,152.8025360107422,High
8124,113.20962524414062,Medium
8125,95.30410766601562,Low
8126,231.05014038085938,High
8127,97.99967956542969,Low
8128,109.32564544677734,Medium
8129,60.67908477783203,Low
8130,100.245361328125,Low
8131,81.27149963378906,Low
8132,136.12086486816406,High
8133,71.92057800292969,Low
8134,92.48075103759766,Low
8135,76.91897583007812,Low
8136,101.88373565673828,Medium
8137,123.11581420898438,Medium
8138,120.80413818359375,Medium
8139,86.98336029052734,Low
8140,102.77507781982422,Medium
8141,60.87440490722656,Low
8142,108.70604705810547,Medium
8143,110.90953063964844,Medium
8144,84.93880462646484,Low
8145,159.7758026123047,High
8146,109.95960998535156,Medium
8147,76.910400390625,Low
8148,250.66131591796875,High
8149,118.73176574707031,Medium
8150,80.02925109863281,Low
8151,110.56554412841797,Medium
8152,109.17940521240234,Medium
8153,82.5981216430664,Low
8154,238.63381958007812,High
8155,84.51428985595703,Low
8156,88.18511962890625,Low
8157,101.14923858642578,Medium
8158,120.94802856445312,Medium
8159,132.80430603027344,High
8160,126.7246322631836,Medium
8161,182.28933715820312,High
8162,139.2927703857422,High
8163,175.99880981445312,High
8164,109.35751342773438,Medium
8165,114.40343475341797,Medium
8166,148.2424774169922,High
8167,100.2334976196289,Low
8168,120.87149047851562,Medium
8169,132.80430603027344,High
8170,191.72987365722656,High
8171,123.22209167480469,Medium
8172,90.99070739746094,Low
8173,128.2068328857422,High
8174,107.25677490234375,Medium
8175,115.55113983154297,Medium
8176,126.1836166381836,Medium
8177,85.4954605102539,Low
8178,126.34013366699219,Medium
8179,134.452392578125,High
8180,66.85347747802734,Low
8181,137.9290313720703,High
8182,86.70746612548828,Low
8183,133.85865783691406,High
8184,76.20787811279297,Low
8185,123.49933624267578,Medium
8186,115.34054565429688,Medium
8187,143.66915893554688,High
8188,124.80611419677734,Medium
8189,235.85760498046875,High
8190,129.5411376953125,High
8191,96.0546646118164,Low
8192,68.66960144042969,Low
8193,103.3727035522461,Medium
8194,127.02999114990234,Medium
8195,143.11341857910156,High
8196,140.14707946777344,High
8197,271.509765625,High
8198,127.34513854980469,High
8199,126.34013366699219,Medium
8200,141.60899353027344,High
8201,109.93904113769531,Medium
8202,90.63755798339844,Low
8203,81.38610076904297,Low
8204,92.25807189941406,Low
8205,110.96926879882812,Medium
8206,80.51522064208984,Low
8207,166.79823303222656,High
8208,118.07164001464844,Medium
8209,128.19537353515625,High
8210,167.16253662109375,High
8211,138.1832733154297,High
8212,72.09980010986328,Low
8213,125.77195739746094,Medium
8214,165.6253662109375,High
8215,147.36231994628906,High
8216,72.82305908203125,Low
8217,136.93116760253906,High
8218,87.26728057861328,Low
8219,133.40814208984375,High
8220,99.51001739501953,Low
8221,85.83402252197266,Low
8222,124.0980453491211,Medium
8223,79.62371063232422,Low
8224,76.2713623046875,Low
8225,140.4805450439453,High
8226,145.33578491210938,High
8227,99.12133026123047,Low
8228,130.74693298339844,High
8229,89.52811431884766,Low
8230,93.51712036132812,Low
8231,106.86680603027344,Medium
8232,119.4902572631836,Medium
8233,105.90882873535156,Medium
8234,287.63873291015625,High
8235,119.29818725585938,Medium
8236,135.53086853027344,High
8237,119.31694793701172,Medium
8238,157.25608825683594,High
8239,120.18113708496094,Medium
8240,59.570960998535156,Low
8241,92.84834289550781,Low
8242,84.59608459472656,Low
8243,110.9482421875,Medium
8244,144.4310302734375,High
8245,85.6331558227539,Low
8246,99.77911376953125,Low
8247,66.39366149902344,Low
8248,120.44772338867188,Medium
8249,121.25891876220703,Medium
8250,111.95172119140625,Medium
8251,143.50579833984375,High
8252,137.306640625,High
8253,71.7179183959961,Low
8254,145.0485382080078,High
8255,120.6648178100586,Medium
8256,122.30564880371094,Medium
8257,103.91564178466797,Medium
8258,79.0035629272461,Low
8259,95.00564575195312,Low
8260,62.420372009277344,Low
8261,102.48326873779297,Medium
8262,105.03759002685547,Medium
8263,124.25626373291016,Medium
8264,78.01973724365234,Low
8265,75.33790588378906,Low
8266,79.75760650634766,Low
8267,120.42794036865234,Medium
8268,170.56588745117188,High
8269,71.67189025878906,Low
8270,150.5921173095703,High
8271,109.42124938964844,Medium
8272,70.06401824951172,Low
8273,105.00676727294922,Medium
8274,123.90325164794922,Medium
8275,89.43861389160156,Low
8276,111.82147979736328,Medium
8277,92.15969848632812,Low
8278,79.92484283447266,Low
8279,100.12416076660156,Low
8280,146.45643615722656,High
8281,87.05552673339844,Low
8282,130.20274353027344,High
8283,124.5177001953125,Medium
8284,103.42742156982422,Medium
8285,131.4977569580078,High
8286,91.39533233642578,Low
8287,132.67552185058594,High
8288,116.52604675292969,Medium
8289,75.65730285644531,Low
8290,93.93687438964844,Low
8291,146.19769287109375,High
8292,95.62759399414062,Low
8293,101.3481674194336,Medium
8294,94.28607940673828,Low
8295,172.72088623046875,High
8296,116.80740356445312,Medium
8297,120.87832641601562,Medium
8298,100.02772521972656,Low
8299,167.73081970214844,High
8300,123.72931671142578,Medium
8301,131.52114868164062,High
8302,86.98995971679688,Low
8303,121.0986328125,Medium
8304,89.43502044677734,Low
8305,92.49710083007812,Low
8306,120.03653717041016,Medium
8307,103.21622467041016,Medium
8308,121.74533081054688,Medium
8309,68.33940887451172,Low
8310,104.12647247314453,Medium
8311,260.2783203125,High
8312,90.27417755126953,Low
8313,123.2439193725586,Medium
8314,112.5520248413086,Medium
8315,121.48441314697266,Medium
8316,90.52373504638672,Low
8317,60.05001449584961,Low
8318,388.61712646484375,High
8319,91.58748626708984,Low
8320,102.57595825195312,Medium
8321,150.25523376464844,High
8322,130.38961791992188,High
8323,219.96807861328125,High
8324,125.01554870605469,Medium
8325,116.63264465332031,Medium
8326,109.77188110351562,Medium
8327,81.36166381835938,Low
8328,74.5487060546875,Low
8329,155.58299255371094,High
8330,127.09846496582031,Medium
8331,85.28144073486328,Low
8332,151.28936767578125,High
8333,90.3742904663086,Low
8334,147.87939453125,High
8335,99.39340209960938,Low
8336,74.86243438720703,Low
8337,90.65050506591797,Low
8338,72.2430191040039,Low
8339,129.6452178955078,High
8340,95.30410766601562,Low
8341,239.2630157470703,High
8342,112.67774200439453,Medium
8343,355.4062194824219,High
8344,142.90005493164062,High
8345,130.1841583251953,High
8346,150.20169067382812,High
8347,137.3160858154297,High
8348,127.56629943847656,High
8349,123.98576354980469,Medium
8350,116.61766052246094,Medium
8351,168.2559814453125,High
8352,90.67593383789062,Low
8353,134.20814514160156,High
8354,201.56735229492188,High
8355,81.66023254394531,Low
8356,125.5694351196289,Medium
8357,133.9711151123047,High
8358,134.12570190429688,High
8359,138.35330200195312,High
8360,59.03557205200195,Low
8361,87.27486419677734,Low
8362,133.9895782470703,High
8363,61.4572868347168,Low
8364,124.25902557373047,Medium
8365,128.57452392578125,High
8366,128.79495239257812,High
8367,129.9738311767578,High
8368,119.10211944580078,Medium
8369,106.37742614746094,Medium
8370,127.08206176757812,Medium
8371,61.03067398071289,Low
8372,133.40814208984375,High
8373,105.13976287841797,Medium
8374,88.86080169677734,Low
8375,86.97566986083984,Low
8376,119.4046859741211,Medium
8377,139.26974487304688,High
8378,122.06523895263672,Medium
8379,104.35549926757812,Medium
8380,102.86839294433594,Medium
8381,191.38356018066406,High
8382,280.8543395996094,High
8383,197.85202026367188,High
8384,83.9187240600586,Low
8385,73.89594268798828,Low
8386,86.5401382446289,Low
8387,118.96894073486328,Medium
8388,57.24238967895508,Low
8389,93.81661987304688,Low
8390,175.7686309814453,High
8391,94.73126220703125,Low
8392,55.92146682739258,Low
8393,91.50979614257812,Low
8394,79.82587432861328,Low
8395,70.20328521728516,Low
8396,129.6831817626953,High
8397,129.15655517578125,High
8398,102.45332336425781,Medium
8399,150.7789764404297,High
8400,73.25012969970703,Low
8401,140.29905700683594,High
8402,116.46489715576172,Medium
8403,63.513999938964844,Low
8404,78.87350463867188,Low
8405,116.34892272949219,Medium
8406,134.20361328125,High
8407,117.02953338623047,Medium
8408,145.4610137939453,High
8409,145.9208221435547,High
8410,90.95674896240234,Low
8411,114.28223419189453,Medium
8412,78.00309753417969,Low
8413,126.22819519042969,Medium
8414,128.5345458984375,High
8415,141.8993682861328,High
8416,127.71705627441406,High
8417,179.97283935546875,High
8418,81.99787139892578,Low
8419,154.26329040527344,High
8420,60.59798812866211,Low
8421,124.56727600097656,Medium
8422,72.97933959960938,Low
8423,78.45843505859375,Low
8424,139.80462646484375,High
8425,142.478515625,High
8426,95.04631042480469,Low
8427,120.67779541015625,Medium
8428,113.79548645019531,Medium
8429,123.90325164794922,Medium
8430,126.4880142211914,Medium
8431,125.11263275146484,Medium
8432,80.58783721923828,Low
8433,98.89250183105469,Low
8434,127.56705474853516,High
8435,127.54432678222656,High
8436,123.32627868652344,Medium
8437,141.14346313476562,High
8438,134.0708465576172,High
8439,73.99942779541016,Low
8440,76.46556854248047,Low
8441,77.64318084716797,Low
8442,60.66204071044922,Low
8443,119.4902572631836,Medium
8444,117.03498840332031,Medium
8445,100.62937927246094,Medium
8446,125.54438018798828,Medium
8447,123.21207427978516,Medium
8448,62.3014030456543,Low
8449,73.5598373413086,Low
8450,121.9581298828125,Medium
8451,106.26180267333984,Medium
8452,112.37415313720703,Medium
8453,112.02760314941406,Medium
8454,119.09832000732422,Medium
8455,136.9902801513672,High
8456,93.3913345336914,Low
8457,118.25550842285156,Medium
8458,137.51441955566406,High
8459,100.87845611572266,Medium
8460,163.64479064941406,High
8461,96.63323211669922,Low
8462,129.65750122070312,High
8463,88.70893096923828,Low
8464,138.1523895263672,High
8465,144.21102905273438,High
8466,158.056396484375,High
8467,61.030887603759766,Low
8468,131.5870361328125,High
8469,169.6859130859375,High
8470,126.22819519042969,Medium
8471,104.47661590576172,Medium
8472,124.25626373291016,Medium
8473,139.38619995117188,High
8474,148.92787170410156,High
8475,145.2459716796875,High
8476,92.79400634765625,Low
8477,79.01507568359375,Low
8478,82.19195556640625,Low
8479,158.9626922607422,High
8480,140.16636657714844,High
8481,76.99908447265625,Low
8482,92.57003784179688,Low
8483,59.91139602661133,Low
8484,104.54216766357422,Medium
8485,160.52194213867188,High
8486,81.55048370361328,Low
8487,120.08283996582031,Medium
8488,120.08831787109375,Medium
8489,85.93119812011719,Low
8490,117.43856811523438,Medium
8491,203.5535430908203,High
8492,101.43206024169922,Medium
8493,72.36856842041016,Low
8494,125.1231689453125,Medium
8495,129.41421508789062,High
8496,113.0432357788086,Medium
8497,70.20028686523438,Low
8498,212.62539672851562,High
8499,145.5150146484375,High
8500,162.3896942138672,High
8501,72.20719146728516,Low
8502,123.51663970947266,Medium
8503,114.01881408691406,Medium
8504,95.11173248291016,Low
8505,94.63968658447266,Low
8506,142.52664184570312,High
8507,207.92626953125,High
8508,212.83889770507812,High
8509,112.02810668945312,Medium
8510,137.08740234375,High
8511,169.86573791503906,High
8512,118.1796875,Medium
8513,153.724365234375,High
8514,145.64633178710938,High
8515,106.3712387084961,Medium
8516,76.7370376586914,Low
8517,88.6489028930664,Low
8518,75.53516387939453,Low
8519,85.48149871826172,Low
8520,119.87042999267578,Medium
8521,96.52302551269531,Low
8522,79.60897827148438,Low
8523,77.9703369140625,Low
8524,133.91893005371094,High
8525,112.96504974365234,Medium
8526,95.2192611694336,Low
8527,170.32044982910156,High
8528,124.63835906982422,Medium
8529,152.3726348876953,High
8530,81.51543426513672,Low
8531,109.31387329101562,Medium
8532,145.88600158691406,High
8533,79.8337173461914,Low
8534,71.56755065917969,Low
8535,128.12171936035156,High
8536,144.384765625,High
8537,290.0682373046875,High
8538,230.30142211914062,High
8539,111.97540283203125,Medium
8540,137.58421325683594,High
8541,132.447265625,High
8542,125.46672058105469,Medium
8543,90.40216064453125,Low
8544,83.42207336425781,Low
8545,65.50656127929688,Low
8546,93.3097915649414,Low
8547,153.39512634277344,High
8548,197.36776733398438,High
8549,136.89187622070312,High
8550,68.99595642089844,Low
8551,127.3480453491211,High
8552,62.885467529296875,Low
8553,139.93490600585938,High
8554,78.03646087646484,Low
8555,74.98114776611328,Low
8556,131.17816162109375,High
8557,129.27978515625,High
8558,165.13430786132812,High
8559,81.51471710205078,Low
8560,136.113525390625,High
8561,103.88398742675781,Medium
8562,116.73076629638672,Medium
8563,88.71199035644531,Low
8564,91.74903869628906,Low
8565,255.88949584960938,High
8566,108.79782104492188,Medium
8567,126.81971740722656,Medium
8568,135.6177978515625,High
8569,164.0150146484375,High
8570,75.9112319946289,Low
8571,72.2303237915039,Low
8572,193.0723114013672,High
8573,107.10256958007812,Medium
8574,118.72677612304688,Medium
8575,128.19537353515625,High
8576,114.24369812011719,Medium
8577,127.89764404296875,High
8578,99.91622161865234,Low
8579,119.4902572631836,Medium
8580,88.2951431274414,Low
8581,124.51338195800781,Medium
8582,76.47635650634766,Low
8583,59.13743209838867,Low
8584,150.5828094482422,High
8585,115.2809066772461,Medium
8586,124.73956298828125,Medium
8587,82.40406799316406,Low
8588,124.23517608642578,Medium
8589,93.57494354248047,Low
8590,74.77422332763672,Low
8591,101.98603820800781,Medium
8592,81.24178314208984,Low
8593,131.05934143066406,High
8594,117.0235595703125,Medium
8595,126.34013366699219,Medium
8596,141.77206420898438,High
8597,74.23551940917969,Low
8598,298.254150390625,High
8599,135.94871520996094,High
8600,87.6332015991211,Low
8601,128.80758666992188,High
8602,102.32943725585938,Medium
8603,118.20006561279297,Medium
8604,128.63182067871094,High
8605,141.4739990234375,High
8606,63.18117141723633,Low
8607,88.3766098022461,Low
8608,101.28675079345703,Medium
8609,113.468505859375,Medium
8610,86.69891357421875,Low
8611,69.14776611328125,Low
8612,116.46489715576172,Medium
8613,118.77677917480469,Medium
8614,89.13983917236328,Low
8615,252.6737518310547,High
8616,128.323974609375,High
8617,140.0518341064453,High
8618,128.26473999023438,High
8619,150.1681365966797,High
8620,121.53469848632812,Medium
8621,146.36123657226562,High
8622,112.42042541503906,Medium
8623,133.8856964111328,High
8624,124.71488189697266,Medium
8625,121.3765640258789,Medium
8626,83.0548095703125,Low
8627,138.67388916015625,High
8628,128.73719787597656,High
8629,123.77189636230469,Medium
8630,152.3298797607422,High
8631,117.34537506103516,Medium
8632,76.8516616821289,Low
8633,143.66915893554688,High
8634,151.964111328125,High
8635,121.96851348876953,Medium
8636,146.18844604492188,High
8637,72.45954895019531,Low
8638,135.1138153076172,High
8639,132.67552185058594,High
8640,102.55897521972656,Medium
8641,97.30126190185547,Low
8642,136.14999389648438,High
8643,151.4456329345703,High
8644,111.87694549560547,Medium
8645,146.8223876953125,High
8646,189.75978088378906,High
8647,145.37371826171875,High
8648,71.52308654785156,Low
8649,102.50845336914062,Medium
8650,101.68177795410156,Medium
8651,163.59689331054688,High
8652,146.5211639404297,High
8653,216.08311462402344,High
8654,103.940185546875,Medium
8655,147.9836883544922,High
8656,75.10128784179688,Low
8657,69.47039794921875,Low
8658,145.23513793945312,High
8659,248.7635955810547,High
8660,143.9430694580078,High
8661,80.17658996582031,Low
8662,75.93225860595703,Low
8663,75.5492172241211,Low
8664,76.63118743896484,Low
8665,63.46158981323242,Low
8666,87.2449722290039,Low
8667,109.93101501464844,Medium
8668,84.1358642578125,Low
8669,83.95266723632812,Low
8670,123.31477355957031,Medium
8671,148.35232543945312,High
8672,151.6864471435547,High
8673,114.7658462524414,Medium
8674,114.21492004394531,Medium
8675,74.96125030517578,Low
8676,89.03952026367188,Low
8677,108.91727447509766,Medium
8678,134.95054626464844,High
8679,128.5345458984375,High
8680,118.30758666992188,Medium
8681,99.2383041381836,Low
8682,86.35176086425781,Low
8683,172.23651123046875,High
8684,99.23558044433594,Low
8685,126.22819519042969,Medium
8686,125.19378662109375,Medium
8687,84.29080200195312,Low
8688,78.2330093383789,Low
8689,111.65086364746094,Medium
8690,152.07154846191406,High
8691,170.395751953125,High
8692,262.7347412109375,High
8693,82.71742248535156,Low
8694,73.82279968261719,Low
8695,129.515869140625,High
8696,115.75687408447266,Medium
8697,69.80209350585938,Low
8698,71.6576156616211,Low
8699,96.69007110595703,Low
8700,127.54432678222656,High
8701,155.97752380371094,High
8702,108.67932891845703,Medium
8703,115.34086608886719,Medium
8704,84.05686950683594,Low
8705,93.86486053466797,Low
8706,61.34971237182617,Low
8707,158.0550079345703,High
8708,71.56427001953125,Low
8709,76.62364196777344,Low
8710,78.3700942993164,Low
8711,111.202392578125,Medium
8712,125.28845977783203,Medium
8713,96.63917541503906,Low
8714,77.47425079345703,Low
8715,106.52046966552734,Medium
8716,136.14999389648438,High
8717,108.34677124023438,Medium
8718,93.18226623535156,Low
8719,127.54432678222656,High
8720,132.34600830078125,High
8721,106.13146209716797,Medium
8722,125.6478042602539,Medium
8723,158.70220947265625,High
8724,162.76966857910156,High
8725,149.7648468017578,High
8726,148.92843627929688,High
8727,116.27101135253906,Medium
8728,75.494873046875,Low
8729,151.28936767578125,High
8730,262.2347106933594,High
8731,182.03721618652344,High
8732,82.92808532714844,Low
8733,92.09095764160156,Low
8734,148.32435607910156,High
8735,76.44705963134766,Low
8736,117.40638732910156,Medium
8737,97.6719741821289,Low
8738,55.12397003173828,Low
8739,77.28742218017578,Low
8740,150.40695190429688,High
8741,75.06697082519531,Low
8742,91.01421356201172,Low
8743,90.30545806884766,Low
8744,69.6109390258789,Low
8745,169.12803649902344,High
8746,144.66302490234375,High
8747,94.20033264160156,Low
8748,106.57707977294922,Medium
8749,127.9194564819336,High
8750,132.9644317626953,High
8751,86.5588150024414,Low
8752,125.50679016113281,Medium
8753,119.4902572631836,Medium
8754,159.4519805908203,High
8755,76.08855438232422,Low
8756,133.40814208984375,High
8757,102.77632904052734,Medium
8758,101.38906860351562,Medium
8759,89.22041320800781,Low
8760,103.94754791259766,Medium
8761,121.9888916015625,Medium
8762,72.52751922607422,Low
8763,58.96308135986328,Low
8764,90.3278579711914,Low
8765,196.01014709472656,High
8766,107.91627502441406,Medium
8767,265.5835266113281,High
8768,74.2005844116211,Low
8769,79.08770751953125,Low
8770,96.40283966064453,Low
8771,133.1996612548828,High
8772,293.0836486816406,High
8773,111.39264678955078,Medium
8774,186.36474609375,High
8775,72.9819107055664,Low
8776,109.40837097167969,Medium
8777,115.18819427490234,Medium
8778,91.80170440673828,Low
8779,124.47277069091797,Medium
8780,161.03811645507812,High
8781,105.17998504638672,Medium
8782,127.2424087524414,Medium
8783,124.97396087646484,Medium
8784,144.39834594726562,High
8785,94.52288055419922,Low
8786,205.99229431152344,High
8787,129.970947265625,High
8788,225.2877960205078,High
8789,102.10606384277344,Medium
8790,73.60551452636719,Low
8791,148.61199951171875,High
8792,116.57756042480469,Medium
8793,127.48501586914062,High
8794,75.00820922851562,Low
8795,126.06627655029297,Medium
8796,102.85826873779297,Medium
8797,102.22723388671875,Medium
8798,128.19537353515625,High
8799,77.72941589355469,Low
8800,164.1200714111328,High
8801,146.40415954589844,High
8802,75.49647521972656,Low
8803,87.38351440429688,Low
8804,172.456787109375,High
8805,119.19178009033203,Medium
8806,91.24369049072266,Low
8807,100.48636627197266,Low
8808,153.55030822753906,High
8809,79.41806030273438,Low
8810,85.87208557128906,Low
8811,135.1062774658203,High
8812,79.5186538696289,Low
8813,71.35696411132812,Low
8814,82.0735855102539,Low
8815,121.59085083007812,Medium
8816,88.46722412109375,Low
8817,125.46672058105469,Medium
8818,123.90325164794922,Medium
8819,95.02372741699219,Low
8820,118.81895446777344,Medium
8821,58.31556701660156,Low
8822,82.05001068115234,Low
8823,76.23130798339844,Low
8824,135.7896728515625,High
8825,88.81624603271484,Low
8826,218.8665771484375,High
8827,106.41310119628906,Medium
8828,103.76869201660156,Medium
8829,111.38152313232422,Medium
8830,78.30591583251953,Low
8831,136.00335693359375,High
8832,76.7225570678711,Low
8833,127.79225158691406,High
8834,114.56104278564453,Medium
8835,86.56661987304688,Low
8836,102.97107696533203,Medium
8837,209.60641479492188,High
8838,271.4269714355469,High
8839,154.32150268554688,High
8840,59.0116081237793,Low
8841,117.44054412841797,Medium
8842,81.6261215209961,Low
8843,121.52649688720703,Medium
8844,95.42239379882812,Low
8845,94.30461883544922,Low
8846,126.22819519042969,Medium
8847,103.83238220214844,Medium
8848,125.46672058105469,Medium
8849,321.6474304199219,High
8850,90.74201202392578,Low
8851,191.89736938476562,High
8852,94.65859985351562,Low
8853,135.8665771484375,High
8854,98.31481170654297,Low
8855,122.8436508178711,Medium
8856,87.94129943847656,Low
8857,125.46672058105469,Medium
8858,139.59889221191406,High
8859,94.75428771972656,Low
8860,78.53426361083984,Low
8861,77.01438903808594,Low
8862,123.90325164794922,Medium
8863,137.28077697753906,High
8864,118.20006561279297,Medium
8865,116.50817108154297,Medium
8866,164.51625061035156,High
8867,94.47388458251953,Low
8868,191.3011932373047,High
8869,106.7593765258789,Medium
8870,93.26150512695312,Low
8871,140.23793029785156,High
8872,89.44347381591797,Low
8873,61.92350387573242,Low
8874,147.6580810546875,High
8875,153.21571350097656,High
8876,162.72665405273438,High
8877,125.41250610351562,Medium
8878,54.96419906616211,Low
8879,172.58731079101562,High
8880,132.61073303222656,High
8881,129.07444763183594,High
8882,89.79218292236328,Low
8883,86.18447875976562,Low
8884,118.04288482666016,Medium
8885,94.70360565185547,Low
8886,111.89808654785156,Medium
8887,195.6297607421875,High
8888,90.14556884765625,Low
8889,125.22399139404297,Medium
8890,96.8307113647461,Low
8891,127.31404113769531,Medium
8892,88.0571060180664,Low
8893,85.43595123291016,Low
8894,137.7428741455078,High
8895,108.87445068359375,Medium
8896,176.29273986816406,High
8897,77.16517639160156,Low
8898,112.6440200805664,Medium
8899,180.76473999023438,High
8900,91.79060363769531,Low
8901,247.76612854003906,High
8902,83.96360778808594,Low
8903,107.00507354736328,Medium
8904,122.72789001464844,Medium
8905,201.1744384765625,High
8906,148.57464599609375,High
8907,208.0204620361328,High
8908,123.90325164794922,Medium
8909,115.87300872802734,Medium
8910,140.04458618164062,High
8911,84.98743438720703,Low
8912,170.17503356933594,High
8913,114.8053207397461,Medium
8914,134.0120086669922,High
8915,164.01934814453125,High
8916,79.68834686279297,Low
8917,123.31477355957031,Medium
8918,113.0877456665039,Medium
8919,262.0264892578125,High
8920,108.47824096679688,Medium
8921,124.45172882080078,Medium
8922,94.29048919677734,Low
8923,118.71382141113281,Medium
8924,101.48319244384766,Medium
8925,112.5902099609375,Medium
8926,151.01763916015625,High
8927,97.6415023803711,Low
8928,207.4977264404297,High
8929,93.32374572753906,Low
8930,109.5438003540039,Medium
8931,156.2460174560547,High
8932,223.82810974121094,High
8933,91.52351379394531,Low
8934,100.9837646484375,Medium
8935,232.37989807128906,High
8936,89.77665710449219,Low
8937,93.36358642578125,Low
8938,137.26824951171875,High
8939,125.24577331542969,Medium
8940,112.61437225341797,Medium
8941,130.06202697753906,High
8942,117.40638732910156,Medium
8943,128.783203125,High
8944,131.30848693847656,High
8945,143.8975372314453,High
8946,62.68024444580078,Low
8947,130.01055908203125,High
8948,78.75199890136719,Low
8949,107.88369750976562,Medium
8950,99.12348937988281,Low
8951,138.32521057128906,High
8952,143.15359497070312,High
8953,88.25321197509766,Low
8954,119.4902572631836,Medium
8955,150.51693725585938,High
8956,68.77873229980469,Low
8957,102.94635772705078,Medium
8958,123.13971710205078,Medium
8959,124.69935607910156,Medium
8960,134.35702514648438,High
8961,92.9893569946289,Low
8962,117.40638732910156,Medium
8963,97.59617614746094,Low
8964,195.61767578125,High
8965,103.09368133544922,Medium
8966,138.5407257080078,High
8967,222.98463439941406,High
8968,131.45730590820312,High
8969,72.41497802734375,Low
8970,139.4468231201172,High
8971,209.35595703125,High
8972,127.54432678222656,High
8973,123.9536361694336,Medium
8974,119.80216979980469,Medium
8975,128.5345458984375,High
8976,68.01725769042969,Low
8977,95.69007873535156,Low
8978,110.32324981689453,Medium
8979,120.6648178100586,Medium
8980,146.18844604492188,High
8981,92.18067932128906,Low
8982,114.59146881103516,Medium
8983,110.95938873291016,Medium
8984,90.34039306640625,Low
8985,69.92597961425781,Low
8986,117.8873062133789,Medium
8987,136.63116455078125,High
8988,158.20254516601562,High
8989,77.49175262451172,Low
8990,104.41527557373047,Medium
8991,91.9158706665039,Low
8992,112.7823715209961,Medium
8993,98.83731079101562,Low
8994,198.50534057617188,High
8995,109.85807037353516,Medium
8996,119.34676361083984,Medium
8997,62.96623229980469,Low
8998,237.57296752929688,High
8999,85.81851959228516,Low
9000,117.22714233398438,Medium
9001,109.76396179199219,Medium
9002,98.9952392578125,Low
9003,130.7940673828125,High
9004,96.09070587158203,Low
9005,111.75755310058594,Medium
9006,114.8053207397461,Medium
9007,243.67286682128906,High
9008,123.31477355957031,Medium
9009,115.90380859375,Medium
9010,116.0752182006836,Medium
9011,185.46990966796875,High
9012,69.99505615234375,Low
9013,129.3412628173828,High
9014,117.11441040039062,Medium
9015,142.23886108398438,High
9016,139.87368774414062,High
9017,93.19963073730469,Low
9018,152.94992065429688,High
9019,159.79141235351562,High
9020,110.47563171386719,Medium
9021,129.3146209716797,High
9022,122.11602020263672,Medium
9023,124.25626373291016,Medium
9024,70.9951171875,Low
9025,130.82981872558594,High
9026,120.07119750976562,Medium
9027,162.42398071289062,High
9028,141.68914794921875,High
9029,257.9816589355469,High
9030,135.6177978515625,High
9031,114.2376708984375,Medium
9032,156.0619354248047,High
9033,126.1310806274414,Medium
9034,108.66812896728516,Medium
9035,122.88329315185547,Medium
9036,105.09676361083984,Medium
9037,105.71724700927734,Medium
9038,84.28475952148438,Low
9039,126.43781280517578,Medium
9040,121.62030029296875,Medium
9041,124.10409545898438,Medium
9042,79.2647476196289,Low
9043,108.99755859375,Medium
9044,131.17816162109375,High
9045,68.0875015258789,Low
9046,128.3821258544922,High
9047,135.92153930664062,High
9048,112.80501556396484,Medium
9049,121.29717254638672,Medium
9050,121.16818237304688,Medium
9051,84.63920593261719,Low
9052,126.51197814941406,Medium
9053,138.9832763671875,High
9054,97.24688720703125,Low
9055,73.74777221679688,Low
9056,72.14252471923828,Low
9057,105.22773742675781,Medium
9058,86.16759490966797,Low
9059,226.1845245361328,High
9060,122.07292175292969,Medium
9061,99.49998474121094,Low
9062,183.3918914794922,High
9063,128.86746215820312,High
9064,164.6871337890625,High
9065,116.5413589477539,Medium
9066,102.34833526611328,Medium
9067,110.698974609375,Medium
9068,114.06632995605469,Medium
9069,174.12623596191406,High
9070,77.17475128173828,Low
9071,61.157222747802734,Low
9072,118.84292602539062,Medium
9073,96.13648986816406,Low
9074,100.00719451904297,Low
9075,116.10584259033203,Medium
9076,129.9922637939453,High
9077,120.97808074951172,Medium
9078,158.03387451171875,High
9079,110.06770324707031,Medium
9080,124.15300750732422,Medium
9081,87.35269927978516,Low
9082,105.81119537353516,Medium
9083,121.17018127441406,Medium
9084,116.85997009277344,Medium
9085,199.47801208496094,High
9086,144.12908935546875,High
9087,118.39834594726562,Medium
9088,153.94459533691406,High
9089,113.73322296142578,Medium
9090,130.25051879882812,High
9091,130.75039672851562,High
9092,75.02204895019531,Low
9093,83.21867370605469,Low
9094,150.1123809814453,High
9095,73.41342163085938,Low
9096,121.60935974121094,Medium
9097,137.00634765625,High
9098,68.78714752197266,Low
9099,136.93116760253906,High
9100,118.22984313964844,Medium
9101,116.46489715576172,Medium
9102,136.1865692138672,High
9103,179.2443389892578,High
9104,96.14059448242188,Low
9105,91.13797760009766,Low
9106,123.44107818603516,Medium
9107,127.74664306640625,High
9108,226.4542999267578,High
9109,117.22714233398438,Medium
9110,71.78898620605469,Low
9111,97.69172668457031,Low
9112,116.70581817626953,Medium
9113,162.56158447265625,High
9114,80.21260833740234,Low
9115,125.94184112548828,Medium
9116,73.20040893554688,Low
9117,128.30149841308594,High
9118,127.7861557006836,High
9119,87.8353271484375,Low
9120,130.16693115234375,High
9121,111.54048156738281,Medium
9122,74.98035430908203,Low
9123,155.60748291015625,High
9124,183.25576782226562,High
9125,188.93582153320312,High
9126,125.95887756347656,Medium
9127,134.86000061035156,High
9128,131.8289794921875,High
9129,128.9893341064453,High
9130,144.39834594726562,High
9131,132.3053436279297,High
9132,111.64797973632812,Medium
9133,245.4236297607422,High
9134,115.52879333496094,Medium
9135,132.67552185058594,High
9136,133.3756561279297,High
9137,112.45687103271484,Medium
9138,143.4210968017578,High
9139,115.18289184570312,Medium
9140,118.35066223144531,Medium
9141,96.93060302734375,Low
9142,127.00013732910156,Medium
9143,97.022705078125,Low
9144,161.7686309814453,High
9145,88.54060363769531,Low
9146,90.0156478881836,Low
9147,124.25626373291016,Medium
9148,124.31158447265625,Medium
9149,106.41381072998047,Medium
9150,110.76069641113281,Medium
9151,79.45459747314453,Low
9152,150.8054656982422,High
9153,75.03738403320312,Low
9154,118.36875915527344,Medium
9155,127.42369079589844,High
9156,154.594970703125,High
9157,131.37088012695312,High
9158,128.1219940185547,High
9159,74.99199676513672,Low
9160,129.7927703857422,High
9161,213.11038208007812,High
9162,129.541748046875,High
9163,121.76773834228516,Medium
9164,80.41942596435547,Low
9165,120.07711029052734,Medium
9166,133.6839599609375,High
9167,74.93882751464844,Low
9168,135.00660705566406,High
9169,59.30015563964844,Low
9170,137.10267639160156,High
9171,65.86469268798828,Low
9172,75.21528625488281,Low
9173,105.2227554321289,Medium
9174,120.6648178100586,Medium
9175,95.85883331298828,Low
9176,223.8877716064453,High
9177,77.2232437133789,Low
9178,206.819091796875,High
9179,100.87242126464844,Medium
9180,93.56718444824219,Low
9181,60.81303024291992,Low
9182,129.550537109375,High
9183,200.70889282226562,High
9184,112.51185607910156,Medium
9185,88.10044860839844,Low
9186,116.59407806396484,Medium
9187,298.3468017578125,High
9188,113.97335052490234,Medium
9189,97.16460418701172,Low
9190,103.64141845703125,Medium
9191,101.42018127441406,Medium
9192,128.0298614501953,High
9193,65.86038970947266,Low
9194,214.01138305664062,High
9195,150.71958923339844,High
9196,105.38297271728516,Medium
9197,126.5020980834961,Medium
9198,97.16509246826172,Low
9199,58.03638458251953,Low
9200,73.12747192382812,Low
9201,200.19735717773438,High
9202,295.5223693847656,High
9203,120.19769287109375,Medium
9204,101.57906341552734,Medium
9205,111.51791381835938,Medium
9206,118.76553344726562,Medium
9207,82.6283950805664,Low
9208,230.4578399658203,High
9209,88.83261108398438,Low
9210,121.3056411743164,Medium
9211,154.85379028320312,High
9212,89.71868133544922,Low
9213,101.59335327148438,Medium
9214,129.60166931152344,High
9215,125.5191650390625,Medium
9216,76.11422729492188,Low
9217,89.20441436767578,Low
9218,83.96733093261719,Low
9219,132.7819061279297,High
9220,85.35481262207031,Low
9221,94.61956787109375,Low
9222,65.33895874023438,Low
9223,141.96922302246094,High
9224,112.27272033691406,Medium
9225,99.27078247070312,Low
9226,307.2359619140625,High
9227,64.18257141113281,Low
9228,105.38297271728516,Medium
9229,127.4306869506836,High
9230,166.56155395507812,High
9231,266.69183349609375,High
9232,147.05604553222656,High
9233,113.82820129394531,Medium
9234,132.2599334716797,High
9235,126.4880142211914,Medium
9236,90.96318817138672,Low
9237,91.70520782470703,Low
9238,146.80752563476562,High
9239,126.22819519042969,Medium
9240,201.50091552734375,High
9241,63.4066276550293,Low
9242,126.22819519042969,Medium
9243,96.80074310302734,Low
9244,151.59303283691406,High
9245,251.2395782470703,High
9246,94.19698333740234,Low
9247,105.14525604248047,Medium
9248,122.5797119140625,Medium
9249,133.8818359375,High
9250,131.17816162109375,High
9251,94.19514465332031,Low
9252,155.82553100585938,High
9253,132.6188507080078,High
9254,84.13125610351562,Low
9255,123.84452056884766,Medium
9256,147.87939453125,High
9257,78.680419921875,Low
9258,83.84542846679688,Low
9259,106.6041259765625,Medium
9260,77.27397155761719,Low
9261,82.06269073486328,Low
9262,101.25629425048828,Medium
9263,107.79622650146484,Medium
9264,138.4691925048828,High
9265,198.4309844970703,High
9266,120.83977508544922,Medium
9267,84.75537109375,Low
9268,192.49264526367188,High
9269,75.2345199584961,Low
9270,110.06158447265625,Medium
9271,96.65751647949219,Low
9272,134.6082000732422,High
9273,94.95177459716797,Low
9274,76.56976318359375,Low
9275,121.9178466796875,Medium
9276,92.09061431884766,Low
9277,116.17098999023438,Medium
9278,137.17083740234375,High
9279,156.31973266601562,High
9280,120.87149047851562,Medium
9281,208.85926818847656,High
9282,101.45184326171875,Medium
9283,122.0573959350586,Medium
9284,112.5520248413086,Medium
9285,122.38307189941406,Medium
9286,125.67060089111328,Medium
9287,172.5332794189453,High
9288,110.72000885009766,Medium
9289,106.39327239990234,Medium
9290,91.25012969970703,Low
9291,126.5679702758789,Medium
9292,156.95713806152344,High
9293,120.998779296875,Medium
9294,165.808837890625,High
9295,194.7338409423828,High
9296,145.78433227539062,High
9297,150.93907165527344,High
9298,161.0236358642578,High
9299,98.2288818359375,Low
9300,144.9575653076172,High
9301,72.15351867675781,Low
9302,142.31358337402344,High
9303,80.3342056274414,Low
9304,129.80422973632812,High
9305,299.45587158203125,High
9306,104.5157470703125,Medium
9307,196.45220947265625,High
9308,196.0782012939453,High
9309,129.9738311767578,High
9310,174.1951446533203,High
9311,73.08354949951172,Low
9312,161.16143798828125,High
9313,279.3542175292969,High
9314,92.71956634521484,Low
9315,98.6456298828125,Low
9316,132.80430603027344,High
9317,79.47430419921875,Low
9318,90.95811462402344,Low
9319,127.4394760131836,High
9320,127.54432678222656,High
9321,178.6812744140625,High
9322,85.47862243652344,Low
9323,82.03755187988281,Low
9324,99.45946502685547,Low
9325,192.2396697998047,High
9326,182.26803588867188,High
9327,158.056396484375,High
9328,82.09622192382812,Low
9329,61.03365707397461,Low
9330,118.30025482177734,Medium
9331,121.9888916015625,Medium
9332,114.25029754638672,Medium
9333,102.59517669677734,Medium
9334,122.12568664550781,Medium
9335,83.88802337646484,Low
9336,125.6478042602539,Medium
9337,110.64183807373047,Medium
9338,76.59673309326172,Low
9339,129.10040283203125,High
9340,151.42286682128906,High
9341,94.44168090820312,Low
9342,135.92599487304688,High
9343,138.94703674316406,High
9344,110.62920379638672,Medium
9345,130.15733337402344,High
9346,128.6360321044922,High
9347,129.80422973632812,High
9348,90.90635681152344,Low
9349,121.62757873535156,Medium
9350,83.77376556396484,Low
9351,135.3047332763672,High
9352,105.33654022216797,Medium
9353,128.75746154785156,High
9354,118.64158630371094,Medium
9355,67.02228546142578,Low
9356,134.3458251953125,High
9357,87.22013092041016,Low
9358,136.01397705078125,High
9359,88.09937286376953,Low
9360,127.79652404785156,High
9361,65.21607971191406,Low
9362,90.78264617919922,Low
9363,74.29706573486328,Low
9364,121.82304382324219,Medium
9365,91.34469604492188,Low
9366,113.31847381591797,Medium
9367,134.90721130371094,High
9368,120.48094177246094,Medium
9369,103.92681121826172,Medium
9370,134.9954071044922,High
9371,145.8939208984375,High
9372,95.26727294921875,Low
9373,217.31431579589844,High
9374,228.40573120117188,High
9375,95.47698974609375,Low
9376,91.94418334960938,Low
9377,101.36697387695312,Medium
9378,90.78784942626953,Low
9379,136.396240234375,High
9380,63.62601089477539,Low
9381,93.42691802978516,Low
9382,150.802978515625,High
9383,80.98394012451172,Low
9384,152.30551147460938,High
9385,138.69651794433594,High
9386,119.23828887939453,Medium
9387,146.80221557617188,High
9388,113.349853515625,Medium
9389,104.50605010986328,Medium
9390,109.30753326416016,Medium
9391,132.26463317871094,High
9392,99.76211547851562,Low
9393,94.8288345336914,Low
9394,72.40533447265625,Low
9395,75.71084594726562,Low
9396,75.73650360107422,Low
9397,126.34013366699219,Medium
9398,163.49993896484375,High
9399,133.03431701660156,High
9400,81.88032531738281,Low
9401,132.61167907714844,High
9402,181.5900421142578,High
9403,112.63245391845703,Medium
9404,98.78689575195312,Low
9405,83.98619842529297,Low
9406,119.7678451538086,Medium
9407,265.2615966796875,High
9408,114.8182373046875,Medium
9409,68.11922454833984,Low
9410,49.53956985473633,Low
9411,83.04230499267578,Low
9412,140.46823120117188,High
9413,148.11428833007812,High
9414,137.00634765625,High
9415,140.1790771484375,High
9416,63.615867614746094,Low
9417,155.40957641601562,High
9418,76.70503997802734,Low
9419,120.02702331542969,Medium
9420,131.20498657226562,High
9421,107.32183837890625,Medium
9422,90.81637573242188,Low
9423,134.39244079589844,High
9424,92.83785247802734,Low
9425,223.16465759277344,High
9426,153.35862731933594,High
9427,141.8104248046875,High
9428,81.35016632080078,Low
9429,123.51663970947266,Medium
9430,154.7122344970703,High
9431,133.59620666503906,High
9432,113.24927520751953,Medium
9433,94.25115203857422,Low
9434,216.29237365722656,High
9435,114.49622344970703,Medium
9436,88.6744155883789,Low
9437,155.07310485839844,High
9438,147.03868103027344,High
9439,117.22714233398438,Medium
9440,70.21592712402344,Low
9441,221.86569213867188,High
9442,75.56404113769531,Low
9443,107.58246612548828,Medium
9444,77.69632720947266,Low
9445,110.1993179321289,Medium
9446,301.32159423828125,High
9447,71.71805572509766,Low
9448,136.43206787109375,High
9449,132.67552185058594,High
9450,167.6083221435547,High
9451,79.18510437011719,Low
9452,119.4158935546875,Medium
9453,75.59154510498047,Low
9454,136.8239288330078,High
9455,107.84407043457031,Medium
9456,89.19688415527344,Low
9457,57.60841751098633,Low
9458,86.90501403808594,Low
9459,134.19143676757812,High
9460,117.40638732910156,Medium
9461,126.38178253173828,Medium
9462,129.96896362304688,High
9463,134.7505645751953,High
9464,87.54595184326172,Low
9465,106.31549835205078,Medium
9466,132.00503540039062,High
9467,213.84397888183594,High
9468,82.91690826416016,Low
9469,195.9102783203125,High
9470,128.82431030273438,High
9471,154.4158477783203,High
9472,67.28775787353516,Low
9473,123.13916015625,Medium
9474,80.2579116821289,Low
9475,144.05035400390625,High
9476,69.78060150146484,Low
9477,123.43370819091797,Medium
9478,78.01653289794922,Low
9479,107.38729858398438,Medium
9480,93.63524627685547,Low
9481,73.45116424560547,Low
9482,66.5693130493164,Low
9483,160.26071166992188,High
9484,90.96155548095703,Low
9485,126.94116973876953,Medium
9486,288.2248229980469,High
9487,192.69287109375,High
9488,103.63778686523438,Medium
9489,101.98612976074219,Medium
9490,152.67196655273438,High
9491,156.8815460205078,High
9492,67.78447723388672,Low
9493,124.86890411376953,Medium
9494,120.50726318359375,Medium
9495,95.56185150146484,Low
9496,92.61116027832031,Low
9497,103.56732940673828,Medium
9498,69.30687713623047,Low
9499,128.5345458984375,High
9500,80.52881622314453,Low
9501,108.08103942871094,Medium
9502,135.17959594726562,High
9503,149.7902069091797,High
9504,77.45823669433594,Low
9505,83.03372192382812,Low
9506,69.57693481445312,Low
9507,145.73085021972656,High
9508,124.56553649902344,Medium
9509,145.18215942382812,High
9510,82.4548568725586,Low
9511,113.61792755126953,Medium
9512,128.74359130859375,High
9513,127.09601593017578,Medium
9514,122.28187561035156,Medium
9515,127.17872619628906,Medium
9516,116.0088119506836,Medium
9517,87.92272186279297,Low
9518,119.42579650878906,Medium
9519,127.54432678222656,High
9520,134.70706176757812,High
9521,86.90254211425781,Low
9522,118.83464813232422,Medium
9523,130.38804626464844,High
9524,74.96583557128906,Low
9525,102.92355346679688,Medium
9526,112.59860229492188,Medium
9527,71.63610076904297,Low
9528,134.8194580078125,High
9529,120.19427490234375,Medium
9530,133.9895782470703,High
9531,119.1007308959961,Medium
9532,89.36000061035156,Low
9533,127.30516815185547,Medium
9534,136.34388732910156,High
9535,98.4007568359375,Low
9536,143.87435913085938,High
9537,120.87149047851562,Medium
9538,118.20006561279297,Medium
9539,65.91123962402344,Low
9540,109.84818267822266,Medium
9541,124.97676849365234,Medium
9542,182.59007263183594,High
9543,99.64766693115234,Low
9544,92.64318084716797,Low
9545,111.94001770019531,Medium
9546,85.4954605102539,Low
9547,123.82386016845703,Medium
9548,75.46837615966797,Low
9549,156.75169372558594,High
9550,125.18888092041016,Medium
9551,127.78706359863281,High
9552,140.4969482421875,High
9553,111.34423828125,Medium
9554,66.58326721191406,Low
9555,143.9907989501953,High
9556,126.84297180175781,Medium
9557,213.53871154785156,High
9558,123.53643035888672,Medium
9559,135.97036743164062,High
9560,75.8243408203125,Low
9561,165.8533935546875,High
9562,96.22467041015625,Low
9563,123.8348617553711,Medium
9564,148.50192260742188,High
9565,160.49053955078125,High
9566,215.2982635498047,High
9567,89.17884826660156,Low
9568,134.62948608398438,High
9569,186.78956604003906,High
9570,94.53009796142578,Low
9571,115.68916320800781,Medium
9572,104.25558471679688,Medium
9573,98.45074462890625,Low
9574,131.67880249023438,High
9575,116.54608154296875,Medium
9576,88.83247375488281,Low
9577,223.20028686523438,High
9578,155.2526092529297,High
9579,120.24453735351562,Medium
9580,107.887939453125,Medium
9581,85.604248046875,Low
9582,148.56068420410156,High
9583,82.96114349365234,Low
9584,88.48169708251953,Low
9585,111.17581176757812,Medium
9586,86.10256958007812,Low
9587,89.59611511230469,Low
9588,85.36365509033203,Low
9589,137.40245056152344,High
9590,146.91339111328125,High
9591,84.17060852050781,Low
9592,148.25196838378906,High
9593,158.5072479248047,High
9594,76.30351257324219,Low
9595,156.67893981933594,High
9596,75.74261474609375,Low
9597,59.10269546508789,Low
9598,128.3808135986328,High
9599,112.50469207763672,Medium
9600,148.03176879882812,High
9601,86.38216400146484,Low
9602,195.0309600830078,High
9603,148.57565307617188,High
9604,84.7589340209961,Low
9605,78.4405517578125,Low
9606,104.36075592041016,Medium
9607,159.27587890625,High
9608,116.07215881347656,Medium
9609,125.65715026855469,Medium
9610,132.05177307128906,High
9611,185.52737426757812,High
9612,89.7686996459961,Low
9613,55.01176452636719,Low
9614,133.58518981933594,High
9615,118.77960205078125,Medium
9616,149.99044799804688,High
9617,134.3715057373047,High
9618,96.5529556274414,Low
9619,82.61266326904297,Low
9620,120.47383117675781,Medium
9621,136.46871948242188,High
9622,120.0347900390625,Medium
9623,73.830322265625,Low
9624,118.0395736694336,Medium
9625,103.51029205322266,Medium
9626,107.59869384765625,Medium
9627,73.42755889892578,Low
9628,99.44833374023438,Low
9629,76.68999481201172,Low
9630,124.72903442382812,Medium
9631,240.6183319091797,High
9632,81.74696350097656,Low
9633,289.2185363769531,High
9634,210.59765625,High
9635,103.13093566894531,Medium
9636,123.11581420898438,Medium
9637,62.6479377746582,Low
9638,104.73098754882812,Medium
9639,85.4470443725586,Low
9640,165.5782470703125,High
9641,97.58370971679688,Low
9642,132.78977966308594,High
9643,199.85366821289062,High
9644,140.55291748046875,High
9645,252.022705078125,High
9646,130.78419494628906,High
9647,129.8619384765625,High
9648,159.48544311523438,High
9649,110.28784942626953,Medium
9650,204.29141235351562,High
9651,88.54979705810547,Low
9652,96.12003326416016,Low
9653,155.78143310546875,High
9654,130.56988525390625,High
9655,106.83982849121094,Medium
9656,105.75688171386719,Medium
9657,81.23807525634766,Low
9658,138.14181518554688,High
9659,98.13092041015625,Low
9660,94.13677978515625,Low
9661,125.46672058105469,Medium
9662,74.88736724853516,Low
9663,60.17934799194336,Low
9664,142.86773681640625,High
9665,143.39761352539062,High
9666,110.847412109375,Medium
9667,90.43575286865234,Low
9668,100.28068542480469,Low
9669,128.3003692626953,High
9670,132.61167907714844,High
9671,119.69107818603516,Medium
9672,138.5368194580078,High
9673,252.6057891845703,High
9674,104.58588409423828,Medium
9675,113.29743194580078,Medium
9676,84.65892791748047,Low
9677,98.721923828125,Low
9678,116.63264465332031,Medium
9679,83.55233764648438,Low
9680,84.42626953125,Low
9681,119.4518051147461,Medium
9682,96.38733673095703,Low
9683,120.45751953125,Medium
9684,131.17262268066406,High
9685,133.40814208984375,High
9686,123.69546508789062,Medium
9687,126.34013366699219,Medium
9688,54.72758102416992,Low
9689,274.859130859375,High
9690,133.40814208984375,High
9691,85.52639770507812,Low
9692,110.89706420898438,Medium
9693,76.95037841796875,Low
9694,118.17436981201172,Medium
9695,124.02558135986328,Medium
9696,75.04300689697266,Low
9697,115.82040405273438,Medium
9698,111.1822738647461,Medium
9699,114.8776626586914,Medium
9700,72.64764404296875,Low
9701,93.38117218017578,Low
9702,104.6793212890625,Medium
9703,126.16075897216797,Medium
9704,86.90689086914062,Low
9705,141.06649780273438,High
9706,131.322998046875,High
9707,73.51171112060547,Low
9708,86.054931640625,Low
9709,57.66972732543945,Low
9710,103.27274322509766,Medium
9711,90.42918395996094,Low
9712,133.40814208984375,High
9713,96.06184387207031,Low
9714,103.91401672363281,Medium
9715,104.78965759277344,Medium
9716,120.55884552001953,Medium
9717,120.91240692138672,Medium
9718,90.62318420410156,Low
9719,122.88616943359375,Medium
9720,262.3355407714844,High
9721,120.63947296142578,Medium
9722,53.952964782714844,Low
9723,108.42332458496094,Medium
9724,99.74845123291016,Low
9725,100.13475036621094,Low
9726,246.6688995361328,High
9727,90.96249389648438,Low
9728,104.23414611816406,Medium
9729,82.75843048095703,Low
9730,105.31684875488281,Medium
9731,133.6649932861328,High
9732,143.66915893554688,High
9733,88.9712142944336,Low
9734,128.0421905517578,High
9735,203.5287628173828,High
9736,125.46672058105469,Medium
9737,123.54261016845703,Medium
9738,141.69821166992188,High
9739,88.07814025878906,Low
9740,139.1179962158203,High
9741,90.51728820800781,Low
9742,89.2676773071289,Low
9743,84.48345947265625,Low
9744,88.616943359375,Low
9745,131.23028564453125,High
9746,122.7359390258789,Medium
9747,108.4114761352539,Medium
9748,121.54817962646484,Medium
9749,133.9711151123047,High
9750,126.22819519042969,Medium
9751,126.55593872070312,Medium
9752,139.96463012695312,High
9753,137.49658203125,High
9754,125.77195739746094,Medium
9755,113.18275451660156,Medium
9756,127.54432678222656,High
9757,63.797515869140625,Low
9758,102.89079284667969,Medium
9759,108.54686737060547,Medium
9760,118.58331298828125,Medium
9761,122.52458953857422,Medium
9762,107.59881591796875,Medium
9763,96.18042755126953,Low
9764,88.28532409667969,Low
9765,96.83099365234375,Low
9766,102.70866394042969,Medium
9767,120.59127807617188,Medium
9768,113.77117919921875,Medium
9769,114.25672912597656,Medium
9770,115.51834869384766,Medium
9771,136.38967895507812,High
9772,92.09916687011719,Low
9773,115.29618835449219,Medium
9774,117.16580200195312,Medium
9775,104.19754028320312,Medium
9776,72.13812255859375,Low
9777,88.94100952148438,Low
9778,80.53169250488281,Low
9779,111.90869140625,Medium
9780,121.78264617919922,Medium
9781,75.27545166015625,Low
9782,102.68555450439453,Medium
9783,241.16925048828125,High
9784,203.57025146484375,High
9785,143.56903076171875,High
9786,73.43429565429688,Low
9787,133.53326416015625,High
9788,93.1490478515625,Low
9789,66.21391296386719,Low
9790,60.389705657958984,Low
9791,286.25653076171875,High
9792,142.52664184570312,High
9793,72.87386322021484,Low
9794,128.63182067871094,High
9795,95.5602798461914,Low
9796,225.59017944335938,High
9797,118.20006561279297,Medium
9798,73.1648941040039,Low
9799,144.72964477539062,High
9800,63.961395263671875,Low
9801,104.06111907958984,Medium
9802,132.84230041503906,High
9803,128.3821258544922,High
9804,59.97798156738281,Low
9805,77.14765930175781,Low
9806,153.06436157226562,High
9807,123.1095199584961,Medium
9808,106.57146453857422,Medium
9809,95.71342468261719,Low
9810,110.79667663574219,Medium
9811,127.61395263671875,High
9812,140.04449462890625,High
9813,136.61819458007812,High
9814,145.2140350341797,High
9815,155.02552795410156,High
9816,130.37008666992188,High
9817,152.7018585205078,High
9818,142.59188842773438,High
9819,105.65393829345703,Medium
9820,106.74510955810547,Medium
9821,101.5259780883789,Medium
9822,137.93392944335938,High
9823,85.05155944824219,Low
9824,135.6158905029297,High
9825,222.33810424804688,High
9826,121.78264617919922,Medium
9827,107.35814666748047,Medium
9828,122.36786651611328,Medium
9829,133.40814208984375,High
9830,173.59146118164062,High
9831,240.5264892578125,High
9832,155.45870971679688,High
9833,125.6827163696289,Medium
9834,140.27960205078125,High
9835,92.9434814453125,Low
9836,88.76130676269531,Low
9837,104.53569793701172,Medium
9838,98.37030029296875,Low
9839,220.73727416992188,High
9840,129.9101104736328,High
9841,61.31565856933594,Low
9842,128.95822143554688,High
9843,171.56253051757812,High
9844,104.92008209228516,Medium
9845,109.37228393554688,Medium
9846,70.0577163696289,Low
9847,184.44676208496094,High
9848,194.64942932128906,High
9849,90.5268325805664,Low
9850,166.4296112060547,High
9851,98.72027587890625,Low
9852,119.87635040283203,Medium
9853,115.46212005615234,Medium
9854,112.66921997070312,Medium
9855,109.61048889160156,Medium
9856,133.1814727783203,High
9857,133.62411499023438,High
9858,154.19801330566406,High
9859,124.99067687988281,Medium
9860,132.32464599609375,High
9861,111.1403579711914,Medium
9862,136.6726531982422,High
9863,90.05160522460938,Low
9864,134.19769287109375,High
9865,81.08895874023438,Low
9866,56.858360290527344,Low
9867,105.22816467285156,Medium
9868,85.11690521240234,Low
9869,112.69021606445312,Medium
9870,129.541748046875,High
9871,119.27564239501953,Medium
9872,117.40638732910156,Medium
9873,145.78468322753906,High
9874,75.9360580444336,Low
9875,80.75969696044922,Low
9876,250.07667541503906,High
9877,106.53422546386719,Medium
9878,124.80611419677734,Medium
9879,127.54432678222656,High
9880,172.456787109375,High
9881,227.88946533203125,High
9882,81.04154968261719,Low
9883,172.49795532226562,High
9884,123.34349822998047,Medium
9885,150.0389862060547,High
9886,77.82917785644531,Low
9887,101.17475128173828,Medium
9888,137.00634765625,High
9889,167.2996826171875,High
9890,125.2842025756836,Medium
9891,64.98184967041016,Low
9892,91.00997924804688,Low
9893,110.2779541015625,Medium
9894,207.19476318359375,High
9895,104.37002563476562,Medium
9896,126.22819519042969,Medium
9897,117.40638732910156,Medium
9898,92.02992248535156,Low
9899,85.663330078125,Low
9900,97.87301635742188,Low
9901,137.8385009765625,High
9902,97.39706420898438,Low
9903,170.37745666503906,High
9904,77.92366790771484,Low
9905,140.1173553466797,High
9906,87.43817901611328,Low
9907,136.98846435546875,High
9908,119.4466552734375,Medium
9909,125.4134750366211,Medium
9910,72.60545349121094,Low
9911,82.43750762939453,Low
9912,124.63941192626953,Medium
9913,112.52348327636719,Medium
9914,92.58220672607422,Low
9915,232.0495147705078,High
9916,155.4967498779297,High
9917,70.62763977050781,Low
9918,86.27881622314453,Low
9919,110.7516098022461,Medium
9920,94.48616027832031,Low
9921,160.38467407226562,High
9922,119.4902572631836,Medium
9923,107.29460144042969,Medium
9924,142.356201171875,High
9925,129.80422973632812,High
9926,88.83885955810547,Low
9927,98.72976684570312,Low
9928,149.31849670410156,High
9929,88.62667083740234,Low
9930,112.00849914550781,Medium
9931,84.54023742675781,Low
9932,110.16627502441406,Medium
9933,108.58821105957031,Medium
9934,142.43472290039062,High
9935,125.46672058105469,Medium
9936,146.305908203125,High
9937,86.72538757324219,Low
9938,80.11426544189453,Low
9939,122.09715270996094,Medium
9940,119.85382080078125,Medium
9941,112.40679168701172,Medium
9942,86.16082763671875,Low
9943,79.398681640625,Low
9944,79.67161560058594,Low
9945,76.55428314208984,Low
9946,77.2225341796875,Low
9947,123.31477355957031,Medium
9948,58.99910354614258,Low
9949,79.298583984375,Low
9950,90.74122619628906,Low
9951,76.05587768554688,Low
9952,73.9682846069336,Low
9953,141.261962890625,High
9954,68.03495025634766,Low
9955,120.72261047363281,Medium
9956,88.9364242553711,Low
9957,122.74137878417969,Medium
9958,95.80307006835938,Low
9959,112.23382568359375,Medium
9960,298.62359619140625,High
9961,141.34300231933594,High
9962,213.99038696289062,High
9963,105.54270935058594,Medium
9964,70.85563659667969,Low
9965,133.21388244628906,High
9966,133.2837677001953,High
9967,66.23721313476562,Low
9968,105.49873352050781,Medium
9969,130.51559448242188,High
9970,114.41008758544922,Medium
9971,91.54903411865234,Low
9972,114.9117660522461,Medium
9973,109.98823547363281,Medium
9974,124.56553649902344,Medium
9975,132.79957580566406,High
9976,122.05850982666016,Medium
9977,110.84112548828125,Medium
9978,201.05104064941406,High
9979,185.68971252441406,High
9980,100.17401123046875,Low
9981,127.23300170898438,Medium
9982,130.900634765625,High
9983,91.72432708740234,Low
9984,120.79414367675781,Medium
9985,187.8978271484375,High
9986,120.65764617919922,Medium
9987,113.21866607666016,Medium
9988,177.92140197753906,High
9989,100.78976440429688,Medium
9990,146.1074981689453,High
9991,118.1796875,Medium
9992,88.18407440185547,Low
9993,102.8710708618164,Medium
9994,230.695556640625,High
9995,125.59383392333984,Medium
9996,101.53433990478516,Medium
9997,128.26499938964844,High
9998,99.11767578125,Low
9999,128.05056762695312,High
10000,128.5345458984375,High
10001,111.709716796875,Medium
10002,159.5797119140625,High
10003,95.53093719482422,Low
10004,137.72398376464844,High
10005,136.1865692138672,High
10006,112.30323791503906,Medium
10007,86.19107818603516,Low
10008,113.99612426757812,Medium
10009,79.97257995605469,Low
10010,152.923095703125,High
10011,120.16260528564453,Medium
10012,108.06085968017578,Medium
10013,74.17241668701172,Low
10014,134.47206115722656,High
10015,117.40638732910156,Medium
10016,134.5593719482422,High
10017,84.72013854980469,Low
10018,134.95751953125,High
10019,76.38665008544922,Low
10020,151.6346893310547,High
10021,137.61953735351562,High
10022,236.58294677734375,High
10023,264.2354431152344,High
10024,136.14491271972656,High
10025,405.0525207519531,High
10026,166.59185791015625,High
10027,201.8113555908203,High
10028,153.372802734375,High
10029,98.36307525634766,Low
10030,93.74597930908203,Low
10031,127.32899475097656,Medium
10032,131.7223663330078,High
10033,126.4464111328125,Medium
10034,98.11491394042969,Low
10035,74.50421142578125,Low
10036,250.37631225585938,High
10037,128.80393981933594,High
10038,137.8385009765625,High
10039,105.11306762695312,Medium
10040,85.91624450683594,Low
10041,129.80422973632812,High
10042,81.61320495605469,Low
10043,90.83306121826172,Low
10044,117.14591217041016,Medium
10045,206.68722534179688,High
10046,101.80088806152344,Medium
10047,137.96009826660156,High
10048,203.93858337402344,High
10049,143.6636962890625,High
10050,88.09343719482422,Low
10051,169.0531768798828,High
10052,119.86724090576172,Medium
10053,119.4902572631836,Medium
10054,118.20006561279297,Medium
10055,112.96504974365234,Medium
10056,81.52703857421875,Low
10057,118.81513977050781,Medium
10058,87.86626434326172,Low
10059,80.31230163574219,Low
10060,127.54432678222656,High
10061,79.51383972167969,Low
10062,135.69705200195312,High
10063,119.5048599243164,Medium
10064,100.05797576904297,Low
10065,104.89746856689453,Medium
10066,80.19924926757812,Low
10067,269.8357849121094,High
10068,115.60350799560547,Medium
10069,117.37759399414062,Medium
10070,107.7683334350586,Medium
10071,110.4144287109375,Medium
10072,88.92201232910156,Low
10073,121.47793579101562,Medium
10074,57.98102951049805,Low
10075,117.78765869140625,Medium
10076,136.53855895996094,High
10077,124.068115234375,Medium
10078,120.45565795898438,Medium
10079,140.4969482421875,High
10080,111.94477844238281,Medium
10081,104.62936401367188,Medium
10082,90.1526870727539,Low
10083,238.655517578125,High
10084,61.483333587646484,Low
10085,128.62106323242188,High
10086,100.18637084960938,Low
10087,164.30833435058594,High
10088,82.46625518798828,Low
10089,131.84024047851562,High
10090,75.39295196533203,Low
10091,125.96324157714844,Medium
10092,232.04928588867188,High
10093,87.13665008544922,Low
10094,110.91785430908203,Medium
10095,126.2571029663086,Medium
10096,111.2064208984375,Medium
10097,107.98705291748047,Medium
10098,160.36126708984375,High
10099,116.46489715576172,Medium
10100,72.17646026611328,Low
10101,116.50817108154297,Medium
10102,97.96803283691406,Low
10103,118.20006561279297,Medium
10104,76.37166595458984,Low
10105,138.2007293701172,High
10106,125.46465301513672,Medium
10107,117.12925720214844,Medium
10108,96.08457946777344,Low
10109,80.12012481689453,Low
10110,101.39797973632812,Medium
10111,102.45514678955078,Medium
10112,137.15316772460938,High
10113,121.50300598144531,Medium
10114,95.3661117553711,Low
10115,106.21432495117188,Medium
10116,112.96504974365234,Medium
10117,121.0986328125,Medium
10118,262.4696960449219,High
10119,105.31768798828125,Medium
10120,132.80430603027344,High
10121,88.33565521240234,Low
10122,157.88992309570312,High
10123,76.94880676269531,Low
10124,86.91490173339844,Low
10125,69.5416259765625,Low
10126,158.62144470214844,High
10127,123.30297088623047,Medium
10128,89.89498138427734,Low
10129,75.78695678710938,Low
10130,125.29740142822266,Medium
10131,85.95188903808594,Low
10132,48.71321105957031,Low
10133,146.32373046875,High
10134,128.84376525878906,High
10135,127.54432678222656,High
10136,106.29540252685547,Medium
10137,124.94371032714844,Medium
10138,91.90702819824219,Low
10139,125.91060638427734,Medium
10140,136.89492797851562,High
10141,63.812313079833984,Low
10142,138.22393798828125,High
10143,102.09878540039062,Medium
10144,63.452728271484375,Low
10145,140.61888122558594,High
10146,124.02558135986328,Medium
10147,135.41995239257812,High
10148,278.9952697753906,High
10149,169.35366821289062,High
10150,110.43620300292969,Medium
10151,120.87237548828125,Medium
10152,87.45814514160156,Low
10153,78.57783508300781,Low
10154,98.9096450805664,Low
10155,105.36408233642578,Medium
10156,61.08068084716797,Low
10157,83.59883117675781,Low
10158,63.4733772277832,Low
10159,72.06803894042969,Low
10160,96.91195678710938,Low
10161,91.5523910522461,Low
10162,105.19863891601562,Medium
10163,120.11255645751953,Medium
10164,141.88140869140625,High
10165,130.36508178710938,High
10166,104.72893524169922,Medium
10167,101.9693832397461,Medium
10168,293.4725341796875,High
10169,124.91816711425781,Medium
10170,97.81488800048828,Low
10171,72.07693481445312,Low
10172,111.06733703613281,Medium
10173,128.5345458984375,High
10174,78.93955993652344,Low
10175,123.33822631835938,Medium
10176,133.6839599609375,High
10177,119.4902572631836,Medium
10178,115.63331604003906,Medium
10179,75.96590423583984,Low
10180,124.27297973632812,Medium
10181,82.52545166015625,Low
10182,102.78437042236328,Medium
10183,88.7700424194336,Low
10184,91.85826110839844,Low
10185,93.51791381835938,Low
10186,125.6478042602539,Medium
10187,111.62696075439453,Medium
10188,79.29093170166016,Low
10189,150.88671875,High
10190,140.63038635253906,High
10191,139.41378784179688,High
10192,140.0695037841797,High
10193,158.56434631347656,High
10194,111.06733703613281,Medium
10195,134.46109008789062,High
10196,112.36726379394531,Medium
10197,109.93904113769531,Medium
10198,88.21459197998047,Low
10199,77.16580963134766,Low
10200,102.48699188232422,Medium
10201,122.18842315673828,Medium
10202,118.98898315429688,Medium
10203,98.94942474365234,Low
10204,139.75433349609375,High
10205,94.4188232421875,Low
10206,137.56427001953125,High
10207,91.5301284790039,Low
10208,101.88812255859375,Medium
10209,76.01693725585938,Low
10210,98.20323181152344,Low
10211,152.16180419921875,High
10212,140.49310302734375,High
10213,97.85420227050781,Low
10214,106.29615020751953,Medium
10215,93.55522918701172,Low
10216,117.43787384033203,Medium
10217,100.23664093017578,Low
10218,202.52267456054688,High
10219,328.7850646972656,High
10220,105.52843475341797,Medium
10221,317.523681640625,High
10222,89.05721282958984,Low
10223,79.6842041015625,Low
10224,195.8052215576172,High
10225,68.9490737915039,Low
10226,90.4980239868164,Low
10227,151.20263671875,High
10228,352.03387451171875,High
10229,122.70758056640625,Medium
10230,112.5520248413086,Medium
10231,136.94004821777344,High
10232,76.98983764648438,Low
10233,78.06623077392578,Low
10234,123.90325164794922,Medium
10235,128.63182067871094,High
10236,134.09974670410156,High
10237,119.84163665771484,Medium
10238,75.6163330078125,Low
10239,128.63182067871094,High
10240,135.12765502929688,High
10241,75.50748443603516,Low
10242,81.84011840820312,Low
10243,92.09508514404297,Low
10244,77.62639617919922,Low
10245,92.7679443359375,Low
10246,98.57420349121094,Low
10247,105.17147827148438,Medium
10248,62.032928466796875,Low
10249,159.5799102783203,High
10250,314.4973449707031,High
10251,172.9729766845703,High
10252,98.16594696044922,Low
10253,129.41421508789062,High
10254,79.34916687011719,Low
10255,157.57545471191406,High
10256,119.4902572631836,Medium
10257,88.6603775024414,Low
10258,160.34988403320312,High
10259,164.65773010253906,High
10260,126.34013366699219,Medium
10261,157.55174255371094,High
10262,151.75894165039062,High
10263,101.59070587158203,Medium
10264,148.61199951171875,High
10265,66.60989379882812,Low
10266,111.54048156738281,Medium
10267,149.38514709472656,High
10268,291.12139892578125,High
10269,120.781982421875,Medium
10270,74.22196960449219,Low
10271,118.79792785644531,Medium
10272,75.99539947509766,Low
10273,112.94116973876953,Medium
10274,116.98139190673828,Medium
10275,107.64112091064453,Medium
10276,141.0945587158203,High
10277,79.43885040283203,Low
10278,84.59565734863281,Low
10279,152.784423828125,High
10280,114.89324188232422,Medium
10281,120.6648178100586,Medium
10282,117.01040649414062,Medium
10283,128.5345458984375,High
10284,102.90105438232422,Medium
10285,107.97337341308594,Medium
10286,222.23593139648438,High
10287,102.09390258789062,Medium
10288,112.30294036865234,Medium
10289,143.16427612304688,High
10290,82.78611755371094,Low
10291,87.73863220214844,Low
10292,87.63607788085938,Low
10293,155.45201110839844,High
10294,89.6579818725586,Low
10295,127.129638671875,Medium
10296,99.79996490478516,Low
10297,231.320068359375,High
10298,65.39518737792969,Low
10299,126.55184936523438,Medium
10300,114.65994262695312,Medium
10301,120.69345092773438,Medium
10302,121.8336410522461,Medium
10303,156.00494384765625,High
10304,128.3808135986328,High
10305,121.0986328125,Medium
10306,134.46109008789062,High
10307,94.19514465332031,Low
10308,143.59764099121094,High
10309,120.417724609375,Medium
10310,93.08283996582031,Low
10311,103.26539611816406,Medium
10312,118.4501724243164,Medium
10313,123.13697814941406,Medium
10314,99.51618194580078,Low
10315,131.08740234375,High
10316,138.8299560546875,High
10317,103.72665405273438,Medium
10318,126.688232421875,Medium
10319,114.82555389404297,Medium
10320,116.90876770019531,Medium
10321,159.9447021484375,High
10322,198.58384704589844,High
10323,117.322509765625,Medium
10324,129.16049194335938,High
10325,99.70001983642578,Low
10326,127.38545227050781,High
10327,195.37210083007812,High
10328,141.69467163085938,High
10329,133.9711151123047,High
10330,138.38583374023438,High
10331,125.29740142822266,Medium
10332,98.74411010742188,Low
10333,86.01596069335938,Low
10334,187.40231323242188,High
10335,142.52664184570312,High
10336,97.1042709350586,Low
10337,106.56327056884766,Medium
10338,93.66130828857422,Low
10339,117.38970947265625,Medium
10340,177.68215942382812,High
10341,179.16488647460938,High
10342,138.50186157226562,High
10343,126.03072357177734,Medium
10344,164.03067016601562,High
10345,152.416015625,High
10346,129.515869140625,High
10347,185.56356811523438,High
10348,93.48500061035156,Low
10349,83.24353790283203,Low
10350,137.24264526367188,High
10351,113.66177368164062,Medium
10352,91.02637481689453,Low
10353,105.0826187133789,Medium
10354,62.96205520629883,Low
10355,123.0898666381836,Medium
10356,64.50128173828125,Low
10357,123.20117950439453,Medium
10358,106.80348205566406,Medium
10359,130.33737182617188,High
10360,117.84718322753906,Medium
10361,136.50706481933594,High
10362,127.54432678222656,High
10363,116.31224822998047,Medium
10364,131.6956329345703,High
10365,71.01862335205078,Low
10366,114.96536254882812,Medium
10367,82.75743103027344,Low
10368,105.85908508300781,Medium
10369,101.51039123535156,Medium
10370,132.67552185058594,High
10371,121.30844116210938,Medium
10372,268.4065856933594,High
10373,88.9244155883789,Low
10374,109.99283599853516,Medium
10375,81.01670837402344,Low
10376,73.58809661865234,Low
10377,112.33110809326172,Medium
10378,134.9954071044922,High
10379,96.06478118896484,Low
10380,174.22703552246094,High
10381,93.69509887695312,Low
10382,79.62290954589844,Low
10383,111.90438842773438,Medium
10384,186.58529663085938,High
10385,87.05305480957031,Low
10386,123.12882232666016,Medium
10387,111.55848693847656,Medium
10388,127.59391021728516,High
10389,96.0084228515625,Low
10390,100.5656967163086,Low
10391,115.3173828125,Medium
10392,110.388671875,Medium
10393,101.16181182861328,Medium
10394,132.2136993408203,High
10395,75.11922454833984,Low
10396,89.644287109375,Low
10397,94.44454956054688,Low
10398,122.90723419189453,Medium
10399,168.46554565429688,High
10400,76.55428314208984,Low
10401,296.5105285644531,High
10402,139.20150756835938,High
10403,82.1136703491211,Low
10404,66.00733184814453,Low
10405,109.71517944335938,Medium
10406,189.13931274414062,High
10407,133.40814208984375,High
10408,133.21388244628906,High
10409,101.56665802001953,Medium
10410,178.27230834960938,High
10411,94.9251708984375,Low
10412,193.22381591796875,High
10413,117.74663543701172,Medium
10414,78.9561538696289,Low
10415,92.53502655029297,Low
10416,78.66212463378906,Low
10417,161.02110290527344,High
10418,123.20406341552734,Medium
10419,70.41854095458984,Low
10420,213.91473388671875,High
10421,89.06523132324219,Low
10422,169.0660858154297,High
10423,133.92359924316406,High
10424,87.2062759399414,Low
10425,129.14166259765625,High
10426,125.76358795166016,Medium
10427,114.279052734375,Medium
10428,121.29717254638672,Medium
10429,102.38206481933594,Medium
10430,147.8927001953125,High
10431,121.64666748046875,Medium
10432,87.80323028564453,Low
10433,139.96861267089844,High
10434,133.08612060546875,High
10435,129.515869140625,High
10436,109.71398162841797,Medium
10437,110.33049774169922,Medium
10438,128.63182067871094,High
10439,74.18140411376953,Low
10440,120.02222442626953,Medium
10441,81.7218017578125,Low
10442,116.21036529541016,Medium
10443,122.63089752197266,Medium
10444,164.3558807373047,High
10445,143.29576110839844,High
10446,89.61991119384766,Low
10447,88.35653686523438,Low
10448,211.58433532714844,High
10449,86.26419067382812,Low
10450,124.25418090820312,Medium
10451,135.7061004638672,High
10452,108.01146697998047,Medium
10453,122.07661437988281,Medium
10454,130.25070190429688,High
10455,93.4068374633789,Low
10456,99.54151916503906,Low
10457,80.970703125,Low
10458,157.88992309570312,High
10459,166.16258239746094,High
10460,130.3411102294922,High
10461,144.94778442382812,High
10462,229.08258056640625,High
10463,109.89917755126953,Medium
10464,133.74757385253906,High
10465,135.6177978515625,High
10466,109.62178039550781,Medium
10467,77.23638153076172,Low
10468,97.81865692138672,Low
10469,82.93827056884766,Low
10470,111.85916900634766,Medium
10471,120.25415802001953,Medium
10472,141.84202575683594,High
10473,124.25626373291016,Medium
10474,75.8243408203125,Low
10475,85.52886962890625,Low
10476,139.91943359375,High
10477,138.42401123046875,High
10478,120.61653900146484,Medium
10479,128.23870849609375,High
10480,131.41319274902344,High
10481,91.25669860839844,Low
10482,117.88851928710938,Medium
10483,143.005615234375,High
10484,119.83836364746094,Medium
10485,129.68344116210938,High
10486,153.18475341796875,High
10487,166.7918701171875,High
10488,85.72710418701172,Low
10489,131.9892120361328,High
10490,97.91911315917969,Low
10491,145.6374969482422,High
10492,265.82501220703125,High
10493,122.08643341064453,Medium
10494,129.68344116210938,High
10495,95.8931884765625,Low
10496,142.52804565429688,High
10497,141.7796630859375,High
10498,129.80422973632812,High
10499,100.3416748046875,Low
10500,97.38553619384766,Low
10501,92.46991729736328,Low
10502,136.33767700195312,High
10503,135.56951904296875,High
10504,61.45304870605469,Low
10505,101.09770202636719,Medium
10506,91.85505676269531,Low
10507,96.06452178955078,Low
10508,89.22566986083984,Low
10509,109.37787628173828,Medium
10510,90.12820434570312,Low
10511,89.48147583007812,Low
10512,88.60064697265625,Low
10513,154.8566131591797,High
10514,134.22767639160156,High
10515,152.42088317871094,High
10516,100.69901275634766,Medium
10517,249.52528381347656,High
10518,108.97979736328125,Medium
10519,123.90325164794922,Medium
10520,132.18927001953125,High
10521,146.7022247314453,High
10522,80.66876220703125,Low
10523,105.1555404663086,Medium
10524,116.32323455810547,Medium
10525,94.68318939208984,Low
10526,67.2001953125,Low
10527,247.28224182128906,High
10528,132.88414001464844,High
10529,119.34676361083984,Medium
10530,83.76160430908203,Low
10531,111.53658294677734,Medium
10532,124.93121337890625,Medium
10533,97.45282745361328,Low
10534,78.00865936279297,Low
10535,71.10719299316406,Low
10536,121.45729064941406,Medium
10537,134.36990356445312,High
10538,118.97348022460938,Medium
10539,149.02586364746094,High
10540,162.7342071533203,High
10541,133.1996612548828,High
10542,79.01753234863281,Low
10543,81.96611022949219,Low
10544,123.7356948852539,Medium
10545,86.57905578613281,Low
10546,78.2490234375,Low
10547,130.2301483154297,High
10548,149.02423095703125,High
10549,72.68596649169922,Low
10550,150.05233764648438,High
10551,115.30831146240234,Medium
10552,127.05265045166016,Medium
10553,134.48741149902344,High
10554,74.40253448486328,Low
10555,132.2599334716797,High
10556,122.7088394165039,Medium
10557,95.19584655761719,Low
10558,179.24075317382812,High
10559,121.29717254638672,Medium
10560,93.83575439453125,Low
10561,60.45048904418945,Low
10562,119.36498260498047,Medium
10563,83.4337387084961,Low
10564,114.98544311523438,Medium
10565,97.02655029296875,Low
10566,132.60488891601562,High
10567,114.36451721191406,Medium
10568,123.21207427978516,Medium
10569,135.41622924804688,High
10570,120.65764617919922,Medium
10571,116.46489715576172,Medium
10572,112.10523223876953,Medium
10573,97.77528381347656,Low
10574,123.2459716796875,Medium
10575,121.91901397705078,Medium
10576,88.23751068115234,Low
10577,127.74137878417969,High
10578,126.22819519042969,Medium
10579,66.16909790039062,Low
10580,95.77529907226562,Low
10581,125.03131103515625,Medium
10582,123.90325164794922,Medium
10583,64.02347564697266,Low
10584,181.80755615234375,High
10585,107.488525390625,Medium
10586,76.90011596679688,Low
10587,109.15788269042969,Medium
10588,79.4388656616211,Low
10589,155.15460205078125,High
10590,95.00810241699219,Low
10591,121.73695373535156,Medium
10592,129.79940795898438,High
10593,128.28538513183594,High
10594,62.524051666259766,Low
10595,92.63145446777344,Low
10596,86.80391693115234,Low
10597,97.24344635009766,Low
10598,81.79155731201172,Low
10599,103.40191650390625,Medium
10600,126.38590240478516,Medium
10601,96.42242431640625,Low
10602,125.03911590576172,Medium
10603,106.35803985595703,Medium
10604,131.26220703125,High
10605,107.34258270263672,Medium
10606,86.8910903930664,Low
10607,197.45289611816406,High
10608,114.68212890625,Medium
10609,86.33928680419922,Low
10610,108.18953704833984,Medium
10611,84.01065826416016,Low
10612,106.17896270751953,Medium
10613,81.74925231933594,Low
10614,100.22001647949219,Low
10615,93.42953491210938,Low
10616,132.80430603027344,High
10617,86.1141586303711,Low
10618,96.4678726196289,Low
10619,122.5797119140625,Medium
10620,105.54662322998047,Medium
10621,75.66233825683594,Low
10622,172.33908081054688,High
10623,109.13716125488281,Medium
10624,95.5107192993164,Low
10625,118.79792785644531,Medium
10626,134.01853942871094,High
10627,141.10604858398438,High
10628,134.98812866210938,High
10629,232.4329833984375,High
10630,118.97982788085938,Medium
10631,107.3871078491211,Medium
10632,112.59691619873047,Medium
10633,117.71577453613281,Medium
10634,192.83316040039062,High
10635,101.68318939208984,Medium
10636,151.26747131347656,High
10637,73.9408950805664,Low
10638,85.8456802368164,Low
10639,94.01370239257812,Low
10640,101.08415985107422,Medium
10641,175.42587280273438,High
10642,103.0024185180664,Medium
10643,118.791259765625,Medium
10644,136.2353057861328,High
10645,235.8904266357422,High
10646,109.13545989990234,Medium
10647,94.20828247070312,Low
10648,128.13575744628906,High
10649,111.81527709960938,Medium
10650,130.51795959472656,High
10651,106.9516372680664,Medium
10652,215.3062744140625,High
10653,127.47705841064453,High
10654,152.89158630371094,High
10655,109.50635528564453,Medium
10656,234.111572265625,High
10657,101.05773162841797,Medium
10658,106.80691528320312,Medium
10659,103.88507843017578,Medium
10660,96.2195053100586,Low
10661,126.22819519042969,Medium
10662,153.88446044921875,High
10663,124.92227172851562,Medium
10664,173.16709899902344,High
10665,83.1321029663086,Low
10666,186.58529663085938,High
10667,154.9551239013672,High
10668,153.98728942871094,High
10669,208.23593139648438,High
10670,85.97230529785156,Low
10671,138.1671142578125,High
10672,81.3045654296875,Low
10673,85.60426330566406,Low
10674,125.75017547607422,Medium
10675,285.98828125,High
10676,206.00732421875,High
10677,78.61915588378906,Low
10678,122.5797119140625,Medium
10679,255.56358337402344,High
10680,106.86177062988281,Medium
10681,152.3240509033203,High
10682,80.12150573730469,Low
10683,254.6563720703125,High
10684,109.93904113769531,Medium
10685,82.32453918457031,Low
10686,115.0447006225586,Medium
10687,71.26153564453125,Low
10688,115.61172485351562,Medium
10689,65.96773529052734,Low
10690,96.99120330810547,Low
10691,123.55756378173828,Medium
10692,160.00277709960938,High
10693,149.9157257080078,High
10694,127.54432678222656,High
10695,111.75525665283203,Medium
10696,106.9294204711914,Medium
10697,119.97181701660156,Medium
10698,160.48924255371094,High
10699,112.22662353515625,Medium
10700,138.38316345214844,High
10701,140.4969482421875,High
10702,89.08418273925781,Low
10703,111.39110565185547,Medium
10704,119.58740234375,Medium
10705,156.15234375,High
10706,135.26333618164062,High
10707,140.01014709472656,High
10708,73.02143859863281,Low
10709,103.13824462890625,Medium
10710,122.0664291381836,Medium
10711,102.19730377197266,Medium
10712,135.86407470703125,High
10713,123.37218475341797,Medium
10714,79.62045288085938,Low
10715,121.81769561767578,Medium
10716,141.06649780273438,High
10717,130.53564453125,High
10718,114.49546813964844,Medium
10719,77.14874267578125,Low
10720,170.8335723876953,High
10721,111.14964294433594,Medium
10722,78.53282165527344,Low
10723,75.22077941894531,Low
10724,104.16853332519531,Medium
10725,130.6627197265625,High
10726,119.4902572631836,Medium
10727,301.7988586425781,High
10728,125.67972564697266,Medium
10729,197.55152893066406,High
10730,60.49996566772461,Low
10731,128.9764404296875,High
10732,119.09832000732422,Medium
10733,119.11976623535156,Medium
10734,95.51786041259766,Low
10735,86.38743591308594,Low
10736,169.49192810058594,High
10737,126.22819519042969,Medium
10738,88.71186828613281,Low
10739,151.76724243164062,High
10740,79.64543914794922,Low
10741,143.29576110839844,High
10742,92.09475708007812,Low
10743,136.78213500976562,High
10744,158.24679565429688,High
10745,123.55241394042969,Medium
10746,142.78358459472656,High
10747,59.196659088134766,Low
10748,80.9120864868164,Low
10749,123.31477355957031,Medium
10750,166.95228576660156,High
10751,219.4427947998047,High
10752,125.75395202636719,Medium
10753,95.58757781982422,Low
10754,124.74651336669922,Medium
10755,218.7330322265625,High
10756,110.62548065185547,Medium
10757,86.8927230834961,Low
10758,81.3307113647461,Low
10759,119.62857818603516,Medium
10760,130.1780242919922,High
10761,123.2439193725586,Medium
10762,231.25491333007812,High
10763,71.65412902832031,Low
10764,186.4430694580078,High
10765,132.2599334716797,High
10766,132.5137939453125,High
10767,103.42022705078125,Medium
10768,114.34745025634766,Medium
10769,190.58120727539062,High
10770,115.38455963134766,Medium
10771,112.30987548828125,Medium
10772,196.0399932861328,High
10773,121.93112182617188,Medium
10774,104.66248321533203,Medium
10775,117.40638732910156,Medium
10776,63.78074645996094,Low
10777,119.4902572631836,Medium
10778,84.2105941772461,Low
10779,71.9344711303711,Low
10780,125.89579772949219,Medium
10781,173.41586303710938,High
10782,110.724853515625,Medium
10783,167.34982299804688,High
10784,68.41903686523438,Low
10785,139.7076416015625,High
10786,122.7359390258789,Medium
10787,125.81986236572266,Medium
10788,140.24081420898438,High
10789,74.54413604736328,Low
10790,71.22087097167969,Low
10791,171.91696166992188,High
10792,84.04663848876953,Low
10793,105.13699340820312,Medium
10794,111.63823699951172,Medium
10795,123.1525650024414,Medium
10796,143.11119079589844,High
10797,92.92784118652344,Low
10798,120.77613067626953,Medium
10799,159.6810760498047,High
10800,141.88497924804688,High
10801,72.57478332519531,Low
10802,137.24282836914062,High
10803,118.7401123046875,Medium
10804,78.07588195800781,Low
10805,87.85139465332031,Low
10806,92.95958709716797,Low
10807,65.12825012207031,Low
10808,106.93744659423828,Medium
10809,115.92521667480469,Medium
10810,120.88436126708984,Medium
10811,108.22782135009766,Medium
10812,138.00267028808594,High
10813,145.58029174804688,High
10814,122.33182525634766,Medium
10815,101.21358489990234,Medium
10816,118.25801849365234,Medium
10817,132.35833740234375,High
10818,121.45729064941406,Medium
10819,140.08726501464844,High
10820,76.36688232421875,Low
10821,118.20006561279297,Medium
10822,93.44053649902344,Low
10823,140.04458618164062,High
10824,125.46672058105469,Medium
10825,131.17816162109375,High
10826,122.80259704589844,Medium
10827,66.8245620727539,Low
10828,243.7978057861328,High
10829,87.95403289794922,Low
10830,125.62487030029297,Medium
10831,103.30372619628906,Medium
10832,115.69386291503906,Medium
10833,124.23332977294922,Medium
10834,127.54432678222656,High
10835,113.13836669921875,Medium
10836,126.00032806396484,Medium
10837,95.87781524658203,Low
10838,132.6492156982422,High
10839,72.46403503417969,Low
10840,100.11845397949219,Low
10841,78.37146759033203,Low
10842,166.81021118164062,High
10843,129.6422882080078,High
10844,148.7853240966797,High
10845,120.65764617919922,Medium
10846,136.42152404785156,High
10847,125.46672058105469,Medium
10848,109.86507415771484,Medium
10849,132.57559204101562,High
10850,111.79512023925781,Medium
10851,99.2015151977539,Low
10852,75.84569549560547,Low
10853,117.68426513671875,Medium
10854,80.44636535644531,Low
10855,262.8385009765625,High
10856,74.58805847167969,Low
10857,129.70382690429688,High
10858,119.5406494140625,Medium
10859,154.75621032714844,High
10860,117.44898223876953,Medium
10861,83.9888687133789,Low
10862,82.04512786865234,Low
10863,150.41241455078125,High
10864,121.98829650878906,Medium
10865,104.80030822753906,Medium
10866,238.70913696289062,High
10867,123.4381103515625,Medium
10868,126.28205108642578,Medium
10869,107.91071319580078,Medium
10870,54.580936431884766,Low
10871,87.87440490722656,Low
10872,118.1796875,Medium
10873,89.38346099853516,Low
10874,133.32009887695312,High
10875,138.3393096923828,High
10876,204.49681091308594,High
10877,78.2931137084961,Low
10878,151.21051025390625,High
10879,122.00387573242188,Medium
10880,101.12342834472656,Medium
10881,78.65693664550781,Low
10882,131.51205444335938,High
10883,140.39968872070312,High
10884,117.23138427734375,Medium
10885,113.96146392822266,Medium
10886,87.37248229980469,Low
10887,127.05400085449219,Medium
10888,98.28496551513672,Low
10889,121.0986328125,Medium
10890,139.05160522460938,High
10891,118.12611389160156,Medium
10892,100.18907928466797,Low
10893,134.13809204101562,High
10894,82.76005554199219,Low
10895,93.5834732055664,Low
10896,73.15484619140625,Low
10897,62.41549301147461,Low
10898,141.06649780273438,High
10899,109.2418441772461,Medium
10900,90.60585021972656,Low
10901,131.7323760986328,High
10902,62.77322769165039,Low
10903,119.86724090576172,Medium
10904,122.5797119140625,Medium
10905,75.8402099609375,Low
10906,106.86187744140625,Medium
10907,133.50775146484375,High
10908,192.4789276123047,High
10909,95.814453125,Low
10910,86.1075668334961,Low
10911,102.72894287109375,Medium
10912,83.79291534423828,Low
10913,142.77137756347656,High
10914,105.6249771118164,Medium
10915,119.79914855957031,Medium
10916,149.30429077148438,High
10917,61.403682708740234,Low
10918,112.02030181884766,Medium
10919,139.740966796875,High
10920,119.32559967041016,Medium
10921,135.97036743164062,High
10922,135.5697021484375,High
10923,85.01788330078125,Low
10924,89.64405822753906,Low
10925,107.12796783447266,Medium
10926,183.34750366210938,High
10927,119.83345031738281,Medium
10928,100.05683898925781,Low
10929,118.44673156738281,Medium
10930,50.281890869140625,Low
10931,168.91531372070312,High
10932,80.69351959228516,Low
10933,82.71453857421875,Low
10934,140.72171020507812,High
10935,100.52030944824219,Low
10936,151.11900329589844,High
10937,134.47206115722656,High
10938,95.67214965820312,Low
10939,104.46939086914062,Medium
10940,146.99964904785156,High
10941,67.9819564819336,Low
10942,123.31477355957031,Medium
10943,84.05757141113281,Low
10944,84.81002807617188,Low
10945,127.17218780517578,Medium
10946,149.84959411621094,High
10947,79.51073455810547,Low
10948,152.93310546875,High
10949,89.1975326538086,Low
10950,91.0638656616211,Low
10951,115.67587280273438,Medium
10952,77.78601837158203,Low
10953,104.32347106933594,Medium
10954,83.1820297241211,Low
10955,91.55894470214844,Low
10956,111.06597137451172,Medium
10957,91.94418334960938,Low
10958,80.352783203125,Low
10959,98.75119018554688,Low
10960,76.20073699951172,Low
10961,120.0484848022461,Medium
10962,111.47792053222656,Medium
10963,98.91645050048828,Low
10964,92.298583984375,Low
10965,69.07463073730469,Low
10966,119.34676361083984,Medium
10967,57.96467590332031,Low
10968,119.38871002197266,Medium
10969,136.97105407714844,High
10970,117.40638732910156,Medium
10971,102.174560546875,Medium
10972,114.06526184082031,Medium
10973,186.31907653808594,High
10974,103.9538345336914,Medium
10975,126.22819519042969,Medium
10976,98.22322845458984,Low
10977,64.39482879638672,Low
10978,92.5220947265625,Low
10979,97.51126098632812,Low
10980,127.17557525634766,Medium
10981,133.5637969970703,High
10982,142.4089813232422,High
10983,95.96414947509766,Low
10984,105.97557830810547,Medium
10985,127.21965789794922,Medium
10986,135.97036743164062,High
10987,151.17376708984375,High
10988,118.71371459960938,Medium
10989,85.5694580078125,Low
10990,127.42369079589844,High
10991,98.9834976196289,Low
10992,147.3843536376953,High
10993,112.37963104248047,Medium
10994,117.38970947265625,Medium
10995,153.16949462890625,High
10996,93.56182098388672,Low
10997,156.26962280273438,High
10998,95.71353149414062,Low
10999,100.9894790649414,Medium
11000,123.45195007324219,Medium
11001,109.07259368896484,Medium
11002,90.96318817138672,Low
11003,132.67552185058594,High
11004,82.9538803100586,Low
11005,106.42892456054688,Medium
11006,120.781982421875,Medium
11007,116.04112243652344,Medium
11008,101.1467056274414,Medium
11009,63.50995635986328,Low
11010,134.54727172851562,High
11011,80.25544738769531,Low
11012,188.36802673339844,High
11013,155.21678161621094,High
11014,111.99948120117188,Medium
11015,119.5528564453125,Medium
11016,130.37008666992188,High
11017,150.843017578125,High
11018,129.52398681640625,High
11019,60.758480072021484,Low
11020,95.37044525146484,Low
11021,133.21388244628906,High
11022,199.71917724609375,High
11023,213.1898651123047,High
11024,158.72898864746094,High
11025,129.78697204589844,High
11026,120.6648178100586,Medium
11027,94.0898666381836,Low
11028,174.5369415283203,High
11029,97.82975769042969,Low
11030,74.26533508300781,Low
11031,79.90657806396484,Low
11032,88.17449188232422,Low
11033,117.86421966552734,Medium
11034,127.83138275146484,High
11035,96.63941192626953,Low
11036,272.82965087890625,High
11037,144.35287475585938,High
11038,156.11279296875,High
11039,98.6461181640625,Low
11040,102.06295013427734,Medium
11041,124.94570922851562,Medium
11042,136.33767700195312,High
11043,90.03506469726562,Low
11044,112.09996795654297,Medium
11045,118.4302749633789,Medium
11046,140.42637634277344,High
11047,258.7619323730469,High
11048,126.35309600830078,Medium
11049,103.46287536621094,Medium
11050,252.20095825195312,High
11051,141.1338653564453,High
11052,111.65595245361328,Medium
11053,73.16715240478516,Low
11054,147.70240783691406,High
11055,128.8484344482422,High
11056,90.76245880126953,Low
11057,70.11001586914062,Low
11058,155.43157958984375,High
11059,109.93904113769531,Medium
11060,112.52135467529297,Medium
11061,97.04276275634766,Low
11062,103.58892822265625,Medium
11063,76.47624969482422,Low
11064,129.515869140625,High
11065,138.9368438720703,High
11066,120.45011138916016,Medium
11067,124.63538360595703,Medium
11068,121.22100067138672,Medium
11069,129.20513916015625,High
11070,129.80422973632812,High
11071,92.3661117553711,Low
11072,131.84024047851562,High
11073,162.39749145507812,High
11074,134.95794677734375,High
11075,185.84178161621094,High
11076,121.0986328125,Medium
11077,127.54432678222656,High
11078,116.72789001464844,Medium
11079,82.28101348876953,Low
11080,199.41854858398438,High
11081,102.4177474975586,Medium
11082,92.03193664550781,Low
11083,75.51585388183594,Low
11084,90.1635971069336,Low
11085,118.8347396850586,Medium
11086,80.9170913696289,Low
11087,77.27788543701172,Low
11088,182.5822296142578,High
11089,124.8509750366211,Medium
11090,61.028099060058594,Low
11091,112.87513732910156,Medium
11092,63.18799591064453,Low
11093,75.18791198730469,Low
11094,132.22178649902344,High
11095,82.43750762939453,Low
11096,100.33113861083984,Low
11097,70.52515411376953,Low
11098,136.52154541015625,High
11099,136.34388732910156,High
11100,132.17494201660156,High
11101,59.69867706298828,Low
11102,92.14903259277344,Low
11103,184.5658721923828,High
11104,78.20121002197266,Low
11105,81.82891845703125,Low
11106,152.40484619140625,High
11107,115.71527099609375,Medium
11108,63.276920318603516,Low
11109,111.08939361572266,Medium
11110,135.97036743164062,High
11111,136.27944946289062,High
11112,130.25051879882812,High
11113,206.79290771484375,High
11114,225.15054321289062,High
11115,131.2830810546875,High
11116,135.26573181152344,High
11117,84.88874816894531,Low
11118,71.7359390258789,Low
11119,97.6124267578125,Low
11120,131.59608459472656,High
11121,132.1251983642578,High
11122,168.70899963378906,High
11123,153.77745056152344,High
11124,90.67027282714844,Low
11125,72.8802719116211,Low
11126,132.78294372558594,High
11127,73.11090087890625,Low
11128,85.67687225341797,Low
11129,126.89190673828125,Medium
11130,120.58547973632812,Medium
11131,73.96249389648438,Low
11132,94.78299713134766,Low
11133,98.55545806884766,Low
11134,135.5955810546875,High
11135,117.3961410522461,Medium
11136,220.5334014892578,High
11137,75.95082092285156,Low
11138,131.34957885742188,High
11139,128.63182067871094,High
11140,125.64823150634766,Medium
11141,118.20006561279297,Medium
11142,60.41434860229492,Low
11143,119.4902572631836,Medium
11144,94.59503173828125,Low
11145,96.12641143798828,Low
11146,98.31790161132812,Low
11147,124.5393295288086,Medium
11148,123.37218475341797,Medium
11149,80.70423126220703,Low
11150,57.07779312133789,Low
11151,118.20006561279297,Medium
11152,65.22677612304688,Low
11153,122.41108703613281,Medium
11154,334.16961669921875,High
11155,181.63633728027344,High
11156,94.23678588867188,Low
11157,162.8714141845703,High
11158,127.54432678222656,High
11159,138.38197326660156,High
11160,66.18252563476562,Low
11161,149.77293395996094,High
11162,101.28103637695312,Medium
11163,132.94256591796875,High
11164,110.12232208251953,Medium
11165,107.32257080078125,Medium
11166,105.71142578125,Medium
11167,168.10958862304688,High
11168,71.06488800048828,Low
11169,62.20063018798828,Low
11170,118.42298126220703,Medium
11171,120.49837493896484,Medium
11172,127.54432678222656,High
11173,153.4378662109375,High
11174,263.02508544921875,High
11175,76.95881652832031,Low
11176,95.09962463378906,Low
11177,232.53736877441406,High
11178,80.37469482421875,Low
11179,78.40728759765625,Low
11180,86.87582397460938,Low
11181,160.87496948242188,High
11182,91.77044677734375,Low
11183,306.6660461425781,High
11184,90.44450378417969,Low
11185,100.9206771850586,Medium
11186,152.3354949951172,High
11187,71.0706558227539,Low
11188,122.6823501586914,Medium
11189,87.75879669189453,Low
11190,127.64356994628906,High
11191,123.31477355957031,Medium
11192,136.56298828125,High
11193,112.41788482666016,Medium
11194,76.1408920288086,Low
11195,359.470703125,High
11196,105.40895080566406,Medium
11197,169.82664489746094,High
11198,105.77896118164062,Medium
11199,96.11489868164062,Low
11200,76.54396057128906,Low
11201,125.1728744506836,Medium
11202,108.1983642578125,Medium
11203,105.63031005859375,Medium
11204,209.9805450439453,High
11205,102.23744201660156,Medium
11206,115.45555114746094,Medium
11207,132.4567413330078,High
11208,121.53225708007812,Medium
11209,134.03675842285156,High
11210,110.44841766357422,Medium
11211,128.10800170898438,High
11212,117.02435302734375,Medium
11213,187.2754669189453,High
11214,142.52664184570312,High
11215,123.03063201904297,Medium
11216,180.28956604003906,High
11217,126.34013366699219,Medium
11218,157.4088897705078,High
11219,130.10653686523438,High
11220,146.4470672607422,High
11221,126.76936340332031,Medium
11222,182.36631774902344,High
11223,158.70220947265625,High
11224,160.83447265625,High
11225,104.74345397949219,Medium
11226,63.37693786621094,Low
11227,84.5981674194336,Low
11228,93.48648071289062,Low
11229,90.21892547607422,Low
11230,108.40814971923828,Medium
11231,115.75687408447266,Medium
11232,64.94889068603516,Low
11233,214.63967895507812,High
11234,102.76363372802734,Medium
11235,80.3814468383789,Low
11236,272.4815979003906,High
11237,121.73866271972656,Medium
11238,88.55741119384766,Low
11239,128.6111602783203,High
11240,122.5438003540039,Medium
11241,100.91722106933594,Medium
11242,129.31956481933594,High
11243,137.83010864257812,High
11244,176.66856384277344,High
11245,63.782737731933594,Low
11246,81.70861053466797,Low
11247,126.64674377441406,Medium
11248,122.3004150390625,Medium
11249,101.7605209350586,Medium
11250,114.3909912109375,Medium
11251,278.2610168457031,High
11252,117.40638732910156,Medium
11253,83.23599243164062,Low
11254,74.78126525878906,Low
11255,133.17181396484375,High
11256,133.9895782470703,High
11257,87.00890350341797,Low
11258,184.91148376464844,High
11259,162.2794952392578,High
11260,138.59500122070312,High
11261,215.2573699951172,High
11262,60.38575744628906,Low
11263,178.7884063720703,High
11264,129.41421508789062,High
11265,196.44659423828125,High
11266,128.7403564453125,High
11267,64.11388397216797,Low
11268,158.37306213378906,High
11269,118.20006561279297,Medium
11270,205.02987670898438,High
11271,101.69255065917969,Medium
11272,84.09822845458984,Low
11273,81.04048156738281,Low
11274,67.05453491210938,Low
11275,289.3043212890625,High
11276,119.79486846923828,Medium
11277,292.4134521484375,High
11278,119.4902572631836,Medium
11279,76.45486450195312,Low
11280,81.5634536743164,Low
11281,118.49578094482422,Medium
11282,90.94976043701172,Low
11283,103.39202117919922,Medium
11284,61.403682708740234,Low
11285,126.34013366699219,Medium
11286,99.79335021972656,Low
11287,153.0581817626953,High
11288,107.0477066040039,Medium
11289,104.01958465576172,Medium
11290,85.90547943115234,Low
11291,88.23258209228516,Low
11292,69.35993957519531,Low
11293,122.7088394165039,Medium
11294,93.88014221191406,Low
11295,125.5838623046875,Medium
11296,171.09896850585938,High
11297,71.31993865966797,Low
11298,111.63030242919922,Medium
11299,108.43647003173828,Medium
11300,101.19091033935547,Medium
11301,99.95796966552734,Low
11302,120.32527160644531,Medium
11303,121.0986328125,Medium
11304,123.03462982177734,Medium
11305,104.46516418457031,Medium
11306,118.53501892089844,Medium
11307,128.39816284179688,High
11308,127.33785247802734,Medium
11309,114.94280242919922,Medium
11310,109.60625457763672,Medium
11311,104.50952911376953,Medium
11312,134.92337036132812,High
11313,67.2152328491211,Low
11314,191.49310302734375,High
11315,118.92778778076172,Medium
11316,89.62899780273438,Low
11317,109.0335922241211,Medium
11318,79.60298919677734,Low
11319,145.51324462890625,High
11320,138.333984375,High
11321,104.01773834228516,Medium
11322,155.79290771484375,High
11323,128.40647888183594,High
11324,69.44652557373047,Low
11325,141.2550048828125,High
11326,122.75643157958984,Medium
11327,116.81663513183594,Medium
11328,161.02052307128906,High
11329,68.59363555908203,Low
11330,186.52772521972656,High
11331,82.01174926757812,Low
11332,134.15115356445312,High
11333,139.62252807617188,High
11334,125.60400390625,Medium
11335,142.90005493164062,High
11336,131.32138061523438,High
11337,135.30064392089844,High
11338,138.86590576171875,High
11339,80.02786254882812,Low
11340,229.23190307617188,High
11341,212.80738830566406,High
11342,72.53468322753906,Low
11343,89.036376953125,Low
11344,116.46489715576172,Medium
11345,124.80738830566406,Medium
11346,154.9337921142578,High
11347,89.37120819091797,Low
11348,129.39828491210938,High
11349,125.93560791015625,Medium
11350,149.8598175048828,High
11351,132.34036254882812,High
11352,83.08401489257812,Low
11353,128.79141235351562,High
11354,84.25801086425781,Low
11355,268.8561096191406,High
11356,124.60374450683594,Medium
11357,111.66859436035156,Medium
11358,119.3825454711914,Medium
11359,125.25189971923828,Medium
11360,76.08036804199219,Low
11361,113.72843170166016,Medium
11362,93.49456787109375,Low
11363,111.04222106933594,Medium
11364,124.33731842041016,Medium
11365,155.90748596191406,High
11366,266.3857116699219,High
11367,142.07000732421875,High
11368,65.07780456542969,Low
11369,72.8359146118164,Low
11370,199.6703643798828,High
11371,82.53845977783203,Low
11372,134.9954071044922,High
11373,218.36753845214844,High
11374,129.1136474609375,High
11375,63.02217483520508,Low
11376,95.14459228515625,Low
11377,124.01307678222656,Medium
11378,86.13645935058594,Low
11379,117.41217041015625,Medium
11380,126.22819519042969,Medium
11381,129.7972412109375,High
11382,129.9738311767578,High
11383,129.55845642089844,High
11384,118.71371459960938,Medium
11385,122.72103881835938,Medium
11386,91.88720703125,Low
11387,124.09229278564453,Medium
11388,120.6648178100586,Medium
11389,86.9634017944336,Low
11390,127.09601593017578,Medium
11391,102.19390869140625,Medium
11392,93.88019561767578,Low
11393,110.45867919921875,Medium
11394,84.47750854492188,Low
11395,104.88984680175781,Medium
11396,102.04802703857422,Medium
11397,95.94669342041016,Low
11398,75.69231414794922,Low
11399,94.07585906982422,Low
11400,120.87149047851562,Medium
11401,113.69107055664062,Medium
11402,65.13184356689453,Low
11403,152.28797912597656,High
11404,136.6726531982422,High
11405,84.0656509399414,Low
11406,83.77075958251953,Low
11407,111.77205657958984,Medium
11408,128.20819091796875,High
11409,64.06929779052734,Low
11410,134.9954071044922,High
11411,184.5248565673828,High
11412,129.0108642578125,High
11413,116.92337799072266,Medium
11414,80.38214111328125,Low
11415,85.00346374511719,Low
11416,97.52173614501953,Low
11417,106.74742126464844,Medium
11418,307.3241882324219,High
11419,129.98220825195312,High
11420,120.5312271118164,Medium
11421,136.81292724609375,High
11422,101.50702667236328,Medium
11423,167.48255920410156,High
11424,108.97151184082031,Medium
11425,142.6166534423828,High
11426,88.14839172363281,Low
11427,68.6968765258789,Low
11428,101.8719253540039,Medium
11429,112.7866439819336,Medium
11430,130.22592163085938,High
11431,87.00115203857422,Low
11432,84.63860321044922,Low
11433,91.41353607177734,Low
11434,101.99951171875,Medium
11435,84.50117492675781,Low
11436,111.90948486328125,Medium
11437,155.92198181152344,High
11438,127.83151245117188,High
11439,123.46930694580078,Medium
11440,70.71776580810547,Low
11441,132.6832733154297,High
11442,90.64263153076172,Low
11443,97.91960144042969,Low
11444,160.77719116210938,High
11445,150.65628051757812,High
11446,90.69237518310547,Low
11447,157.5189666748047,High
11448,89.71388244628906,Low
11449,202.52745056152344,High
11450,103.7263412475586,Medium
11451,85.91849517822266,Low
11452,126.73107147216797,Medium
11453,73.77983093261719,Low
11454,121.45729064941406,Medium
11455,78.45972442626953,Low
11456,96.76622772216797,Low
11457,71.98780059814453,Low
11458,110.45182037353516,Medium
11459,167.14532470703125,High
11460,143.75083923339844,High
11461,78.39694213867188,Low
11462,137.64889526367188,High
11463,162.49600219726562,High
11464,58.263938903808594,Low
11465,319.6376953125,High
11466,121.35440826416016,Medium
11467,89.68994140625,Low
11468,123.63966369628906,Medium
11469,83.12237548828125,Low
11470,84.13697814941406,Low
11471,109.56735229492188,Medium
11472,156.5608673095703,High
11473,123.03386688232422,Medium
11474,82.34429168701172,Low
11475,134.13365173339844,High
11476,131.6757354736328,High
11477,96.38292694091797,Low
11478,125.46672058105469,Medium
11479,114.40191650390625,Medium
11480,128.89402770996094,High
11481,125.80065155029297,Medium
11482,165.2777099609375,High
11483,147.1282501220703,High
11484,112.06405639648438,Medium
11485,91.04220581054688,Low
11486,84.5029067993164,Low
11487,79.02823638916016,Low
11488,118.79792785644531,Medium
11489,88.58477783203125,Low
11490,81.78870391845703,Low
11491,131.01019287109375,High
11492,121.85462951660156,Medium
11493,80.1343765258789,Low
11494,156.60647583007812,High
11495,102.05411529541016,Medium
11496,123.37218475341797,Medium
11497,74.9326171875,Low
11498,75.57209014892578,Low
11499,96.85673522949219,Low
11500,84.93424224853516,Low
11501,104.313232421875,Medium
11502,144.80967712402344,High
11503,120.6648178100586,Medium
11504,166.17274475097656,High
11505,99.6396713256836,Low
11506,96.41527557373047,Low
11507,136.60816955566406,High
11508,109.92517852783203,Medium
11509,78.47638702392578,Low
11510,110.62020111083984,Medium
11511,162.345947265625,High
11512,133.40814208984375,High
11513,68.40391540527344,Low
11514,74.82561492919922,Low
11515,127.48902130126953,High
11516,129.4374542236328,High
11517,124.25626373291016,Medium
11518,208.82785034179688,High
11519,93.5855941772461,Low
11520,72.40585327148438,Low
11521,76.91014099121094,Low
11522,134.1894073486328,High
11523,103.13697052001953,Medium
11524,111.7634506225586,Medium
11525,144.12229919433594,High
11526,122.00387573242188,Medium
11527,128.5345458984375,High
11528,115.58235168457031,Medium
11529,114.69668579101562,Medium
11530,127.54432678222656,High
11531,89.09850311279297,Low
11532,132.84747314453125,High
11533,137.3650665283203,High
11534,126.15621185302734,Medium
11535,87.68229675292969,Low
11536,122.78607177734375,Medium
11537,98.79421997070312,Low
11538,113.93186950683594,Medium
11539,125.54438018798828,Medium
11540,127.54432678222656,High
11541,92.652099609375,Low
11542,89.99236297607422,Low
11543,135.97036743164062,High
11544,81.38980102539062,Low
11545,123.21207427978516,Medium
11546,61.4457893371582,Low
11547,82.51422882080078,Low
11548,90.1332778930664,Low
11549,86.11666870117188,Low
11550,138.89414978027344,High
11551,131.72283935546875,High
11552,111.10321807861328,Medium
11553,177.00186157226562,High
11554,65.79924011230469,Low
11555,90.03226470947266,Low
11556,124.25626373291016,Medium
11557,99.31002044677734,Low
11558,220.5425262451172,High
11559,107.73294067382812,Medium
11560,79.0876235961914,Low
11561,76.69629669189453,Low
11562,131.7472381591797,High
11563,117.28765869140625,Medium
11564,56.36846160888672,Low
11565,152.4976348876953,High
11566,121.0986328125,Medium
11567,78.09258270263672,Low
11568,124.35218048095703,Medium
11569,107.76175689697266,Medium
11570,84.38651275634766,Low
11571,90.15989685058594,Low
11572,125.46672058105469,Medium
11573,115.48637390136719,Medium
11574,92.39705657958984,Low
11575,106.7453384399414,Medium
11576,122.5797119140625,Medium
11577,102.51049041748047,Medium
11578,113.09619140625,Medium
11579,91.71640014648438,Low
11580,128.5670166015625,High
11581,92.13145446777344,Low
11582,106.63545989990234,Medium
11583,118.51433563232422,Medium
11584,125.78315734863281,Medium
11585,85.99427795410156,Low
11586,121.33946990966797,Medium
11587,94.80830383300781,Low
11588,131.26376342773438,High
11589,113.18157196044922,Medium
11590,170.69786071777344,High
11591,88.95511627197266,Low
11592,157.370849609375,High
11593,94.10490417480469,Low
11594,142.0709991455078,High
11595,97.61325073242188,Low
11596,119.4902572631836,Medium
11597,90.45415496826172,Low
11598,113.2015609741211,Medium
11599,123.43370819091797,Medium
11600,72.54530334472656,Low
11601,115.45555114746094,Medium
11602,178.32821655273438,High
11603,118.32453155517578,Medium
11604,88.65894317626953,Low
11605,94.35503387451172,Low
11606,175.98585510253906,High
11607,169.6519012451172,High
11608,106.52086639404297,Medium
11609,143.4050750732422,High
11610,130.61740112304688,High
11611,310.14044189453125,High
11612,72.47314453125,Low
11613,140.61624145507812,High
11614,170.95050048828125,High
11615,74.6805191040039,Low
11616,87.66690063476562,Low
11617,82.76386260986328,Low
11618,82.0821304321289,Low
11619,121.25891876220703,Medium
11620,99.67127227783203,Low
11621,84.0927505493164,Low
11622,87.83980560302734,Low
11623,187.0491180419922,High
11624,60.91748809814453,Low
11625,85.7825927734375,Low
11626,156.21688842773438,High
11627,126.55512237548828,Medium
11628,90.8038101196289,Low
11629,89.18376159667969,Low
11630,91.01002502441406,Low
11631,97.55085754394531,Low
11632,195.26258850097656,High
11633,195.58229064941406,High
11634,120.6648178100586,Medium
11635,129.0617218017578,High
11636,117.4341049194336,Medium
11637,106.35472106933594,Medium
11638,142.52664184570312,High
11639,206.27670288085938,High
11640,74.91106414794922,Low
11641,111.57569122314453,Medium
11642,115.58050537109375,Medium
11643,107.70729064941406,Medium
11644,69.24431610107422,Low
11645,110.82074737548828,Medium
11646,107.29551696777344,Medium
11647,134.9954071044922,High
11648,114.14350891113281,Medium
11649,163.3112030029297,High
11650,114.80391693115234,Medium
11651,185.5691375732422,High
11652,107.3526382446289,Medium
11653,114.08631896972656,Medium
11654,126.34013366699219,Medium
11655,92.60752868652344,Low
11656,90.66175079345703,Low
11657,84.57666778564453,Low
11658,121.6894302368164,Medium
11659,212.0930633544922,High
11660,146.01487731933594,High
11661,104.0639419555664,Medium
11662,100.86695098876953,Medium
11663,126.31291961669922,Medium
11664,127.05265045166016,Medium
11665,100.23716735839844,Low
11666,120.04625701904297,Medium
11667,89.70768737792969,Low
11668,122.5797119140625,Medium
11669,139.3677215576172,High
11670,122.14594268798828,Medium
11671,120.79924774169922,Medium
11672,90.90635681152344,Low
11673,150.8896484375,High
11674,119.4902572631836,Medium
11675,87.9654541015625,Low
11676,98.20323181152344,Low
11677,66.61715698242188,Low
11678,136.8823699951172,High
11679,91.55994415283203,Low
11680,156.43348693847656,High
11681,81.1202392578125,Low
11682,93.17219543457031,Low
11683,122.00387573242188,Medium
11684,138.05718994140625,High
11685,136.56298828125,High
11686,122.42927551269531,Medium
11687,115.95703125,Medium
11688,117.64281463623047,Medium
11689,158.7543182373047,High
11690,72.22979736328125,Low
11691,137.9965362548828,High
11692,192.01141357421875,High
11693,97.133056640625,Low
11694,296.61761474609375,High
11695,102.20232391357422,Medium
11696,94.3629150390625,Low
11697,137.00634765625,High
11698,128.3808135986328,High
11699,168.54383850097656,High
11700,77.6240005493164,Low
11701,76.55303955078125,Low
11702,257.8334045410156,High
11703,81.11485290527344,Low
11704,135.57656860351562,High
11705,105.68321228027344,Medium
11706,124.19458770751953,Medium
11707,117.34227752685547,Medium
11708,91.41455841064453,Low
11709,167.8558807373047,High
11710,80.84929656982422,Low
11711,216.70005798339844,High
11712,134.2379150390625,High
11713,209.3788299560547,High
11714,112.7767333984375,Medium
11715,74.71051788330078,Low
11716,58.66986846923828,Low
11717,146.23365783691406,High
11718,191.72987365722656,High
11719,133.40814208984375,High
11720,110.17961120605469,Medium
11721,67.40754699707031,Low
11722,92.59210968017578,Low
11723,109.93904113769531,Medium
11724,159.2659912109375,High
11725,141.8909454345703,High
11726,115.75453186035156,Medium
11727,74.05109405517578,Low
11728,128.300537109375,High
11729,91.42488098144531,Low
11730,81.70169067382812,Low
11731,68.5831298828125,Low
11732,128.18206787109375,High
11733,209.40008544921875,High
11734,143.548583984375,High
11735,123.54863739013672,Medium
11736,123.84452056884766,Medium
11737,155.24383544921875,High
11738,182.60569763183594,High
11739,158.24679565429688,High
11740,79.75928497314453,Low
11741,92.81433868408203,Low
11742,99.10370635986328,Low
11743,116.46489715576172,Medium
11744,114.87723541259766,Medium
11745,112.9393081665039,Medium
11746,133.15545654296875,High
11747,97.97469329833984,Low
11748,276.8260498046875,High
11749,77.33633422851562,Low
11750,110.21308898925781,Medium
11751,102.64886474609375,Medium
11752,110.43601989746094,Medium
11753,124.95823669433594,Medium
11754,93.0292739868164,Low
11755,118.6671142578125,Medium
11756,90.14183044433594,Low
11757,117.40638732910156,Medium
11758,99.5963363647461,Low
11759,145.0110626220703,High
11760,96.40865325927734,Low
11761,88.3167724609375,Low
11762,120.88436889648438,Medium
11763,125.38658142089844,Medium
11764,105.5098876953125,Medium
11765,128.39816284179688,High
11766,61.45107650756836,Low
11767,100.27992248535156,Low
11768,75.95552825927734,Low
11769,166.6466064453125,High
11770,144.5548553466797,High
11771,138.7339630126953,High
11772,92.72884368896484,Low
11773,120.04618072509766,Medium
11774,164.52743530273438,High
11775,137.24180603027344,High
11776,142.09390258789062,High
11777,110.74854278564453,Medium
11778,106.16567993164062,Medium
11779,130.16693115234375,High
11780,117.6126937866211,Medium
11781,141.1126251220703,High
11782,126.38590240478516,Medium
11783,100.41018676757812,Low
11784,123.21207427978516,Medium
11785,123.43370819091797,Medium
11786,100.70358276367188,Medium
11787,88.38909912109375,Low
11788,172.3352508544922,High
11789,79.19518280029297,Low
11790,77.028564453125,Low
11791,131.5385284423828,High
11792,327.2138366699219,High
11793,123.64754486083984,Medium
11794,120.6648178100586,Medium
11795,104.20313262939453,Medium
11796,90.0006103515625,Low
11797,176.46311950683594,High
11798,148.47366333007812,High
11799,96.26622772216797,Low
11800,119.4902572631836,Medium
11801,133.24392700195312,High
11802,116.25972747802734,Medium
11803,212.11268615722656,High
11804,135.97036743164062,High
11805,124.61375427246094,Medium
11806,116.3120346069336,Medium
11807,94.10192108154297,Low
11808,147.6682891845703,High
11809,105.59693145751953,Medium
11810,120.34552764892578,Medium
11811,112.708740234375,Medium
11812,126.82716369628906,Medium
11813,127.16653442382812,Medium
11814,86.28915405273438,Low
11815,76.47624969482422,Low
11816,99.51736450195312,Low
11817,111.53343963623047,Medium
11818,103.13893127441406,Medium
11819,78.67820739746094,Low
11820,85.68644714355469,Low
11821,78.27494049072266,Low
11822,127.3619613647461,High
11823,141.53363037109375,High
11824,122.5797119140625,Medium
11825,67.49111938476562,Low
11826,111.49498748779297,Medium
11827,100.59761810302734,Low
11828,101.80162048339844,Medium
11829,143.23788452148438,High
11830,119.12606048583984,Medium
11831,116.59601593017578,Medium
11832,88.01338958740234,Low
11833,76.7325668334961,Low
11834,80.7780990600586,Low
11835,82.81503295898438,Low
11836,77.48037719726562,Low
11837,70.43050384521484,Low
11838,132.7454376220703,High
11839,133.23805236816406,High
11840,89.55342864990234,Low
11841,119.2233657836914,Medium
11842,82.48114776611328,Low
11843,132.84747314453125,High
11844,135.02944946289062,High
11845,262.5420837402344,High
11846,249.71920776367188,High
11847,124.25626373291016,Medium
11848,80.93742370605469,Low
11849,96.11030578613281,Low
11850,145.79287719726562,High
11851,125.1778793334961,Medium
11852,84.00679016113281,Low
11853,162.13003540039062,High
11854,148.01560974121094,High
11855,77.31181335449219,Low
11856,104.79550170898438,Medium
11857,93.71524047851562,Low
11858,253.19525146484375,High
11859,116.41548919677734,Medium
11860,292.3031311035156,High
11861,84.92729949951172,Low
11862,135.9143829345703,High
11863,110.55416107177734,Medium
11864,82.1053237915039,Low
11865,208.38111877441406,High
11866,219.29156494140625,High
11867,141.31491088867188,High
11868,122.68603515625,Medium
11869,112.63642120361328,Medium
11870,93.44361114501953,Low
11871,126.22819519042969,Medium
11872,128.5345458984375,High
11873,181.57720947265625,High
11874,89.28255462646484,Low
11875,83.58445739746094,Low
11876,112.12215423583984,Medium
11877,108.23648071289062,Medium
11878,185.59060668945312,High
11879,124.73945617675781,Medium
11880,240.0657958984375,High
11881,100.9662094116211,Medium
11882,120.33930969238281,Medium
11883,192.47830200195312,High
11884,104.776611328125,Medium
11885,81.51154327392578,Low
11886,78.01183319091797,Low
11887,68.39958953857422,Low
11888,124.25626373291016,Medium
11889,79.85013580322266,Low
11890,116.46489715576172,Medium
11891,134.9954071044922,High
11892,209.3636474609375,High
11893,92.58631134033203,Low
11894,98.08758544921875,Low
11895,78.05054473876953,Low
11896,89.72367095947266,Low
11897,106.14576721191406,Medium
11898,68.78174591064453,Low
11899,73.912841796875,Low
11900,132.62644958496094,High
11901,126.34013366699219,Medium
11902,127.03509521484375,Medium
11903,131.17816162109375,High
11904,68.49626922607422,Low
11905,158.7086944580078,High
11906,80.21260833740234,Low
11907,125.65269470214844,Medium
11908,84.86966705322266,Low
11909,124.45935821533203,Medium
11910,139.43389892578125,High
11911,92.01270294189453,Low
11912,252.29006958007812,High
11913,110.16627502441406,Medium
11914,120.781982421875,Medium
11915,105.3214111328125,Medium
11916,126.66815185546875,Medium
11917,106.5127944946289,Medium
11918,95.48345947265625,Low
11919,66.55215454101562,Low
11920,192.8158416748047,High
11921,130.19493103027344,High
11922,141.50494384765625,High
11923,129.35617065429688,High
11924,58.210941314697266,Low
11925,118.12133026123047,Medium
11926,90.3004150390625,Low
11927,160.91748046875,High
11928,129.4844512939453,High
11929,114.7257308959961,Medium
11930,127.34513854980469,High
11931,153.98548889160156,High
11932,119.1272964477539,Medium
11933,148.66168212890625,High
11934,132.60488891601562,High
11935,110.55924987792969,Medium
11936,84.60454559326172,Low
11937,121.2959976196289,Medium
11938,112.2780532836914,Medium
11939,108.8795394897461,Medium
11940,104.1168212890625,Medium
11941,78.44932556152344,Low
11942,304.83349609375,High
11943,274.9611511230469,High
11944,85.53446197509766,Low
11945,77.85486602783203,Low
11946,88.28585815429688,Low
11947,151.79840087890625,High
11948,134.3715057373047,High
11949,75.46929931640625,Low
11950,123.36597442626953,Medium
11951,181.5605010986328,High
11952,119.4466552734375,Medium
11953,81.16449737548828,Low
11954,143.93142700195312,High
11955,90.58548736572266,Low
11956,73.57750701904297,Low
11957,121.28267669677734,Medium
11958,80.86573028564453,Low
11959,221.44961547851562,High
11960,81.11357879638672,Low
11961,88.81269073486328,Low
11962,126.29533386230469,Medium
11963,114.17312622070312,Medium
11964,158.48187255859375,High
11965,78.59881591796875,Low
11966,128.19537353515625,High
11967,118.92778778076172,Medium
11968,113.72972869873047,Medium
11969,160.702880859375,High
11970,133.46340942382812,High
11971,82.24913024902344,Low
11972,137.58421325683594,High
11973,88.55789947509766,Low
11974,107.44752502441406,Medium
11975,115.88103485107422,Medium
11976,125.32675170898438,Medium
11977,113.7867431640625,Medium
11978,127.42303466796875,High
11979,195.6036376953125,High
11980,134.9954071044922,High
11981,52.99589157104492,Low
11982,123.70535278320312,Medium
11983,131.3701629638672,High
11984,105.9299545288086,Medium
11985,84.3375473022461,Low
11986,117.44942474365234,Medium
11987,114.13762664794922,Medium
11988,109.58772277832031,Medium
11989,138.57949829101562,High
11990,115.48394012451172,Medium
11991,113.49613952636719,Medium
11992,132.26463317871094,High
11993,72.65877532958984,Low
11994,86.1011962890625,Low
11995,108.99755859375,Medium
11996,198.00802612304688,High
11997,99.3992919921875,Low
11998,120.84259033203125,Medium
11999,159.3534393310547,High
12000,97.41063690185547,Low
12001,93.52320098876953,Low
12002,122.5797119140625,Medium
12003,83.72940063476562,Low
12004,81.31718444824219,Low
12005,79.3548583984375,Low
12006,61.63969802856445,Low
12007,129.76937866210938,High
12008,89.2719955444336,Low
12009,108.54671478271484,Medium
12010,261.30487060546875,High
12011,120.65764617919922,Medium
12012,87.65459442138672,Low
12013,95.08685302734375,Low
12014,133.0172576904297,High
12015,120.95738983154297,Medium
12016,127.05265045166016,Medium
12017,128.12498474121094,High
12018,98.47579956054688,Low
12019,127.83330535888672,High
12020,118.28929138183594,Medium
12021,94.19454193115234,Low
12022,100.17201232910156,Low
12023,314.6234436035156,High
12024,130.1975555419922,High
12025,77.39866638183594,Low
12026,128.42930603027344,High
12027,78.89916229248047,Low
12028,85.25446319580078,Low
12029,63.09931182861328,Low
12030,106.81404876708984,Medium
12031,165.03933715820312,High
12032,127.54432678222656,High
12033,122.21182250976562,Medium
12034,90.96249389648438,Low
12035,129.0239715576172,High
12036,100.88859558105469,Medium
12037,86.65302276611328,Low
12038,299.4716491699219,High
12039,139.57913208007812,High
12040,124.84586334228516,Medium
12041,88.94215393066406,Low
12042,104.42520141601562,Medium
12043,118.20006561279297,Medium
12044,80.89495086669922,Low
12045,107.39749908447266,Medium
12046,131.5306396484375,High
12047,126.00799560546875,Medium
12048,126.34013366699219,Medium
12049,67.53105163574219,Low
12050,86.68627166748047,Low
12051,79.5338134765625,Low
12052,159.3931884765625,High
12053,157.57449340820312,High
12054,134.76893615722656,High
12055,134.8186798095703,High
12056,98.48004150390625,Low
12057,109.78231811523438,Medium
12058,114.39874267578125,Medium
12059,111.23833465576172,Medium
12060,78.09044647216797,Low
12061,130.37008666992188,High
12062,191.5474853515625,High
12063,95.30419158935547,Low
12064,160.69374084472656,High
12065,136.8004913330078,High
12066,132.10450744628906,High
12067,98.73222351074219,Low
12068,121.33129119873047,Medium
12069,86.5242919921875,Low
12070,112.98907470703125,Medium
12071,82.68316650390625,Low
12072,86.68223571777344,Low
12073,120.86417388916016,Medium
12074,116.42581176757812,Medium
12075,80.58492279052734,Low
12076,157.48008728027344,High
12077,117.22714233398438,Medium
12078,152.04837036132812,High
12079,136.83042907714844,High
12080,94.36980438232422,Low
12081,268.523681640625,High
12082,151.66940307617188,High
12083,80.81172180175781,Low
12084,123.39443969726562,Medium
12085,94.55042266845703,Low
12086,281.759033203125,High
12087,126.56208801269531,Medium
12088,121.52754211425781,Medium
12089,96.73932647705078,Low
12090,93.62338256835938,Low
12091,126.78008270263672,Medium
12092,86.00961303710938,Low
12093,109.6618423461914,Medium
12094,136.1865692138672,High
12095,107.55805969238281,Medium
12096,111.44638061523438,Medium
12097,115.34930419921875,Medium
12098,107.64878845214844,Medium
12099,86.78982543945312,Low
12100,116.22879791259766,Medium
12101,94.06605529785156,Low
12102,88.29276275634766,Low
12103,145.21031188964844,High
12104,157.31271362304688,High
12105,314.7359313964844,High
12106,89.50979614257812,Low
12107,79.05806732177734,Low
12108,221.91555786132812,High
12109,130.05050659179688,High
12110,70.60248565673828,Low
12111,81.18290710449219,Low
12112,83.04161834716797,Low
12113,112.6668701171875,Medium
12114,126.4846420288086,Medium
12115,159.66766357421875,High
12116,140.4969482421875,High
12117,74.10462951660156,Low
12118,80.6023941040039,Low
12119,93.50193786621094,Low
12120,80.42069244384766,Low
12121,127.5472412109375,High
12122,106.55811309814453,Medium
12123,86.58073425292969,Low
12124,81.55491638183594,Low
12125,127.34207153320312,Medium
12126,135.54579162597656,High
12127,105.54439544677734,Medium
12128,88.9355239868164,Low
12129,155.22796630859375,High
12130,116.50127410888672,Medium
12131,207.2487030029297,High
12132,213.9602508544922,High
12133,91.95289611816406,Low
12134,91.61827850341797,Low
12135,348.9996032714844,High
12136,121.00582885742188,Medium
12137,119.74592590332031,Medium
12138,111.16918182373047,Medium
12139,129.3646240234375,High
12140,88.72863006591797,Low
12141,100.00776672363281,Low
12142,155.59078979492188,High
12143,123.84452056884766,Medium
12144,128.63182067871094,High
12145,136.1865692138672,High
12146,159.5325927734375,High
12147,232.04928588867188,High
12148,95.65678405761719,Low
12149,115.19911193847656,Medium
12150,123.2459716796875,Medium
12151,127.57913970947266,High
12152,108.18128204345703,Medium
12153,115.56684112548828,Medium
12154,118.56233978271484,Medium
12155,213.75230407714844,High
12156,75.3804931640625,Low
12157,130.59921264648438,High
12158,67.4854507446289,Low
12159,119.18421173095703,Medium
12160,189.3770294189453,High
12161,78.80225372314453,Low
12162,76.0788803100586,Low
12163,103.89881896972656,Medium
12164,84.2874984741211,Low
12165,87.38526916503906,Low
12166,144.1104736328125,High
12167,138.6719207763672,High
12168,89.06855773925781,Low
12169,87.69122314453125,Low
12170,184.16415405273438,High
12171,83.88316345214844,Low
12172,142.52593994140625,High
12173,59.01227569580078,Low
12174,122.18842315673828,Medium
12175,103.39805603027344,Medium
12176,95.92430877685547,Low
12177,90.81694030761719,Low
12178,108.14244079589844,Medium
12179,97.17395782470703,Low
12180,71.98313903808594,Low
12181,116.76338958740234,Medium
12182,119.05616760253906,Medium
12183,139.4829559326172,High
12184,197.00485229492188,High
12185,112.96504974365234,Medium
12186,147.41561889648438,High
12187,85.9105224609375,Low
12188,93.30709075927734,Low
12189,121.07232666015625,Medium
12190,123.11581420898438,Medium
12191,122.5338134765625,Medium
12192,131.55142211914062,High
12193,122.8436508178711,Medium
12194,80.97885131835938,Low
12195,80.41256713867188,Low
12196,74.40184020996094,Low
12197,113.13843536376953,Medium
12198,110.89913940429688,Medium
12199,123.37218475341797,Medium
12200,124.25626373291016,Medium
12201,160.7484893798828,High
12202,110.51721954345703,Medium
12203,136.4099578857422,High
12204,116.26947021484375,Medium
12205,110.730712890625,Medium
12206,131.54454040527344,High
12207,66.20356750488281,Low
12208,123.31477355957031,Medium
12209,119.34676361083984,Medium
12210,83.70883178710938,Low
12211,111.92273712158203,Medium
12212,119.55573272705078,Medium
12213,99.71231842041016,Low
12214,132.6201629638672,High
12215,203.7394561767578,High
12216,101.17538452148438,Medium
12217,128.5345458984375,High
12218,76.88026428222656,Low
12219,126.92684173583984,Medium
12220,98.4703140258789,Low
12221,118.20006561279297,Medium
12222,57.94270706176758,Low
12223,139.72601318359375,High
12224,77.49917602539062,Low
12225,98.52738189697266,Low
12226,81.99610137939453,Low
12227,89.93843841552734,Low
12228,107.65489196777344,Medium
12229,91.51757049560547,Low
12230,111.89945220947266,Medium
12231,131.76943969726562,High
12232,82.08458709716797,Low
12233,128.07208251953125,High
12234,123.90325164794922,Medium
12235,121.65511322021484,Medium
12236,144.55230712890625,High
12237,92.1964340209961,Low
12238,104.6553955078125,Medium
12239,134.15115356445312,High
12240,60.34304428100586,Low
12241,93.3304443359375,Low
12242,110.19466400146484,Medium
12243,133.8302764892578,High
12244,149.562255859375,High
12245,161.57711791992188,High
12246,130.50918579101562,High
12247,59.01689147949219,Low
12248,128.93942260742188,High
12249,64.524169921875,Low
12250,215.4243621826172,High
12251,133.40814208984375,High
12252,89.35761260986328,Low
12253,119.0136489868164,Medium
12254,91.19439697265625,Low
12255,64.82865142822266,Low
12256,105.29729461669922,Medium
12257,96.73989868164062,Low
12258,100.77000427246094,Medium
12259,139.81695556640625,High
12260,101.96524810791016,Medium
12261,144.55319213867188,High
12262,96.93585205078125,Low
12263,114.06491088867188,Medium
12264,73.60150909423828,Low
12265,70.47306060791016,Low
12266,101.83866119384766,Medium
12267,143.80540466308594,High
12268,100.3408203125,Low
12269,148.51426696777344,High
12270,88.10801696777344,Low
12271,124.9600830078125,Medium
12272,135.5692596435547,High
12273,169.0041961669922,High
12274,65.2107925415039,Low
12275,101.16858673095703,Medium
12276,136.89492797851562,High
12277,133.1814727783203,High
12278,144.74803161621094,High
12279,97.92786407470703,Low
12280,137.00634765625,High
12281,165.45668029785156,High
12282,102.0137710571289,Medium
12283,260.4410400390625,High
12284,162.95436096191406,High
12285,177.88511657714844,High
12286,156.048828125,High
12287,59.76082992553711,Low
12288,133.66586303710938,High
12289,91.11956024169922,Low
12290,158.6708221435547,High
12291,82.32022857666016,Low
12292,64.52078247070312,Low
12293,122.04546356201172,Medium
12294,249.7899932861328,High
12295,134.77139282226562,High
12296,151.3231658935547,High
12297,84.8442611694336,Low
12298,131.56396484375,High
12299,219.9806365966797,High
12300,218.57337951660156,High
12301,178.2781219482422,High
12302,84.1561279296875,Low
12303,119.913818359375,Medium
12304,126.51197814941406,Medium
12305,119.12454986572266,Medium
12306,104.25928497314453,Medium
12307,79.27073669433594,Low
12308,121.41658782958984,Medium
12309,68.66770935058594,Low
12310,124.40853118896484,Medium
12311,75.19577026367188,Low
12312,133.04661560058594,High
12313,138.65771484375,High
12314,111.55848693847656,Medium
12315,72.33585357666016,Low
12316,109.38773345947266,Medium
12317,171.90245056152344,High
12318,126.55512237548828,Medium
12319,123.16790008544922,Medium
12320,88.45074462890625,Low
12321,74.45052337646484,Low
12322,79.95323944091797,Low
12323,102.79891967773438,Medium
12324,150.26022338867188,High
12325,101.95365142822266,Medium
12326,131.85031127929688,High
12327,204.5842742919922,High
12328,82.12570190429688,Low
12329,122.17229461669922,Medium
12330,97.45695495605469,Low
12331,129.21902465820312,High
12332,78.54403686523438,Low
12333,137.00634765625,High
12334,117.89336395263672,Medium
12335,114.27379608154297,Medium
12336,68.75659942626953,Low
12337,179.87965393066406,High
12338,126.1310806274414,Medium
12339,101.66197967529297,Medium
12340,95.52247619628906,Low
12341,128.8852081298828,High
12342,92.621826171875,Low
12343,146.07479858398438,High
12344,114.8053207397461,Medium
12345,82.00627136230469,Low
12346,161.8450164794922,High
12347,211.89024353027344,High
12348,213.42140197753906,High
12349,126.84809875488281,Medium
12350,124.08470153808594,Medium
12351,75.96223449707031,Low
12352,75.10576629638672,Low
12353,146.44895935058594,High
12354,147.92111206054688,High
12355,146.9108428955078,High
12356,83.99749755859375,Low
12357,98.45912170410156,Low
12358,196.8426513671875,High
12359,60.253753662109375,Low
12360,117.18025207519531,Medium
12361,106.89601135253906,Medium
12362,132.14027404785156,High
12363,93.0689468383789,Low
12364,104.584716796875,Medium
12365,88.16592407226562,Low
12366,121.07250213623047,Medium
12367,89.29190826416016,Low
12368,76.5268325805664,Low
12369,150.45510864257812,High
12370,120.19232177734375,Medium
12371,133.40814208984375,High
12372,123.84452056884766,Medium
12373,147.87939453125,High
12374,74.79006958007812,Low
12375,129.70382690429688,High
12376,178.5992431640625,High
12377,106.56363677978516,Medium
12378,124.50442504882812,Medium
12379,92.28697967529297,Low
12380,90.0240478515625,Low
12381,104.4891128540039,Medium
12382,125.28845977783203,Medium
12383,137.00634765625,High
12384,75.24555969238281,Low
12385,67.06658172607422,Low
12386,95.77916717529297,Low
12387,130.8273468017578,High
12388,99.84524536132812,Low
12389,133.3382568359375,High
12390,102.34504699707031,Medium
12391,115.39715576171875,Medium
12392,168.9530487060547,High
12393,155.20712280273438,High
12394,96.47247314453125,Low
12395,140.37078857421875,High
12396,318.93798828125,High
12397,91.54560852050781,Low
12398,99.00922393798828,Low
12399,116.15177154541016,Medium
12400,122.74927520751953,Medium
12401,309.9293212890625,High
12402,138.45945739746094,High
12403,75.07353210449219,Low
12404,152.46640014648438,High
12405,91.69971466064453,Low
12406,118.92778778076172,Medium
12407,85.43243408203125,Low
12408,126.2571029663086,Medium
12409,78.08905792236328,Low
12410,142.45880126953125,High
12411,78.8897705078125,Low
12412,128.5345458984375,High
12413,121.9359359741211,Medium
12414,135.1062774658203,High
12415,219.41920471191406,High
12416,73.53218841552734,Low
12417,141.03627014160156,High
12418,133.3758544921875,High
12419,126.34013366699219,Medium
12420,128.63182067871094,High
12421,118.1796875,Medium
12422,136.49632263183594,High
12423,180.5260009765625,High
12424,83.73098754882812,Low
12425,66.3428726196289,Low
12426,140.35882568359375,High
12427,120.6648178100586,Medium
12428,120.58547973632812,Medium
12429,68.2938232421875,Low
12430,76.0197982788086,Low
12431,161.5074462890625,High
12432,108.02139282226562,Medium
12433,113.84439849853516,Medium
12434,73.11207580566406,Low
12435,122.70648193359375,Medium
12436,112.63434600830078,Medium
12437,107.84761047363281,Medium
12438,103.50053405761719,Medium
12439,123.31477355957031,Medium
12440,117.7636947631836,Medium
12441,89.65901947021484,Low
12442,115.5042724609375,Medium
12443,97.96234130859375,Low
12444,78.9335708618164,Low
12445,86.57234954833984,Low
12446,79.2012710571289,Low
12447,93.49617767333984,Low
12448,140.1515655517578,High
12449,130.85403442382812,High
12450,131.12892150878906,High
12451,77.33633422851562,Low
12452,79.9222183227539,Low
12453,117.96270751953125,Medium
12454,92.48079681396484,Low
12455,155.3846893310547,High
12456,144.51065063476562,High
12457,81.52275085449219,Low
12458,118.45417785644531,Medium
12459,141.42161560058594,High
12460,107.38287353515625,Medium
12461,142.91603088378906,High
12462,99.21989440917969,Low
12463,100.9794692993164,Medium
12464,252.69839477539062,High
12465,78.86853790283203,Low
12466,86.98995971679688,Low
12467,80.96365356445312,Low
12468,249.39010620117188,High
12469,59.668033599853516,Low
12470,114.80548858642578,Medium
12471,117.63322448730469,Medium
12472,121.0986328125,Medium
12473,236.45068359375,High
12474,120.87149047851562,Medium
12475,128.39816284179688,High
12476,121.54313659667969,Medium
12477,88.84207153320312,Low
12478,110.84134674072266,Medium
12479,144.4302520751953,High
12480,94.67343139648438,Low
12481,218.8002471923828,High
12482,173.68795776367188,High
12483,128.13848876953125,High
12484,63.07646560668945,Low
12485,262.8498229980469,High
12486,69.72461700439453,Low
12487,111.80773162841797,Medium
12488,136.5420379638672,High
12489,95.62648010253906,Low
12490,144.30270385742188,High
12491,79.54347229003906,Low
12492,132.47824096679688,High
12493,147.65538024902344,High
12494,111.4882583618164,Medium
12495,123.43370819091797,Medium
12496,79.64746856689453,Low
12497,152.98561096191406,High
12498,120.55370330810547,Medium
12499,87.67144775390625,Low
12500,116.22681427001953,Medium
12501,124.20560455322266,Medium
12502,155.16952514648438,High
12503,115.96578979492188,Medium
12504,95.09779357910156,Low
12505,126.53426361083984,Medium
12506,140.8460235595703,High
12507,177.80682373046875,High
12508,135.8585662841797,High
12509,97.76084899902344,Low
12510,99.24366760253906,Low
12511,117.59962463378906,Medium
12512,137.61134338378906,High
12513,75.93656921386719,Low
12514,74.72724151611328,Low
12515,88.5600357055664,Low
12516,88.70915985107422,Low
12517,124.93675231933594,Medium
12518,135.6939239501953,High
12519,123.90325164794922,Medium
12520,93.67947387695312,Low
12521,91.43126678466797,Low
12522,245.7406005859375,High
12523,79.53319549560547,Low
12524,97.8382568359375,Low
12525,138.2808074951172,High
12526,147.72052001953125,High
12527,99.95906829833984,Low
12528,124.99871826171875,Medium
12529,92.15188598632812,Low
12530,113.81678009033203,Medium
12531,81.79798889160156,Low
12532,133.79766845703125,High
12533,121.20549011230469,Medium
12534,116.46489715576172,Medium
12535,127.85352325439453,High
12536,104.235107421875,Medium
12537,132.53016662597656,High
12538,172.94503784179688,High
12539,141.63673400878906,High
12540,104.05001068115234,Medium
12541,63.06692123413086,Low
12542,152.21482849121094,High
12543,153.1267852783203,High
12544,165.4932861328125,High
12545,92.3456802368164,Low
12546,69.13349151611328,Low
12547,125.46672058105469,Medium
12548,126.1562728881836,Medium
12549,118.47148132324219,Medium
12550,69.39771270751953,Low
12551,135.91165161132812,High
12552,149.79241943359375,High
12553,92.52300262451172,Low
12554,55.316307067871094,Low
12555,200.59060668945312,High
12556,152.87948608398438,High
12557,91.00782775878906,Low
12558,127.54676055908203,High
12559,109.54671478271484,Medium
12560,113.34291076660156,Medium
12561,124.4662094116211,Medium
12562,76.63594055175781,Low
12563,234.40029907226562,High
12564,77.73478698730469,Low
12565,105.74212646484375,Medium
12566,123.31522369384766,Medium
12567,77.3235855102539,Low
12568,127.46087646484375,High
12569,74.24565887451172,Low
12570,100.69932556152344,Medium
12571,103.1274642944336,Medium
12572,221.8073272705078,High
12573,129.05007934570312,High
12574,77.94873046875,Low
12575,107.9625473022461,Medium
12576,131.02783203125,High
12577,120.6648178100586,Medium
12578,122.12678527832031,Medium
12579,78.23566436767578,Low
12580,132.26084899902344,High
12581,107.8497314453125,Medium
12582,129.515869140625,High
12583,129.41421508789062,High
12584,78.1532211303711,Low
12585,97.02655029296875,Low
12586,70.79951477050781,Low
12587,76.89884185791016,Low
12588,109.79804992675781,Medium
12589,99.71455383300781,Low
12590,125.73197174072266,Medium
12591,109.59992218017578,Medium
12592,95.79605865478516,Low
12593,126.65086364746094,Medium
12594,116.96417236328125,Medium
12595,121.9888916015625,Medium
12596,78.2977523803711,Low
12597,117.68426513671875,Medium
12598,146.36932373046875,High
12599,100.89886474609375,Medium
12600,144.35064697265625,High
12601,120.21844482421875,Medium
12602,118.79972076416016,Medium
12603,109.93904113769531,Medium
12604,119.70980072021484,Medium
12605,98.72178649902344,Low
12606,81.88256072998047,Low
12607,132.26463317871094,High
12608,78.4130859375,Low
12609,153.2728271484375,High
12610,97.29126739501953,Low
12611,76.31532287597656,Low
12612,107.98432922363281,Medium
12613,106.30358123779297,Medium
12614,94.31424713134766,Low
12615,126.65046691894531,Medium
12616,168.10958862304688,High
12617,117.60885620117188,Medium
12618,184.9870147705078,High
12619,106.06556701660156,Medium
12620,177.64105224609375,High
12621,112.56909942626953,Medium
12622,140.94119262695312,High
12623,83.37337493896484,Low
12624,67.87718200683594,Low
12625,112.83065032958984,Medium
12626,81.5977554321289,Low
12627,96.080078125,Low
12628,142.23886108398438,High
12629,135.09877014160156,High
12630,87.79763793945312,Low
12631,104.98838806152344,Medium
12632,115.43092346191406,Medium
12633,141.21929931640625,High
12634,125.48748016357422,Medium
12635,165.60987854003906,High
12636,88.56976318359375,Low
12637,119.4902572631836,Medium
12638,119.05767059326172,Medium
12639,113.58971405029297,Medium
12640,128.19537353515625,High
12641,176.49537658691406,High
12642,132.025390625,High
12643,95.70059204101562,Low
12644,65.88268280029297,Low
12645,116.08492279052734,Medium
12646,71.62467956542969,Low
12647,107.98554229736328,Medium
12648,98.33744812011719,Low
12649,180.01368713378906,High
12650,115.2897720336914,Medium
12651,239.14723205566406,High
12652,126.34013366699219,Medium
12653,102.42312622070312,Medium
12654,146.3344268798828,High
12655,123.54619598388672,Medium
12656,100.86941528320312,Medium
12657,139.36941528320312,High
12658,119.30381774902344,Medium
12659,67.57623291015625,Low
12660,112.25643157958984,Medium
12661,75.15101623535156,Low
12662,105.76280975341797,Medium
12663,88.85371398925781,Low
12664,122.70060729980469,Medium
12665,127.32356262207031,Medium
12666,87.05401611328125,Low
12667,83.98700714111328,Low
12668,114.67446899414062,Medium
12669,198.2449951171875,High
12670,110.69074249267578,Medium
12671,117.63517761230469,Medium
12672,186.82656860351562,High
12673,137.83108520507812,High
12674,105.59261322021484,Medium
12675,152.54473876953125,High
12676,83.50010681152344,Low
12677,114.10446166992188,Medium
12678,119.40950012207031,Medium
12679,109.73818969726562,Medium
12680,168.3561248779297,High
12681,246.8754425048828,High
12682,119.4902572631836,Medium
12683,112.89398193359375,Medium
12684,59.117408752441406,Low
12685,120.65764617919922,Medium
12686,117.6512451171875,Medium
12687,122.74012756347656,Medium
12688,115.97864532470703,Medium
12689,112.27272033691406,Medium
12690,103.44650268554688,Medium
12691,234.61529541015625,High
12692,103.29933166503906,Medium
12693,115.39669036865234,Medium
12694,139.4136199951172,High
12695,110.81505584716797,Medium
12696,101.4302978515625,Medium
12697,77.42321014404297,Low
12698,98.09233856201172,Low
12699,140.4969482421875,High
12700,80.76360321044922,Low
12701,58.6756477355957,Low
12702,73.54783630371094,Low
12703,71.78702545166016,Low
12704,109.864501953125,Medium
12705,120.51197052001953,Medium
12706,124.23542785644531,Medium
12707,152.39430236816406,High
12708,139.7802276611328,High
12709,72.78395080566406,Low
12710,128.19537353515625,High
12711,81.72042083740234,Low
12712,157.12509155273438,High
12713,140.0471649169922,High
12714,81.41758728027344,Low
12715,119.09832000732422,Medium
12716,106.30213928222656,Medium
12717,121.03591918945312,Medium
12718,123.90325164794922,Medium
12719,156.7713623046875,High
12720,112.84228515625,Medium
12721,104.86827850341797,Medium
12722,118.56949615478516,Medium
12723,81.67925262451172,Low
12724,118.42740631103516,Medium
12725,121.81208801269531,Medium
12726,109.94631958007812,Medium
12727,222.32720947265625,High
12728,74.75098419189453,Low
12729,112.27272033691406,Medium
12730,110.38252258300781,Medium
12731,118.97474670410156,Medium
12732,91.9996337890625,Low
12733,73.56668853759766,Low
12734,118.32453155517578,Medium
12735,100.97570037841797,Medium
12736,113.87322998046875,Medium
12737,192.30088806152344,High
12738,103.27851104736328,Medium
12739,156.86708068847656,High
12740,118.814453125,Medium
12741,77.49556732177734,Low
12742,84.07061767578125,Low
12743,118.30584716796875,Medium
12744,122.21551513671875,Medium
12745,82.13519287109375,Low
12746,138.37197875976562,High
12747,79.74575805664062,Low
12748,109.51805114746094,Medium
12749,113.57429504394531,Medium
12750,114.59146881103516,Medium
12751,122.30564880371094,Medium
12752,173.43701171875,High
12753,103.9382095336914,Medium
12754,126.27635955810547,Medium
12755,146.24986267089844,High
12756,132.55819702148438,High
12757,79.73011779785156,Low
12758,125.3759536743164,Medium
12759,113.88318634033203,Medium
12760,119.29133605957031,Medium
12761,57.60826110839844,Low
12762,126.22819519042969,Medium
12763,131.74050903320312,High
12764,78.76209259033203,Low
12765,147.5003204345703,High
12766,100.05573272705078,Low
12767,130.0575408935547,High
12768,81.50296783447266,Low
12769,92.88170623779297,Low
12770,118.20895385742188,Medium
12771,76.23890686035156,Low
12772,122.53811645507812,Medium
12773,79.57270812988281,Low
12774,88.13467407226562,Low
12775,206.4896240234375,High
12776,94.00141906738281,Low
12777,83.05934143066406,Low
12778,196.55303955078125,High
12779,122.7359390258789,Medium
12780,117.82897186279297,Medium
12781,89.74498748779297,Low
12782,160.14918518066406,High
12783,70.76869201660156,Low
12784,124.02558135986328,Medium
12785,148.6421661376953,High
12786,74.63043975830078,Low
12787,73.3016128540039,Low
12788,96.02532196044922,Low
12789,116.08492279052734,Medium
12790,108.89087677001953,Medium
12791,143.39822387695312,High
12792,89.72076416015625,Low
12793,105.9533920288086,Medium
12794,58.077171325683594,Low
12795,122.93256378173828,Medium
12796,68.09984588623047,Low
12797,95.13961791992188,Low
12798,140.88671875,High
12799,137.58421325683594,High
12800,159.10430908203125,High
12801,142.1189422607422,High
12802,105.54623413085938,Medium
12803,82.75698852539062,Low
12804,129.9738311767578,High
12805,127.14449310302734,Medium
12806,98.73402404785156,Low
12807,134.8194580078125,High
12808,111.54389190673828,Medium
12809,83.77349853515625,Low
12810,58.40565490722656,Low
12811,80.58812713623047,Low
12812,114.82664489746094,Medium
12813,68.76956176757812,Low
12814,121.9581298828125,Medium
12815,115.00968170166016,Medium
12816,202.07452392578125,High
12817,133.63546752929688,High
12818,83.01596069335938,Low
12819,101.7550277709961,Medium
12820,59.86069869995117,Low
12821,79.91586303710938,Low
12822,104.65884399414062,Medium
12823,170.92025756835938,High
12824,95.27783966064453,Low
12825,130.152587890625,High
12826,126.10745239257812,Medium
12827,150.96560668945312,High
12828,195.60708618164062,High
12829,115.00926971435547,Medium
12830,136.99441528320312,High
12831,50.51218795776367,Low
12832,112.95958709716797,Medium
12833,117.56037139892578,Medium
12834,174.20416259765625,High
12835,117.37783813476562,Medium
12836,114.25759887695312,Medium
12837,90.67436981201172,Low
12838,105.45392608642578,Medium
12839,194.9369659423828,High
12840,133.1996612548828,High
12841,131.55377197265625,High
12842,120.04707336425781,Medium
12843,294.3160705566406,High
12844,71.79840850830078,Low
12845,103.39654541015625,Medium
12846,120.66539764404297,Medium
12847,121.95096588134766,Medium
12848,105.54051208496094,Medium
12849,118.41301727294922,Medium
12850,91.04158020019531,Low
12851,98.34526062011719,Low
12852,84.91192626953125,Low
12853,351.1302490234375,High
12854,136.61819458007812,High
12855,76.37651824951172,Low
12856,87.9775619506836,Low
12857,140.1920166015625,High
12858,125.4819564819336,Medium
12859,87.01689910888672,Low
12860,85.16423797607422,Low
12861,85.85408020019531,Low
12862,94.33223724365234,Low
12863,86.55220794677734,Low
12864,142.07369995117188,High
12865,90.7547607421875,Low
12866,70.18966674804688,Low
12867,62.87742614746094,Low
12868,98.02804565429688,Low
12869,112.96504974365234,Medium
12870,150.2406463623047,High
12871,123.84452056884766,Medium
12872,119.4902572631836,Medium
12873,126.22819519042969,Medium
12874,234.42904663085938,High
12875,245.53932189941406,High
12876,133.45054626464844,High
12877,62.11873245239258,Low
12878,89.5649642944336,Low
12879,62.67142868041992,Low
12880,126.7949447631836,Medium
12881,111.85662841796875,Medium
12882,225.1207275390625,High
12883,83.88802337646484,Low
12884,133.5260467529297,High
12885,106.78546905517578,Medium
12886,88.70543670654297,Low
12887,159.89468383789062,High
12888,57.241233825683594,Low
12889,70.24991607666016,Low
12890,112.23441314697266,Medium
12891,82.19084930419922,Low
12892,159.1815185546875,High
12893,137.81869506835938,High
12894,247.0142364501953,High
12895,151.34388732910156,High
12896,98.16022491455078,Low
12897,100.71826934814453,Medium
12898,94.705322265625,Low
12899,139.82498168945312,High
12900,101.81057739257812,Medium
12901,87.6738510131836,Low
12902,123.10065460205078,Medium
12903,79.85750579833984,Low
12904,123.90325164794922,Medium
12905,96.08675384521484,Low
12906,127.54432678222656,High
12907,119.00031280517578,Medium
12908,114.48703002929688,Medium
12909,139.14195251464844,High
12910,68.75975799560547,Low
12911,110.97931671142578,Medium
12912,87.54713439941406,Low
12913,137.88986206054688,High
12914,83.10972595214844,Low
12915,104.7555923461914,Medium
12916,247.40499877929688,High
12917,63.43975830078125,Low
12918,130.060546875,High
12919,122.7359390258789,Medium
12920,83.56710052490234,Low
12921,134.67518615722656,High
12922,106.17902374267578,Medium
12923,79.97786712646484,Low
12924,100.10089874267578,Low
12925,133.9711151123047,High
12926,117.24141693115234,Medium
12927,118.79792785644531,Medium
12928,96.8751220703125,Low
12929,100.67680358886719,Medium
12930,131.04296875,High
12931,128.39561462402344,High
12932,120.28812408447266,Medium
12933,141.59075927734375,High
12934,152.33494567871094,High
12935,90.54683685302734,Low
12936,122.38721466064453,Medium
12937,102.04784393310547,Medium
12938,111.67949676513672,Medium
12939,178.48350524902344,High
12940,82.9515380859375,Low
12941,94.65864562988281,Low
12942,110.90656280517578,Medium
12943,143.66915893554688,High
12944,119.8142318725586,Medium
12945,160.99082946777344,High
12946,136.114013671875,High
12947,92.81153106689453,Low
12948,79.63926696777344,Low
12949,77.13493347167969,Low
12950,70.30516815185547,Low
12951,106.63545989990234,Medium
12952,61.18441390991211,Low
12953,70.83506774902344,Low
12954,148.16790771484375,High
12955,112.63600158691406,Medium
12956,123.11980438232422,Medium
12957,129.85108947753906,High
12958,118.20006561279297,Medium
12959,95.47698974609375,Low
12960,108.20069122314453,Medium
12961,80.40534210205078,Low
12962,128.903076171875,High
12963,130.25051879882812,High
12964,100.75752258300781,Medium
12965,115.78681945800781,Medium
12966,117.40638732910156,Medium
12967,232.63629150390625,High
12968,156.85972595214844,High
12969,71.62740325927734,Low
12970,149.8780975341797,High
12971,115.19036865234375,Medium
12972,105.46815490722656,Medium
12973,75.90586853027344,Low
12974,153.99725341796875,High
12975,121.45729064941406,Medium
12976,196.94146728515625,High
12977,83.20848846435547,Low
12978,92.39749908447266,Low
12979,110.90656280517578,Medium
12980,72.31198120117188,Low
12981,127.34345245361328,Medium
12982,106.40804290771484,Medium
12983,100.45578002929688,Low
12984,182.82400512695312,High
12985,102.02001953125,Medium
12986,141.03627014160156,High
12987,120.33891296386719,Medium
12988,151.7971649169922,High
12989,78.56849670410156,Low
12990,110.3105697631836,Medium
12991,126.27507019042969,Medium
12992,141.1692352294922,High
12993,121.05823516845703,Medium
12994,135.97036743164062,High
12995,85.41397857666016,Low
12996,127.54432678222656,High
12997,102.68152618408203,Medium
12998,112.2739028930664,Medium
12999,104.56752014160156,Medium
13000,112.75008392333984,Medium
13001,92.6878662109375,Low
13002,161.03433227539062,High
13003,109.07259368896484,Medium
13004,97.27660369873047,Low
13005,76.21055603027344,Low
13006,70.16879272460938,Low
13007,125.22159576416016,Medium
13008,189.3281707763672,High
13009,96.9212646484375,Low
13010,134.9954071044922,High
13011,142.67919921875,High
13012,133.66586303710938,High
13013,83.1726303100586,Low
13014,258.68145751953125,High
13015,99.51736450195312,Low
13016,93.78892517089844,Low
13017,148.1200408935547,High
13018,81.84716796875,Low
13019,126.22819519042969,Medium
13020,81.4527359008789,Low
13021,120.87149047851562,Medium
13022,109.61874389648438,Medium
13023,102.88470458984375,Medium
13024,136.34388732910156,High
13025,102.8233413696289,Medium
13026,113.71134948730469,Medium
13027,117.40638732910156,Medium
13028,162.68405151367188,High
13029,104.07805633544922,Medium
13030,90.11692810058594,Low
13031,133.5637969970703,High
13032,124.54517364501953,Medium
13033,77.75218963623047,Low
13034,109.29550170898438,Medium
13035,98.85321807861328,Low
13036,137.97413635253906,High
13037,103.89077758789062,Medium
13038,260.80096435546875,High
13039,108.06085968017578,Medium
13040,129.35617065429688,High
13041,72.42594146728516,Low
13042,103.79885864257812,Medium
13043,102.01506805419922,Medium
13044,108.68926239013672,Medium
13045,74.29020690917969,Low
13046,211.64752197265625,High
13047,97.02655029296875,Low
13048,183.6604766845703,High
13049,143.16539001464844,High
13050,108.23080444335938,Medium
13051,118.39730072021484,Medium
13052,116.41510009765625,Medium
13053,94.64833068847656,Low
13054,56.22868728637695,Low
13055,117.57533264160156,Medium
13056,127.56705474853516,High
13057,123.2459716796875,Medium
13058,126.09066009521484,Medium
13059,114.49337005615234,Medium
13060,77.95331573486328,Low
13061,118.30584716796875,Medium
13062,113.18494415283203,Medium
13063,123.43370819091797,Medium
13064,67.2120590209961,Low
13065,83.02890014648438,Low
13066,78.96428680419922,Low
13067,100.15699005126953,Low
13068,103.52134704589844,Medium
13069,104.6226806640625,Medium
13070,141.58447265625,High
13071,121.45729064941406,Medium
13072,76.23323822021484,Low
13073,120.6648178100586,Medium
13074,102.78437042236328,Medium
13075,88.74325561523438,Low
13076,111.28428649902344,Medium
13077,118.69725036621094,Medium
13078,116.32267761230469,Medium
13079,151.2589111328125,High
13080,91.20227813720703,Low
13081,291.19696044921875,High
13082,318.74517822265625,High
13083,59.464637756347656,Low
13084,149.27218627929688,High
13085,144.1204376220703,High
13086,167.71743774414062,High
13087,77.98029327392578,Low
13088,110.9379653930664,Medium
13089,144.7886505126953,High
13090,123.11581420898438,Medium
13091,137.1678924560547,High
13092,75.76659393310547,Low
13093,95.31732940673828,Low
13094,73.19916534423828,Low
13095,127.54432678222656,High
13096,79.1857681274414,Low
13097,157.94613647460938,High
13098,62.29024887084961,Low
13099,153.93524169921875,High
13100,121.67656707763672,Medium
13101,82.64005279541016,Low
13102,136.19667053222656,High
13103,83.40055084228516,Low
13104,104.88816833496094,Medium
13105,160.06724548339844,High
13106,99.4253921508789,Low
13107,126.68376159667969,Medium
13108,117.74598693847656,Medium
13109,127.14395904541016,Medium
13110,102.7866439819336,Medium
13111,147.9571533203125,High
13112,136.5420379638672,High
13113,98.69049835205078,Low
13114,142.90005493164062,High
13115,120.87149047851562,Medium
13116,80.34517669677734,Low
13117,103.53623962402344,Medium
13118,143.66915893554688,High
13119,154.748046875,High
13120,90.93480682373047,Low
13121,101.06964111328125,Medium
13122,85.13089752197266,Low
13123,115.88056945800781,Medium
13124,139.1943817138672,High
13125,100.01065063476562,Low
13126,106.29891967773438,Medium
13127,97.63508605957031,Low
13128,147.30740356445312,High
13129,159.94573974609375,High
13130,118.45838928222656,Medium
13131,135.0894012451172,High
13132,74.41093444824219,Low
13133,119.8767318725586,Medium
13134,71.12109375,Low
13135,117.40638732910156,Medium
13136,79.28372192382812,Low
13137,77.86891174316406,Low
13138,165.7723388671875,High
13139,116.80364990234375,Medium
13140,93.79993438720703,Low
13141,96.46748352050781,Low
13142,137.8385009765625,High
13143,156.8436737060547,High
13144,214.0449676513672,High
13145,117.70196533203125,Medium
13146,146.47789001464844,High
13147,193.45330810546875,High
13148,179.6742706298828,High
13149,132.80430603027344,High
13150,322.75885009765625,High
13151,111.90438842773438,Medium
13152,101.89688110351562,Medium
13153,138.16859436035156,High
13154,102.2311782836914,Medium
13155,123.43370819091797,Medium
13156,126.5679702758789,Medium
13157,87.8947525024414,Low
13158,113.56147003173828,Medium
13159,130.76385498046875,High
13160,100.23716735839844,Low
13161,144.9898681640625,High
13162,94.56675720214844,Low
13163,90.94322204589844,Low
13164,98.53501892089844,Low
13165,133.9711151123047,High
13166,125.13993835449219,Medium
13167,95.87710571289062,Low
13168,97.53833770751953,Low
13169,124.31769561767578,Medium
13170,124.95823669433594,Medium
13171,100.52413940429688,Low
13172,83.14080047607422,Low
13173,121.29717254638672,Medium
13174,148.09951782226562,High
13175,142.5582733154297,High
13176,96.35845184326172,Low
13177,115.91812896728516,Medium
13178,151.47998046875,High
13179,97.12165069580078,Low
13180,100.12117767333984,Low
13181,72.61356353759766,Low
13182,89.87715911865234,Low
13183,123.46930694580078,Medium
13184,190.20611572265625,High
13185,71.24443817138672,Low
13186,94.34044647216797,Low
13187,174.1492156982422,High
13188,116.3120346069336,Medium
13189,121.75301361083984,Medium
13190,86.25361633300781,Low
13191,128.19537353515625,High
13192,142.46986389160156,High
13193,92.80526733398438,Low
13194,99.45946502685547,Low
13195,106.22127532958984,Medium
13196,109.93904113769531,Medium
13197,128.19537353515625,High
13198,135.01461791992188,High
13199,121.41537475585938,Medium
13200,72.14440155029297,Low
13201,94.94782257080078,Low
13202,170.25390625,High
13203,124.25626373291016,Medium
13204,61.4809684753418,Low
13205,80.10540008544922,Low
13206,65.03336334228516,Low
13207,75.03282928466797,Low
13208,248.19070434570312,High
13209,55.91636276245117,Low
13210,114.16473388671875,Medium
13211,133.4116668701172,High
13212,144.75546264648438,High
13213,113.44671630859375,Medium
13214,125.56158447265625,Medium
13215,132.28292846679688,High
13216,110.78936767578125,Medium
13217,114.79642486572266,Medium
13218,144.2005615234375,High
13219,91.96826171875,Low
13220,233.26161193847656,High
13221,102.63581848144531,Medium
13222,130.25051879882812,High
13223,99.36914825439453,Low
13224,149.83599853515625,High
13225,168.8181610107422,High
13226,106.6955795288086,Medium
13227,124.385986328125,Medium
13228,147.05088806152344,High
13229,122.36973571777344,Medium
13230,83.7844009399414,Low
13231,82.54427337646484,Low
13232,77.30908203125,Low
13233,126.34013366699219,Medium
13234,53.18210983276367,Low
13235,121.78264617919922,Medium
13236,130.12744140625,High
13237,125.1733627319336,Medium
13238,91.84496307373047,Low
13239,123.89678955078125,Medium
13240,100.00963592529297,Low
13241,175.96435546875,High
13242,61.29688262939453,Low
13243,67.20161437988281,Low
13244,120.80014038085938,Medium
13245,58.07281494140625,Low
13246,114.14153289794922,Medium
13247,141.9822235107422,High
13248,133.05796813964844,High
13249,114.41240692138672,Medium
13250,117.96682739257812,Medium
13251,317.07025146484375,High
13252,122.7359390258789,Medium
13253,79.08292388916016,Low
13254,137.8385009765625,High
13255,96.59664154052734,Low
13256,137.00634765625,High
13257,154.8943328857422,High
13258,117.43341064453125,Medium
13259,124.97554016113281,Medium
13260,128.74359130859375,High
13261,103.40725708007812,Medium
13262,131.25706481933594,High
13263,95.0602798461914,Low
13264,133.10533142089844,High
13265,162.9813995361328,High
13266,120.91803741455078,Medium
13267,121.0986328125,Medium
13268,368.1786804199219,High
13269,253.1642303466797,High
13270,135.97036743164062,High
13271,170.6256103515625,High
13272,133.9895782470703,High
13273,201.4994354248047,High
13274,97.81028747558594,Low
13275,133.40814208984375,High
13276,136.32351684570312,High
13277,114.82603454589844,Medium
13278,160.92051696777344,High
13279,107.87357330322266,Medium
13280,125.46672058105469,Medium
13281,78.92634582519531,Low
13282,129.15794372558594,High
13283,81.69071197509766,Low
13284,130.36941528320312,High
13285,143.16539001464844,High
13286,209.78323364257812,High
13287,132.33160400390625,High
13288,129.2521209716797,High
13289,117.37808990478516,Medium
13290,132.31361389160156,High
13291,266.2317199707031,High
13292,114.06491088867188,Medium
13293,141.43133544921875,High
13294,122.40110778808594,Medium
13295,117.58332061767578,Medium
13296,130.18048095703125,High
13297,101.9212417602539,Medium
13298,111.10546112060547,Medium
13299,70.8874740600586,Low
13300,117.56107330322266,Medium
13301,157.8501739501953,High
13302,63.03999328613281,Low
13303,183.73362731933594,High
13304,98.35930633544922,Low
13305,113.11848449707031,Medium
13306,137.58421325683594,High
13307,78.96798706054688,Low
13308,135.3665313720703,High
13309,129.90269470214844,High
13310,117.45805358886719,Medium
13311,102.02196502685547,Medium
13312,121.38046264648438,Medium
13313,76.79421997070312,Low
13314,79.05874633789062,Low
13315,128.05870056152344,High
13316,111.85746002197266,Medium
13317,81.99797058105469,Low
13318,63.125450134277344,Low
13319,135.41177368164062,High
13320,120.20973205566406,Medium
13321,86.1011962890625,Low
13322,60.42951202392578,Low
13323,152.66622924804688,High
13324,125.24917602539062,Medium
13325,189.6021728515625,High
13326,125.71331787109375,Medium
13327,123.09652709960938,Medium
13328,104.82090759277344,Medium
13329,122.16433715820312,Medium
13330,113.01634979248047,Medium
13331,124.25626373291016,Medium
13332,313.6806945800781,High
13333,118.14228820800781,Medium
13334,130.4071044921875,High
13335,91.17115783691406,Low
13336,173.61329650878906,High
13337,194.61692810058594,High
13338,105.82730102539062,Medium
13339,91.48238372802734,Low
13340,113.3671646118164,Medium
13341,77.79248809814453,Low
13342,110.80538177490234,Medium
13343,68.53654479980469,Low
13344,76.3864517211914,Low
13345,115.00769805908203,Medium
13346,195.77940368652344,High
13347,116.25819396972656,Medium
13348,59.489871978759766,Low
13349,130.19764709472656,High
13350,132.67552185058594,High
13351,93.64525604248047,Low
13352,157.86155700683594,High
13353,84.69499206542969,Low
13354,112.60787963867188,Medium
13355,104.25836181640625,Medium
13356,112.3302993774414,Medium
13357,103.66606903076172,Medium
13358,152.395751953125,High
13359,68.58279418945312,Low
13360,125.13151550292969,Medium
13361,69.25015258789062,Low
13362,125.78063201904297,Medium
13363,110.78936767578125,Medium
13364,75.23377990722656,Low
13365,77.88062286376953,Low
13366,111.80773162841797,Medium
13367,94.55147552490234,Low
13368,300.5708312988281,High
13369,130.6688232421875,High
13370,136.0802764892578,High
13371,108.19131469726562,Medium
13372,90.50807189941406,Low
13373,126.4880142211914,Medium
13374,81.67057800292969,Low
13375,144.09849548339844,High
13376,71.8203125,Low
13377,171.4693603515625,High
13378,157.9110107421875,High
13379,100.41142272949219,Low
13380,85.38469696044922,Low
13381,124.5177001953125,Medium
13382,114.57467651367188,Medium
13383,75.13610076904297,Low
13384,142.8073272705078,High
13385,56.22868728637695,Low
13386,134.7801513671875,High
13387,147.17282104492188,High
13388,180.56227111816406,High
13389,144.39834594726562,High
13390,233.9796600341797,High
13391,97.80537414550781,Low
13392,79.27075958251953,Low
13393,153.3976287841797,High
13394,141.3238067626953,High
13395,233.06549072265625,High
13396,92.61259460449219,Low
13397,126.22819519042969,Medium
13398,69.80060577392578,Low
13399,79.70272064208984,Low
13400,123.62381744384766,Medium
13401,88.1024398803711,Low
13402,105.6492919921875,Medium
13403,102.43905639648438,Medium
13404,136.3364715576172,High
13405,81.74280548095703,Low
13406,132.0301513671875,High
13407,119.4902572631836,Medium
13408,91.77967834472656,Low
13409,100.60641479492188,Medium
13410,93.28008270263672,Low
13411,119.36714172363281,Medium
13412,134.01853942871094,High
13413,122.05500030517578,Medium
13414,158.9626922607422,High
13415,133.97569274902344,High
13416,80.17578887939453,Low
13417,104.40676879882812,Medium
13418,180.9810333251953,High
13419,113.09468841552734,Medium
13420,86.11882781982422,Low
13421,70.51447296142578,Low
13422,83.56655883789062,Low
13423,119.6529769897461,Medium
13424,160.32225036621094,High
13425,108.69742584228516,Medium
13426,89.06892395019531,Low
13427,143.66915893554688,High
13428,129.0745086669922,High
13429,89.18376159667969,Low
13430,128.38316345214844,High
13431,57.147377014160156,Low
13432,172.456787109375,High
13433,160.41224670410156,High
13434,79.21772766113281,Low
13435,75.35413360595703,Low
13436,133.96339416503906,High
13437,126.52623748779297,Medium
13438,97.47819519042969,Low
13439,127.54432678222656,High
13440,85.45409393310547,Low
13441,108.9972915649414,Medium
13442,57.726295471191406,Low
13443,197.02040100097656,High
13444,94.15132904052734,Low
13445,99.77998352050781,Low
13446,124.83445739746094,Medium
13447,133.3821258544922,High
13448,146.50146484375,High
13449,137.27838134765625,High
13450,105.46980285644531,Medium
13451,120.6648178100586,Medium
13452,225.31381225585938,High
13453,83.69086456298828,Low
13454,204.7680206298828,High
13455,110.76358795166016,Medium
13456,120.15489959716797,Medium
13457,204.44351196289062,High
13458,101.46713256835938,Medium
13459,82.20649719238281,Low
13460,78.68617248535156,Low
13461,170.73428344726562,High
13462,307.0634765625,High
13463,96.43632507324219,Low
13464,104.39591979980469,Medium
13465,118.13463592529297,Medium
13466,118.3980484008789,Medium
13467,108.09916687011719,Medium
13468,159.28929138183594,High
13469,53.43362045288086,Low
13470,158.83892822265625,High
13471,96.99329376220703,Low
13472,61.18717956542969,Low
13473,138.18887329101562,High
13474,121.98829650878906,Medium
13475,110.58211517333984,Medium
13476,72.90264892578125,Low
13477,181.364013671875,High
13478,144.19808959960938,High
13479,137.6025390625,High
13480,120.6648178100586,Medium
13481,163.29396057128906,High
13482,104.6091079711914,Medium
13483,139.73516845703125,High
13484,147.11293029785156,High
13485,135.83168029785156,High
13486,120.68408203125,Medium
13487,109.93904113769531,Medium
13488,114.00658416748047,Medium
13489,183.04872131347656,High
13490,248.85276794433594,High
13491,86.36317443847656,Low
13492,127.58783721923828,High
13493,96.62165069580078,Low
13494,153.46908569335938,High
13495,120.36115264892578,Medium
13496,144.73773193359375,High
13497,79.39398193359375,Low
13498,294.1231689453125,High
13499,96.03180694580078,Low
13500,139.0439453125,High
13501,235.57537841796875,High
13502,150.32437133789062,High
13503,74.16344451904297,Low
13504,125.46672058105469,Medium
13505,96.53235626220703,Low
13506,94.40421295166016,Low
13507,119.4902572631836,Medium
13508,133.6503143310547,High
13509,100.9824447631836,Medium
13510,200.3492889404297,High
13511,127.05265045166016,Medium
13512,72.88153839111328,Low
13513,127.9234619140625,High
13514,70.11659240722656,Low
13515,105.29556274414062,Medium
13516,79.60301971435547,Low
13517,105.41413116455078,Medium
13518,105.73023986816406,Medium
13519,85.56732177734375,Low
13520,103.39332580566406,Medium
13521,55.74296569824219,Low
13522,89.94998931884766,Low
13523,112.31439971923828,Medium
13524,55.886898040771484,Low
13525,138.37197875976562,High
13526,98.32237243652344,Low
13527,100.16121673583984,Low
13528,73.5455551147461,Low
13529,131.72015380859375,High
13530,96.6204605102539,Low
13531,115.52542114257812,Medium
13532,125.46672058105469,Medium
13533,94.75049591064453,Low
13534,125.29740142822266,Medium
13535,133.21388244628906,High
13536,86.14449310302734,Low
13537,107.82721710205078,Medium
13538,141.28280639648438,High
13539,131.35513305664062,High
13540,108.27677917480469,Medium
13541,93.25807189941406,Low
13542,151.1433563232422,High
13543,121.20356750488281,Medium
13544,133.87149047851562,High
13545,116.55695343017578,Medium
13546,115.71752166748047,Medium
13547,122.5797119140625,Medium
13548,82.79391479492188,Low
13549,154.60598754882812,High
13550,151.20103454589844,High
13551,95.4587173461914,Low
13552,357.9071044921875,High
13553,155.4012908935547,High
13554,125.89579772949219,Medium
13555,132.50074768066406,High
13556,114.00772857666016,Medium
13557,94.020751953125,Low
13558,132.41697692871094,High
13559,127.54432678222656,High
13560,121.81208801269531,Medium
13561,67.95531463623047,Low
13562,93.16130065917969,Low
13563,96.98686218261719,Low
13564,100.10848999023438,Low
13565,295.07666015625,High
13566,137.5325164794922,High
13567,108.41886138916016,Medium
13568,98.67134857177734,Low
13569,60.46874237060547,Low
13570,125.46672058105469,Medium
13571,127.44461822509766,High
13572,120.18267822265625,Medium
13573,76.04579162597656,Low
13574,109.84404754638672,Medium
13575,133.58042907714844,High
13576,123.24239349365234,Medium
13577,123.77758026123047,Medium
13578,150.04949951171875,High
13579,132.84556579589844,High
13580,232.4943389892578,High
13581,115.41828155517578,Medium
13582,111.48115539550781,Medium
13583,113.83916473388672,Medium
13584,104.30664825439453,Medium
13585,156.427490234375,High
13586,105.05866241455078,Medium
13587,161.0895538330078,High
13588,110.46798706054688,Medium
13589,161.18247985839844,High
13590,111.06597137451172,Medium
13591,88.84850311279297,Low
13592,77.15481567382812,Low
13593,149.7648468017578,High
13594,115.97864532470703,Medium
13595,99.95826721191406,Low
13596,106.66387939453125,Medium
13597,80.32123565673828,Low
13598,113.2760009765625,Medium
13599,149.15855407714844,High
13600,114.30785369873047,Medium
13601,81.86640167236328,Low
13602,89.71922302246094,Low
13603,171.21908569335938,High
13604,136.90232849121094,High
13605,71.21229553222656,Low
13606,133.04563903808594,High
13607,114.3200912475586,Medium
13608,127.54432678222656,High
13609,148.3275604248047,High
13610,73.98408508300781,Low
13611,138.06065368652344,High
13612,115.23818969726562,Medium
13613,132.74163818359375,High
13614,113.94768524169922,Medium
13615,96.2965316772461,Low
13616,99.65167999267578,Low
13617,124.47404479980469,Medium
13618,130.30821228027344,High
13619,123.67049407958984,Medium
13620,152.2003936767578,High
13621,122.08021545410156,Medium
13622,79.50062561035156,Low
13623,130.35362243652344,High
13624,127.56705474853516,High
13625,138.1671142578125,High
13626,77.27518463134766,Low
13627,105.79253387451172,Medium
13628,89.0159912109375,Low
13629,203.5535430908203,High
13630,88.84648895263672,Low
13631,129.3239288330078,High
13632,103.44225311279297,Medium
13633,67.67736053466797,Low
13634,74.28887176513672,Low
13635,248.41587829589844,High
13636,169.99703979492188,High
13637,93.68244171142578,Low
13638,112.27272033691406,Medium
13639,84.91761016845703,Low
13640,80.96430969238281,Low
13641,130.1808319091797,High
13642,88.62448120117188,Low
13643,226.03599548339844,High
13644,137.73553466796875,High
13645,91.98870086669922,Low
13646,96.28144073486328,Low
13647,132.6492156982422,High
13648,136.06683349609375,High
13649,104.04727935791016,Medium
13650,83.08401489257812,Low
13651,82.53250122070312,Low
13652,107.44979858398438,Medium
13653,95.46126556396484,Low
13654,99.58268737792969,Low
13655,120.965576171875,Medium
13656,83.26940155029297,Low
13657,160.94549560546875,High
13658,124.00524139404297,Medium
13659,85.24325561523438,Low
13660,83.57894134521484,Low
13661,104.35601043701172,Medium
13662,119.99211883544922,Medium
13663,121.41812896728516,Medium
13664,72.81362915039062,Low
13665,102.47840118408203,Medium
13666,138.1671142578125,High
13667,269.43951416015625,High
13668,112.59709167480469,Medium
13669,128.05056762695312,High
13670,90.16869354248047,Low
13671,102.50498962402344,Medium
13672,140.50587463378906,High
13673,135.60488891601562,High
13674,118.3040771484375,Medium
13675,92.7106704711914,Low
13676,87.09524536132812,Low
13677,113.77857971191406,Medium
13678,111.31227111816406,Medium
13679,126.23947143554688,Medium
13680,125.54438018798828,Medium
13681,204.23605346679688,High
13682,118.20006561279297,Medium
13683,132.67552185058594,High
13684,84.41720581054688,Low
13685,83.0924301147461,Low
13686,133.0172576904297,High
13687,125.20280456542969,Medium
13688,65.84026336669922,Low
13689,188.10572814941406,High
13690,83.0926284790039,Low
13691,111.60272216796875,Medium
13692,116.22718811035156,Medium
13693,179.3834228515625,High
13694,77.98777770996094,Low
13695,210.93153381347656,High
13696,186.05458068847656,High
13697,117.40638732910156,Medium
13698,112.4025650024414,Medium
13699,80.66500091552734,Low
13700,82.27426147460938,Low
13701,96.77701568603516,Low
13702,134.10577392578125,High
13703,74.85678100585938,Low
13704,187.75746154785156,High
13705,60.62251281738281,Low
13706,116.6346206665039,Medium
13707,71.23683166503906,Low
13708,84.24214935302734,Low
13709,101.48809814453125,Medium
13710,72.25238037109375,Low
13711,156.2259979248047,High
13712,155.2586212158203,High
13713,121.46495819091797,Medium
13714,119.46026611328125,Medium
13715,186.74667358398438,High
13716,128.00131225585938,High
13717,113.51761627197266,Medium
13718,112.40850830078125,Medium
13719,126.22193145751953,Medium
13720,244.51821899414062,High
13721,113.5119857788086,Medium
13722,273.5126647949219,High
13723,73.85076141357422,Low
13724,102.03382873535156,Medium
13725,121.86219787597656,Medium
13726,148.3097381591797,High
13727,132.44229125976562,High
13728,92.68790435791016,Low
13729,147.37503051757812,High
13730,368.723876953125,High
13731,135.3343505859375,High
13732,138.46946716308594,High
13733,123.08226013183594,Medium
13734,123.16539764404297,Medium
13735,61.403682708740234,Low
13736,95.80783081054688,Low
13737,137.00634765625,High
13738,156.7451934814453,High
13739,123.05913543701172,Medium
13740,107.91464233398438,Medium
13741,117.12751770019531,Medium
13742,62.72017288208008,Low
13743,84.31480407714844,Low
13744,122.8041763305664,Medium
13745,128.7008056640625,High
13746,105.11817169189453,Medium
13747,120.77738952636719,Medium
13748,85.24325561523438,Low
13749,128.63182067871094,High
13750,135.72525024414062,High
13751,120.57640075683594,Medium
13752,121.06857299804688,Medium
13753,135.9378662109375,High
13754,108.29727935791016,Medium
13755,88.59046936035156,Low
13756,133.21388244628906,High
13757,122.88616943359375,Medium
13758,120.65764617919922,Medium
13759,116.64432525634766,Medium
13760,83.34319305419922,Low
13761,131.9725799560547,High
13762,121.18637084960938,Medium
13763,117.48269653320312,Medium
13764,158.056396484375,High
13765,88.40973663330078,Low
13766,93.48896026611328,Low
13767,120.56289672851562,Medium
13768,84.92076110839844,Low
13769,136.24888610839844,High
13770,115.97864532470703,Medium
13771,81.07891082763672,Low
13772,147.35707092285156,High
13773,127.54432678222656,High
13774,124.98440551757812,Medium
13775,78.1969985961914,Low
13776,80.86933135986328,Low
13777,205.61700439453125,High
13778,129.8719482421875,High
13779,137.7428741455078,High
13780,126.86477661132812,Medium
13781,102.13198852539062,Medium
13782,65.33039093017578,Low
13783,113.09266662597656,Medium
13784,99.30620574951172,Low
13785,106.72256469726562,Medium
13786,93.67543029785156,Low
13787,94.3881607055664,Low
13788,95.00746154785156,Low
13789,146.07737731933594,High
13790,111.93949890136719,Medium
13791,82.24127197265625,Low
13792,160.56005859375,High
13793,119.4902572631836,Medium
13794,71.164306640625,Low
13795,105.44891357421875,Medium
13796,75.2291488647461,Low
13797,132.67552185058594,High
13798,144.39834594726562,High
13799,125.77195739746094,Medium
13800,133.3372039794922,High
13801,164.27552795410156,High
13802,82.61274719238281,Low
13803,144.74911499023438,High
13804,109.42449188232422,Medium
13805,66.55269622802734,Low
13806,91.93696594238281,Low
13807,231.81832885742188,High
13808,97.8082504272461,Low
13809,123.95775604248047,Medium
13810,113.84593200683594,Medium
13811,70.35508728027344,Low
13812,157.26075744628906,High
13813,125.06752014160156,Medium
13814,221.5872039794922,High
13815,77.31319427490234,Low
13816,131.36143493652344,High
13817,83.41099548339844,Low
13818,191.84359741210938,High
13819,72.70270538330078,Low
13820,149.9245147705078,High
13821,102.86783599853516,Medium
13822,62.74132537841797,Low
13823,123.84514617919922,Medium
13824,162.12400817871094,High
13825,87.62641906738281,Low
13826,125.46672058105469,Medium
13827,173.7119903564453,High
13828,104.84884643554688,Medium
13829,141.4591522216797,High
13830,84.1627197265625,Low
13831,77.7025375366211,Low
13832,197.7017822265625,High
13833,82.0611572265625,Low
13834,76.37619018554688,Low
13835,87.53446197509766,Low
13836,120.42379760742188,Medium
13837,120.25415802001953,Medium
13838,265.6636962890625,High
13839,151.1885223388672,High
13840,162.83602905273438,High
13841,126.76151275634766,Medium
13842,75.207275390625,Low
13843,51.788429260253906,Low
13844,73.218505859375,Low
13845,120.65764617919922,Medium
13846,121.82492065429688,Medium
13847,108.93270111083984,Medium
13848,81.26255798339844,Low
13849,93.90003967285156,Low
13850,136.81292724609375,High
13851,76.55428314208984,Low
13852,63.14895248413086,Low
13853,140.5388946533203,High
13854,121.9888916015625,Medium
13855,262.2537536621094,High
13856,123.2560043334961,Medium
13857,120.20271301269531,Medium
13858,153.54920959472656,High
13859,126.34013366699219,Medium
13860,136.91683959960938,High
13861,84.6565933227539,Low
13862,91.19044494628906,Low
13863,83.1726303100586,Low
13864,87.45516204833984,Low
13865,71.90523529052734,Low
13866,119.02583312988281,Medium
13867,152.16180419921875,High
13868,74.08042907714844,Low
13869,82.37692260742188,Low
13870,151.1293182373047,High
13871,103.71536254882812,Medium
13872,100.06625366210938,Low
13873,113.4092025756836,Medium
13874,93.49906158447266,Low
13875,146.48426818847656,High
13876,142.883056640625,High
13877,126.1310806274414,Medium
13878,86.97315216064453,Low
13879,97.08685302734375,Low
13880,82.59855651855469,Low
13881,62.68750762939453,Low
13882,151.4606170654297,High
13883,81.65815734863281,Low
13884,96.18657684326172,Low
13885,82.51737976074219,Low
13886,75.10769653320312,Low
13887,116.60914611816406,Medium
13888,117.40638732910156,Medium
13889,93.33931732177734,Low
13890,98.05900573730469,Low
13891,86.66963195800781,Low
13892,90.9059066772461,Low
13893,123.74641418457031,Medium
13894,192.73484802246094,High
13895,131.38575744628906,High
13896,137.22970581054688,High
13897,97.11540222167969,Low
13898,76.51605987548828,Low
13899,121.58688354492188,Medium
13900,188.69296264648438,High
13901,125.81585693359375,Medium
13902,196.74844360351562,High
13903,119.45263671875,Medium
13904,92.941162109375,Low
13905,88.24095916748047,Low
13906,84.98234558105469,Low
13907,119.4902572631836,Medium
13908,91.12057495117188,Low
13909,114.08922576904297,Medium
13910,141.7581329345703,High
13911,106.72421264648438,Medium
13912,118.41545867919922,Medium
13913,121.06914520263672,Medium
13914,103.07068634033203,Medium
13915,146.82260131835938,High
13916,92.76326751708984,Low
13917,120.6847915649414,Medium
13918,89.61436462402344,Low
13919,145.0042266845703,High
13920,103.72543334960938,Medium
13921,121.92168426513672,Medium
13922,195.74664306640625,High
13923,91.94005584716797,Low
13924,135.63308715820312,High
13925,149.90040588378906,High
13926,101.02685546875,Medium
13927,199.84991455078125,High
13928,65.39226531982422,Low
13929,99.76677703857422,Low
13930,65.92008972167969,Low
13931,160.19235229492188,High
13932,70.10607147216797,Low
13933,102.85723876953125,Medium
13934,121.2092056274414,Medium
13935,137.38494873046875,High
13936,77.80958557128906,Low
13937,119.36714172363281,Medium
13938,122.42559814453125,Medium
13939,121.12935638427734,Medium
13940,119.69120025634766,Medium
13941,219.49371337890625,High
13942,101.53065490722656,Medium
13943,70.5910873413086,Low
13944,124.25435638427734,Medium
13945,286.8035888671875,High
13946,127.87752532958984,High
13947,135.49522399902344,High
13948,124.7646255493164,Medium
13949,124.86073303222656,Medium
13950,194.61636352539062,High
13951,152.78076171875,High
13952,83.0867691040039,Low
13953,102.78688049316406,Medium
13954,83.92738342285156,Low
13955,80.74563598632812,Low
13956,158.68893432617188,High
13957,67.20144653320312,Low
13958,144.3848419189453,High
13959,148.63002014160156,High
13960,179.36355590820312,High
13961,93.98828125,Low
13962,83.3632583618164,Low
13963,119.27828216552734,Medium
13964,142.23092651367188,High
13965,134.04725646972656,High
13966,112.89068603515625,Medium
13967,129.7927703857422,High
13968,121.38798522949219,Medium
13969,83.6258544921875,Low
13970,130.2861328125,High
13971,121.19820404052734,Medium
13972,134.14649963378906,High
13973,142.48072814941406,High
13974,59.79005813598633,Low
13975,86.97705841064453,Low
13976,123.84452056884766,Medium
13977,141.71389770507812,High
13978,121.37547302246094,Medium
13979,132.95809936523438,High
13980,86.53255462646484,Low
13981,138.33038330078125,High
13982,91.5110092163086,Low
13983,258.8923034667969,High
13984,77.61223602294922,Low
13985,95.4838638305664,Low
13986,140.37905883789062,High
13987,125.46672058105469,Medium
13988,94.71791076660156,Low
13989,145.44302368164062,High
13990,103.20352172851562,Medium
13991,123.60177612304688,Medium
13992,140.2021484375,High
13993,220.5654296875,High
13994,136.9190216064453,High
13995,149.55899047851562,High
13996,86.81822204589844,Low
13997,96.74614715576172,Low
13998,96.79058074951172,Low
13999,86.08121490478516,Low
14000,109.6607437133789,Medium
14001,107.75067901611328,Medium
14002,91.70329284667969,Low
14003,103.90830993652344,Medium
14004,134.70262145996094,High
14005,120.18437957763672,Medium
14006,73.570068359375,Low
14007,304.20458984375,High
14008,106.99468231201172,Medium
14009,105.39635467529297,Medium
14010,130.4051971435547,High
14011,83.24148559570312,Low
14012,79.22674560546875,Low
14013,81.31277465820312,Low
14014,158.01010131835938,High
14015,123.85877990722656,Medium
14016,92.47308349609375,Low
14017,79.22122955322266,Low
14018,92.21749114990234,Low
14019,131.5318603515625,High
14020,104.0328598022461,Medium
14021,111.22036743164062,Medium
14022,120.88449096679688,Medium
14023,89.55774688720703,Low
14024,77.13513946533203,Low
14025,178.1470947265625,High
14026,88.7002182006836,Low
14027,108.10882568359375,Medium
14028,89.36363983154297,Low
14029,125.27449798583984,Medium
14030,84.42557525634766,Low
14031,69.26042175292969,Low
14032,99.0049819946289,Low
14033,113.32262420654297,Medium
14034,132.92384338378906,High
14035,113.73332977294922,Medium
14036,78.23877716064453,Low
14037,103.49642944335938,Medium
14038,105.03680419921875,Medium
14039,98.15264892578125,Low
14040,164.12330627441406,High
14041,125.46672058105469,Medium
14042,217.42672729492188,High
14043,82.32486724853516,Low
14044,72.0318832397461,Low
14045,144.03968811035156,High
14046,100.10345458984375,Low
14047,135.97036743164062,High
14048,137.7673797607422,High
14049,89.71080017089844,Low
14050,156.83734130859375,High
14051,202.65609741210938,High
14052,128.67637634277344,High
14053,75.89124298095703,Low
14054,74.46210479736328,Low
14055,104.64629364013672,Medium
14056,141.11993408203125,High
14057,337.761474609375,High
14058,84.39080810546875,Low
14059,168.10958862304688,High
14060,95.32945251464844,Low
14061,118.0003890991211,Medium
14062,116.94065856933594,Medium
14063,99.99440002441406,Low
14064,143.4196014404297,High
14065,126.22819519042969,Medium
14066,71.14705657958984,Low
14067,59.41132736206055,Low
14068,109.28352355957031,Medium
14069,134.33543395996094,High
14070,253.3577117919922,High
14071,132.33160400390625,High
14072,73.96797943115234,Low
14073,128.67637634277344,High
14074,157.31869506835938,High
14075,137.9835968017578,High
14076,118.56233978271484,Medium
14077,92.93038940429688,Low
14078,160.0438232421875,High
14079,87.16913604736328,Low
14080,55.949275970458984,Low
14081,105.74352264404297,Medium
14082,252.4740447998047,High
14083,181.76698303222656,High
14084,94.53374481201172,Low
14085,298.1712951660156,High
14086,87.11293029785156,Low
14087,104.59577178955078,Medium
14088,92.70965576171875,Low
14089,110.54299926757812,Medium
14090,150.16012573242188,High
14091,91.45136260986328,Low
14092,83.37972259521484,Low
14093,67.19932556152344,Low
14094,111.80144500732422,Medium
14095,118.8194351196289,Medium
14096,105.66709899902344,Medium
14097,76.1524658203125,Low
14098,51.19166564941406,Low
14099,133.72589111328125,High
14100,125.29936981201172,Medium
14101,120.55530548095703,Medium
14102,127.02042388916016,Medium
14103,64.65296936035156,Low
14104,197.39718627929688,High
14105,134.9954071044922,High
14106,144.75546264648438,High
14107,188.86373901367188,High
14108,160.01318359375,High
14109,81.40660858154297,Low
14110,118.20006561279297,Medium
14111,101.01342010498047,Medium
14112,130.93508911132812,High
14113,93.86531829833984,Low
14114,143.66932678222656,High
14115,144.20498657226562,High
14116,136.61819458007812,High
14117,127.56705474853516,High
14118,95.36674499511719,Low
14119,99.74788665771484,Low
14120,135.67527770996094,High
14121,120.36216735839844,Medium
14122,85.94466400146484,Low
14123,119.25959777832031,Medium
14124,93.6251449584961,Low
14125,227.34228515625,High
14126,99.16508483886719,Low
14127,148.0526123046875,High
14128,136.60244750976562,High
14129,129.15794372558594,High
14130,113.44142150878906,Medium
14131,130.37767028808594,High
14132,85.56849670410156,Low
14133,127.68738555908203,High
14134,117.40638732910156,Medium
14135,143.08816528320312,High
14136,106.20100402832031,Medium
14137,111.41402435302734,Medium
14138,107.70944213867188,Medium
14139,142.77207946777344,High
14140,121.29717254638672,Medium
14141,143.6387176513672,High
14142,111.85916900634766,Medium
14143,122.8000717163086,Medium
14144,148.88038635253906,High
14145,135.421142578125,High
14146,76.86707305908203,Low
14147,132.4542694091797,High
14148,118.46836853027344,Medium
14149,68.29326629638672,Low
14150,154.89768981933594,High
14151,120.17328643798828,Medium
14152,86.69725036621094,Low
14153,134.15115356445312,High
14154,60.20630645751953,Low
14155,106.47972106933594,Medium
14156,138.40853881835938,High
14157,112.99287414550781,Medium
14158,187.0757598876953,High
14159,100.16893768310547,Low
14160,130.10653686523438,High
14161,62.400394439697266,Low
14162,128.28611755371094,High
14163,102.27005767822266,Medium
14164,123.91841888427734,Medium
14165,283.3236083984375,High
14166,144.74803161621094,High
14167,80.85993194580078,Low
14168,88.61848449707031,Low
14169,123.12332153320312,Medium
14170,128.04196166992188,High
14171,132.3843536376953,High
14172,93.08490753173828,Low
14173,126.34013366699219,Medium
14174,65.53749084472656,Low
14175,80.5142593383789,Low
14176,90.90054321289062,Low
14177,122.23518371582031,Medium
14178,109.93904113769531,Medium
14179,81.97694396972656,Low
14180,290.756103515625,High
14181,129.85317993164062,High
14182,127.49945831298828,High
14183,119.09481811523438,Medium
14184,138.9877166748047,High
14185,84.81456756591797,Low
14186,130.58901977539062,High
14187,85.12615203857422,Low
14188,72.05540466308594,Low
14189,115.92291259765625,Medium
14190,75.84219360351562,Low
14191,144.53375244140625,High
14192,122.4361801147461,Medium
14193,101.78331756591797,Medium
14194,78.62508392333984,Low
14195,78.59685516357422,Low
14196,365.04833984375,High
14197,72.90559387207031,Low
14198,113.44523620605469,Medium
14199,122.67115020751953,Medium
14200,110.70794677734375,Medium
14201,103.837158203125,Medium
14202,98.7483901977539,Low
14203,116.65188598632812,Medium
14204,122.07994842529297,Medium
14205,154.01634216308594,High
14206,141.6055145263672,High
14207,88.31199645996094,Low
14208,228.69357299804688,High
14209,146.9051971435547,High
14210,78.4224624633789,Low
14211,76.975341796875,Low
14212,145.34375,High
14213,130.5528106689453,High
14214,141.80003356933594,High
14215,60.842681884765625,Low
14216,109.42744445800781,Medium
14217,97.81340789794922,Low
14218,104.6466064453125,Medium
14219,63.73506164550781,Low
14220,110.84112548828125,Medium
14221,158.79933166503906,High
14222,87.43436431884766,Low
14223,181.1565399169922,High
14224,241.74566650390625,High
14225,81.46279907226562,Low
14226,125.46672058105469,Medium
14227,106.50603485107422,Medium
14228,93.17882537841797,Low
14229,92.54811096191406,Low
14230,94.05745697021484,Low
14231,108.9162826538086,Medium
14232,172.456787109375,High
14233,98.86418151855469,Low
14234,81.7358169555664,Low
14235,215.07791137695312,High
14236,100.66533660888672,Medium
14237,93.7334213256836,Low
14238,70.39663696289062,Low
14239,143.5757598876953,High
14240,159.38381958007812,High
14241,109.3378677368164,Medium
14242,140.76467895507812,High
14243,101.6785888671875,Medium
14244,116.17695617675781,Medium
14245,105.34058380126953,Medium
14246,73.46358489990234,Low
14247,114.51435089111328,Medium
14248,141.5683135986328,High
14249,123.75223541259766,Medium
14250,119.1263656616211,Medium
14251,133.21388244628906,High
14252,212.31716918945312,High
14253,118.07164764404297,Medium
14254,102.44355773925781,Medium
14255,119.38993072509766,Medium
14256,109.31387329101562,Medium
14257,104.98169708251953,Medium
14258,91.29524993896484,Low
14259,96.4113998413086,Low
14260,141.12493896484375,High
14261,76.0616455078125,Low
14262,128.4268798828125,High
14263,115.3851547241211,Medium
14264,88.65995025634766,Low
14265,106.1999740600586,Medium
14266,117.2115249633789,Medium
14267,104.68408966064453,Medium
14268,86.97299194335938,Low
14269,145.44430541992188,High
14270,125.1461410522461,Medium
14271,129.70382690429688,High
14272,101.58757019042969,Medium
14273,74.48184204101562,Low
14274,114.53372192382812,Medium
14275,134.9954071044922,High
14276,85.13587951660156,Low
14277,98.1131591796875,Low
14278,101.39292907714844,Medium
14279,127.970458984375,High
14280,105.88107299804688,Medium
14281,126.47976684570312,Medium
14282,105.00676727294922,Medium
14283,151.65032958984375,High
14284,129.17930603027344,High
14285,80.76187133789062,Low
14286,93.91172790527344,Low
14287,70.43760681152344,Low
14288,131.9542694091797,High
14289,116.2397689819336,Medium
14290,131.37281799316406,High
14291,142.66941833496094,High
14292,57.669166564941406,Low
14293,141.49896240234375,High
14294,114.86334228515625,Medium
14295,116.46489715576172,Medium
14296,116.42542266845703,Medium
14297,104.9969253540039,Medium
14298,81.41471099853516,Low
14299,82.56897735595703,Low
14300,80.0411376953125,Low
14301,121.53225708007812,Medium
14302,83.33233642578125,Low
14303,80.19442749023438,Low
14304,169.24887084960938,High
14305,95.90252685546875,Low
14306,128.771240234375,High
14307,129.9796600341797,High
14308,116.03319549560547,Medium
14309,70.58147430419922,Low
14310,92.83483123779297,Low
14311,104.25934600830078,Medium
14312,116.3239517211914,Medium
14313,78.44984436035156,Low
14314,82.04571533203125,Low
14315,80.73694610595703,Low
14316,95.80516052246094,Low
14317,97.28214263916016,Low
14318,72.94711303710938,Low
14319,114.02631378173828,Medium
14320,111.85916900634766,Medium
14321,114.46934509277344,Medium
14322,113.20345306396484,Medium
14323,104.69876861572266,Medium
14324,86.29533386230469,Low
14325,109.15788269042969,Medium
14326,133.9895782470703,High
14327,113.97335052490234,Medium
14328,129.20664978027344,High
14329,118.30584716796875,Medium
14330,164.5590057373047,High
14331,62.25944137573242,Low
14332,115.23551940917969,Medium
14333,75.92450714111328,Low
14334,98.76300811767578,Low
14335,141.16775512695312,High
14336,74.87351989746094,Low
14337,79.51569366455078,Low
14338,84.52381896972656,Low
14339,94.59642028808594,Low
14340,132.96018981933594,High
14341,99.68278503417969,Low
14342,101.57408905029297,Medium
14343,90.71685791015625,Low
14344,97.69482421875,Low
14345,115.57384490966797,Medium
14346,133.345947265625,High
14347,112.96504974365234,Medium
14348,124.13790130615234,Medium
14349,116.32343292236328,Medium
14350,127.56705474853516,High
14351,183.38482666015625,High
14352,100.3416748046875,Low
14353,120.58547973632812,Medium
14354,120.6648178100586,Medium
14355,322.3691711425781,High
14356,94.81292724609375,Low
14357,78.9114761352539,Low
14358,97.32353210449219,Low
14359,152.4710235595703,High
14360,115.44586181640625,Medium
14361,82.66770935058594,Low
14362,135.97036743164062,High
14363,70.6241683959961,Low
14364,133.1814727783203,High
14365,102.02001953125,Medium
14366,115.49148559570312,Medium
14367,165.12551879882812,High
14368,173.59323120117188,High
14369,178.7147979736328,High
14370,98.3027572631836,Low
14371,84.17433166503906,Low
14372,81.76873016357422,Low
14373,78.47728729248047,Low
14374,84.11956024169922,Low
14375,64.94793701171875,Low
14376,129.38006591796875,High
14377,97.43160247802734,Low
14378,85.70045471191406,Low
14379,117.40638732910156,Medium
14380,81.69989776611328,Low
14381,119.2734146118164,Medium
14382,81.11622619628906,Low
14383,193.50856018066406,High
14384,106.3954086303711,Medium
14385,125.29740142822266,Medium
14386,143.4210968017578,High
14387,73.20307159423828,Low
14388,178.81472778320312,High
14389,71.22492980957031,Low
14390,89.3865737915039,Low
14391,132.26463317871094,High
14392,76.50487518310547,Low
14393,95.07649993896484,Low
14394,121.9581298828125,Medium
14395,131.38575744628906,High
14396,94.79531860351562,Low
14397,121.91922760009766,Medium
14398,65.4307861328125,Low
14399,255.61207580566406,High
14400,100.62832641601562,Medium
14401,118.01592254638672,Medium
14402,78.22522735595703,Low
14403,121.73453521728516,Medium
14404,98.34302520751953,Low
14405,98.91645050048828,Low
14406,104.66200256347656,Medium
14407,93.40696716308594,Low
14408,95.53230285644531,Low
14409,270.2796630859375,High
14410,122.30564880371094,Medium
14411,106.89402770996094,Medium
14412,110.82074737548828,Medium
14413,172.82786560058594,High
14414,114.6813735961914,Medium
14415,57.147377014160156,Low
14416,120.40492248535156,Medium
14417,228.1771697998047,High
14418,103.80765533447266,Medium
14419,128.39561462402344,High
14420,153.56613159179688,High
14421,144.3331298828125,High
14422,129.384765625,High
14423,106.67642211914062,Medium
14424,86.11992645263672,Low
14425,148.513916015625,High
14426,91.27373504638672,Low
14427,74.31018829345703,Low
14428,152.0719757080078,High
14429,100.8865737915039,Medium
14430,67.05579376220703,Low
14431,153.4822998046875,High
14432,94.89207458496094,Low
14433,116.31793975830078,Medium
14434,85.21571350097656,Low
14435,81.85887908935547,Low
14436,110.00176239013672,Medium
14437,73.50321960449219,Low
14438,129.515869140625,High
14439,97.20772552490234,Low
14440,84.98310089111328,Low
14441,91.47789001464844,Low
14442,133.347412109375,High
14443,142.47291564941406,High
14444,163.89788818359375,High
14445,87.1294937133789,Low
14446,92.45932006835938,Low
14447,130.25051879882812,High
14448,269.2223205566406,High
14449,133.26947021484375,High
14450,88.3935317993164,Low
14451,112.50830078125,Medium
14452,90.59327697753906,Low
14453,120.6648178100586,Medium
14454,129.79791259765625,High
14455,86.55559539794922,Low
14456,143.52804565429688,High
14457,151.89488220214844,High
14458,140.35533142089844,High
14459,119.0970458984375,Medium
14460,84.26002502441406,Low
14461,118.93820190429688,Medium
14462,126.53426361083984,Medium
14463,129.68344116210938,High
14464,284.9095153808594,High
14465,89.10023498535156,Low
14466,97.13762664794922,Low
14467,109.93904113769531,Medium
14468,103.46990966796875,Medium
14469,133.17034912109375,High
14470,115.60350799560547,Medium
14471,52.3692626953125,Low
14472,121.0986328125,Medium
14473,167.52157592773438,High
14474,181.6147918701172,High
14475,91.09104919433594,Low
14476,88.39183044433594,Low
14477,83.97570037841797,Low
14478,80.99208068847656,Low
14479,128.19537353515625,High
14480,130.33303833007812,High
14481,80.38223266601562,Low
14482,349.30938720703125,High
14483,109.4240951538086,Medium
14484,122.42498016357422,Medium
14485,246.53448486328125,High
14486,89.57371520996094,Low
14487,101.42982482910156,Medium
14488,108.13135528564453,Medium
14489,102.91860961914062,Medium
14490,134.9954071044922,High
14491,160.42428588867188,High
14492,121.09465026855469,Medium
14493,118.9589614868164,Medium
14494,170.16793823242188,High
14495,145.06517028808594,High
14496,125.77195739746094,Medium
14497,95.00884246826172,Low
14498,130.90606689453125,High
14499,96.45690155029297,Low
14500,148.8054962158203,High
14501,120.6648178100586,Medium
14502,84.12606048583984,Low
14503,152.18536376953125,High
14504,116.46489715576172,Medium
14505,108.29512786865234,Medium
14506,92.98039245605469,Low
14507,131.7947540283203,High
14508,109.93904113769531,Medium
14509,234.4275360107422,High
14510,136.99441528320312,High
14511,122.21551513671875,Medium
14512,135.36361694335938,High
14513,76.06796264648438,Low
14514,89.53150939941406,Low
14515,189.83349609375,High
14516,86.29041290283203,Low
14517,184.29258728027344,High
14518,118.32781219482422,Medium
14519,197.24388122558594,High
14520,115.32666778564453,Medium
14521,127.56705474853516,High
14522,122.7359390258789,Medium
14523,261.97406005859375,High
14524,97.00372314453125,Low
14525,155.04551696777344,High
14526,106.76824188232422,Medium
14527,188.25881958007812,High
14528,98.0648193359375,Low
14529,105.60395812988281,Medium
14530,187.35865783691406,High
14531,119.32940673828125,Medium
14532,86.19522094726562,Low
14533,98.70570373535156,Low
14534,121.43055725097656,Medium
14535,118.83926391601562,Medium
14536,185.5935516357422,High
14537,188.64588928222656,High
14538,143.1376190185547,High
14539,91.43126678466797,Low
14540,121.92638397216797,Medium
14541,147.0744171142578,High
14542,116.1883544921875,Medium
14543,218.107177734375,High
14544,117.82984161376953,Medium
14545,67.99679565429688,Low
14546,138.90794372558594,High
14547,112.96504974365234,Medium
14548,142.45814514160156,High
14549,117.40638732910156,Medium
14550,109.00590515136719,Medium
14551,86.65684509277344,Low
14552,79.81402587890625,Low
14553,121.31514739990234,Medium
14554,124.39820098876953,Medium
14555,145.98936462402344,High
14556,303.37109375,High
14557,83.28338623046875,Low
14558,156.0831298828125,High
14559,149.1208953857422,High
14560,61.42072296142578,Low
14561,134.9954071044922,High
14562,112.96504974365234,Medium
14563,93.18364715576172,Low
14564,77.88594818115234,Low
14565,253.73074340820312,High
14566,139.59889221191406,High
14567,223.9223175048828,High
14568,83.34589385986328,Low
14569,118.07164001464844,Medium
14570,97.05533599853516,Low
14571,161.64700317382812,High
14572,133.44448852539062,High
14573,89.45738983154297,Low
14574,106.16143035888672,Medium
14575,88.84674072265625,Low
14576,122.4117431640625,Medium
14577,147.29910278320312,High
14578,169.7751007080078,High
14579,105.59977722167969,Medium
14580,103.8735580444336,Medium
14581,78.9988784790039,Low
14582,62.87659454345703,Low
14583,93.90095520019531,Low
14584,140.16134643554688,High
14585,118.58378601074219,Medium
14586,111.43902587890625,Medium
14587,96.28144073486328,Low
14588,122.5797119140625,Medium
14589,145.0871124267578,High
14590,99.77998352050781,Low
14591,225.10104370117188,High
14592,85.98635864257812,Low
14593,170.0930938720703,High
14594,105.19029998779297,Medium
14595,65.11445617675781,Low
14596,108.7126693725586,Medium
14597,124.14360046386719,Medium
14598,135.01461791992188,High
14599,167.3527374267578,High
14600,121.63157653808594,Medium
14601,90.51121520996094,Low
14602,110.63111877441406,Medium
14603,124.80738830566406,Medium
14604,120.55884552001953,Medium
14605,71.80242156982422,Low
14606,110.2702865600586,Medium
14607,85.37113189697266,Low
14608,88.34159088134766,Low
14609,95.66887664794922,Low
14610,158.45692443847656,High
14611,92.44554138183594,Low
14612,131.34783935546875,High
14613,86.14161682128906,Low
14614,79.80818939208984,Low
14615,108.40682220458984,Medium
14616,141.06649780273438,High
14617,132.2735595703125,High
14618,112.30294036865234,Medium
14619,235.89927673339844,High
14620,78.62821197509766,Low
14621,51.624637603759766,Low
14622,137.245361328125,High
14623,143.66915893554688,High
14624,81.73920440673828,Low
14625,62.1861572265625,Low
14626,134.80050659179688,High
14627,110.86786651611328,Medium
14628,88.80509948730469,Low
14629,163.7845458984375,High
14630,85.68644714355469,Low
14631,126.42644500732422,Medium
14632,78.90951538085938,Low
14633,124.66487121582031,Medium
14634,114.47196197509766,Medium
14635,95.22644805908203,Low
14636,72.69515228271484,Low
14637,153.7410125732422,High
14638,75.44284057617188,Low
14639,103.2242431640625,Medium
14640,81.013427734375,Low
14641,131.99874877929688,High
14642,157.54476928710938,High
14643,109.03759765625,Medium
14644,177.5181884765625,High
14645,119.1511001586914,Medium
14646,88.1317138671875,Low
14647,105.1148452758789,Medium
14648,93.2501449584961,Low
14649,125.46672058105469,Medium
14650,169.54693603515625,High
14651,80.81059265136719,Low
14652,63.289947509765625,Low
14653,119.58546447753906,Medium
14654,117.38240814208984,Medium
14655,76.73184204101562,Low
14656,99.7957534790039,Low
14657,151.10459899902344,High
14658,109.95123291015625,Medium
14659,59.35722732543945,Low
14660,149.18988037109375,High
14661,106.36341857910156,Medium
14662,114.95591735839844,Medium
14663,122.63256072998047,Medium
14664,106.20938110351562,Medium
14665,83.03264617919922,Low
14666,105.92115020751953,Medium
14667,103.37459564208984,Medium
14668,136.6726531982422,High
14669,172.68310546875,High
14670,283.48779296875,High
14671,74.0112075805664,Low
14672,86.53379821777344,Low
14673,94.38046264648438,Low
14674,155.3121337890625,High
14675,74.58753967285156,Low
14676,127.74225616455078,High
14677,85.4565658569336,Low
14678,183.57846069335938,High
14679,106.26289367675781,Medium
14680,275.9279479980469,High
14681,93.05016326904297,Low
14682,122.63166809082031,Medium
14683,171.28109741210938,High
14684,113.85455322265625,Medium
14685,63.929447174072266,Low
14686,77.0190200805664,Low
14687,62.31800079345703,Low
14688,216.08059692382812,High
14689,123.02090454101562,Medium
14690,83.88269805908203,Low
14691,114.36528778076172,Medium
14692,125.46672058105469,Medium
14693,99.86801147460938,Low
14694,91.13944244384766,Low
14695,101.25643157958984,Medium
14696,136.9573516845703,High
14697,81.62844848632812,Low
14698,107.24652862548828,Medium
14699,111.14373016357422,Medium
14700,76.0157241821289,Low
14701,127.20311737060547,Medium
14702,77.20661926269531,Low
14703,116.25240325927734,Medium
14704,132.26463317871094,High
14705,170.64154052734375,High
14706,251.60292053222656,High
14707,142.8073272705078,High
14708,168.10958862304688,High
14709,57.89180374145508,Low
14710,99.44622802734375,Low
14711,122.38159942626953,Medium
14712,114.97128295898438,Medium
14713,122.2746353149414,Medium
14714,125.46672058105469,Medium
14715,141.06649780273438,High
14716,107.81303405761719,Medium
14717,86.82632446289062,Low
14718,87.6765365600586,Low
14719,97.52400970458984,Low
14720,129.68484497070312,High
14721,71.33160400390625,Low
14722,106.96904754638672,Medium
14723,132.37911987304688,High
14724,95.35835266113281,Low
14725,235.65927124023438,High
14726,115.79137420654297,Medium
14727,243.1929473876953,High
14728,133.1996612548828,High
14729,84.45948791503906,Low
14730,99.46807098388672,Low
14731,94.7200927734375,Low
14732,107.85533905029297,Medium
14733,106.23329162597656,Medium
14734,171.83062744140625,High
14735,243.0446014404297,High
14736,123.11880493164062,Medium
14737,80.601318359375,Low
14738,84.3010025024414,Low
14739,81.504638671875,Low
14740,151.820556640625,High
14741,87.54468536376953,Low
14742,172.26748657226562,High
14743,127.05265045166016,Medium
14744,138.7343292236328,High
14745,106.57278442382812,Medium
14746,64.32316589355469,Low
14747,140.4969482421875,High
14748,116.30131530761719,Medium
14749,82.74337005615234,Low
14750,125.3773193359375,Medium
14751,187.42538452148438,High
14752,59.2200927734375,Low
14753,114.18090057373047,Medium
14754,203.72349548339844,High
14755,153.95790100097656,High
14756,84.0945816040039,Low
14757,80.30181121826172,Low
14758,117.57707214355469,Medium
14759,124.38971710205078,Medium
14760,238.2865447998047,High
14761,84.47924041748047,Low
14762,106.7597885131836,Medium
14763,124.02265930175781,Medium
14764,89.75717163085938,Low
14765,81.91737365722656,Low
14766,141.0089874267578,High
14767,142.1441650390625,High
14768,126.22819519042969,Medium
14769,126.34013366699219,Medium
14770,78.96886444091797,Low
14771,76.15811157226562,Low
14772,108.82501220703125,Medium
14773,57.81044006347656,Low
14774,129.35528564453125,High
14775,121.29717254638672,Medium
14776,137.6110382080078,High
14777,98.66650390625,Low
14778,118.4041976928711,Medium
14779,110.84112548828125,Medium
14780,135.39431762695312,High
14781,106.58953094482422,Medium
14782,123.68193054199219,Medium
14783,79.18474578857422,Low
14784,79.807373046875,Low
14785,105.2646713256836,Medium
14786,118.43592071533203,Medium
14787,76.6973876953125,Low
14788,103.52313232421875,Medium
14789,59.399356842041016,Low
14790,103.26654815673828,Medium
14791,117.40638732910156,Medium
14792,126.38590240478516,Medium
14793,78.26170349121094,Low
14794,104.79523468017578,Medium
14795,115.24098205566406,Medium
14796,94.28785705566406,Low
14797,111.50907135009766,Medium
14798,91.05982971191406,Low
14799,131.6015167236328,High
14800,109.03682708740234,Medium
14801,73.63188171386719,Low
14802,77.82759094238281,Low
14803,129.75970458984375,High
14804,82.35993194580078,Low
14805,98.97457122802734,Low
14806,154.70672607421875,High
14807,89.15156555175781,Low
14808,130.70578002929688,High
14809,90.53227996826172,Low
14810,90.63418579101562,Low
14811,124.25626373291016,Medium
14812,80.82903289794922,Low
14813,148.82933044433594,High
14814,203.41241455078125,High
14815,73.97264862060547,Low
14816,129.68344116210938,High
14817,114.55081176757812,Medium
14818,102.38823699951172,Medium
14819,112.57046508789062,Medium
14820,63.88895034790039,Low
14821,105.4579086303711,Medium
14822,111.83135223388672,Medium
14823,243.875244140625,High
14824,132.11355590820312,High
14825,120.11022186279297,Medium
14826,122.68728637695312,Medium
14827,157.20169067382812,High
14828,123.65507507324219,Medium
14829,126.22819519042969,Medium
14830,103.1831283569336,Medium
14831,124.47926330566406,Medium
14832,255.1992950439453,High
14833,128.63182067871094,High
14834,121.5209732055664,Medium
14835,124.30775451660156,Medium
14836,107.3453140258789,Medium
14837,229.67807006835938,High
14838,118.20006561279297,Medium
14839,122.97960662841797,Medium
14840,106.4296875,Medium
14841,65.74007415771484,Low
14842,85.87377166748047,Low
14843,100.37393951416016,Low
14844,127.8834457397461,High
14845,197.61000061035156,High
14846,177.2115936279297,High
14847,106.39392852783203,Medium
14848,104.28836822509766,Medium
14849,84.01994323730469,Low
14850,205.7199249267578,High
14851,120.20076751708984,Medium
14852,90.92153930664062,Low
14853,84.41604614257812,Low
14854,143.66915893554688,High
14855,97.68293762207031,Low
14856,125.07624816894531,Medium
14857,100.97525024414062,Medium
14858,92.27716064453125,Low
14859,152.1787872314453,High
14860,152.9895477294922,High
14861,215.0352783203125,High
14862,124.25626373291016,Medium
14863,130.10653686523438,High
14864,73.94432067871094,Low
14865,79.5223159790039,Low
14866,93.36246490478516,Low
14867,133.40814208984375,High
14868,110.24140930175781,Medium
14869,102.5298843383789,Medium
14870,296.18450927734375,High
14871,80.71613311767578,Low
14872,118.79792785644531,Medium
14873,103.11541748046875,Medium
14874,123.31477355957031,Medium
14875,108.50798034667969,Medium
14876,126.22819519042969,Medium
14877,114.36176300048828,Medium
14878,81.71829986572266,Low
14879,83.94133758544922,Low
14880,114.47793579101562,Medium
14881,175.38516235351562,High
14882,146.0701904296875,High
14883,127.54432678222656,High
14884,175.0194854736328,High
14885,110.17697143554688,Medium
14886,123.84452056884766,Medium
14887,143.71897888183594,High
14888,93.88546752929688,Low
14889,72.10054016113281,Low
14890,192.10458374023438,High
14891,151.22865295410156,High
14892,117.46300506591797,Medium
14893,119.4902572631836,Medium
14894,127.90060424804688,High
14895,103.12287902832031,Medium
14896,137.25894165039062,High
14897,88.62783813476562,Low
14898,169.13516235351562,High
14899,140.02354431152344,High
14900,99.02792358398438,Low
14901,106.19832611083984,Medium
14902,118.93617248535156,Medium
14903,94.72994995117188,Low
14904,160.7676544189453,High
14905,96.74694061279297,Low
14906,149.24649047851562,High
14907,113.36620330810547,Medium
14908,112.21392822265625,Medium
14909,92.21783447265625,Low
14910,76.08158111572266,Low
14911,157.72445678710938,High
14912,103.98089599609375,Medium
14913,130.37008666992188,High
14914,83.44812774658203,Low
14915,127.59587097167969,High
14916,122.43519592285156,Medium
14917,153.37710571289062,High
14918,67.38102722167969,Low
14919,108.23760223388672,Medium
14920,153.5922393798828,High
14921,80.5430908203125,Low
14922,102.16719055175781,Medium
14923,130.90606689453125,High
14924,133.25857543945312,High
14925,128.7391815185547,High
14926,96.59672546386719,Low
14927,125.6053237915039,Medium
14928,86.68589782714844,Low
14929,122.74137878417969,Medium
14930,207.7537078857422,High
14931,115.5042724609375,Medium
14932,133.1814727783203,High
14933,93.67303466796875,Low
14934,92.83223724365234,Low
14935,66.24424743652344,Low
14936,124.80611419677734,Medium
14937,78.45463562011719,Low
14938,274.44775390625,High
14939,67.15571594238281,Low
14940,142.15142822265625,High
14941,124.19815063476562,Medium
14942,222.77593994140625,High
14943,94.73175811767578,Low
14944,215.60267639160156,High
14945,126.48463439941406,Medium
14946,147.43350219726562,High
14947,150.83937072753906,High
14948,176.89208984375,High
14949,81.1922607421875,Low
14950,215.415771484375,High
14951,135.80787658691406,High
14952,118.88330841064453,Medium
14953,121.83717346191406,Medium
14954,104.76840209960938,Medium
14955,76.35919189453125,Low
14956,123.95246887207031,Medium
14957,108.19892883300781,Medium
14958,129.6725311279297,High
14959,114.66765594482422,Medium
14960,144.5819854736328,High
14961,83.74523162841797,Low
14962,132.809814453125,High
14963,168.0771942138672,High
14964,91.63208770751953,Low
14965,136.93116760253906,High
14966,128.6111602783203,High
14967,134.80050659179688,High
14968,125.55125427246094,Medium
14969,134.97300720214844,High
14970,83.36116790771484,Low
14971,109.49396514892578,Medium
14972,68.25956726074219,Low
14973,101.50180053710938,Medium
14974,126.98436737060547,Medium
14975,103.98992919921875,Medium
14976,127.29348754882812,Medium
14977,87.08454132080078,Low
14978,84.30176544189453,Low
14979,124.19898223876953,Medium
14980,63.57701873779297,Low
14981,125.62552642822266,Medium
14982,60.33860397338867,Low
14983,106.72793579101562,Medium
14984,114.55352020263672,Medium
14985,93.67080688476562,Low
14986,92.31281280517578,Low
14987,133.67428588867188,High
14988,126.25243377685547,Medium
14989,92.91295623779297,Low
14990,77.81851196289062,Low
14991,192.9044189453125,High
14992,100.80379486083984,Medium
14993,117.00637817382812,Medium
14994,126.70978546142578,Medium
14995,64.38429260253906,Low
14996,154.8623809814453,High
14997,102.30775451660156,Medium
14998,79.6290283203125,Low
14999,98.85812377929688,Low
